data,hora,data_hora,ano,mes,dia_semana,hora_dia,periodo_dia,uf,municipio,regiao_grande_vitoria,rodovia,rodovia_label,km,latitude,longitude,causa,tipo_acidente,classificacao,fase_dia,sentido_via,condicao_metereologica,tipo_pista,tracado_via,uso_solo,mortos,feridos_graves,feridos_leves,feridos,ilesos,ignorados,veiculos,pessoas,regional,delegacia,uop,risco_alto,nivel_risco
2025-06-23,18:00,2025-06-23 18:00:00,2025.0,6.0,segunda,18.0,noite,ES,GUARAPARI,True,101.0,BR-101,329.8,-20.591389,-40.499247,Conversão proibida,Colisão transversal,Com Vítimas Feridas,Plena Noite,Decrescente,Céu Claro,Dupla,Reta;Retorno Regulamentado,Não,0.0,0.0,1.0,1.0,4.0,0.0,2.0,5.0,SPRF-ES,DEL03-ES,UOP01-DEL03-ES,0,moderado
2025-06-24,08:10,2025-06-24 08:10:00,2025.0,6.0,terca,8.0,manha,ES,VILA VELHA,True,101.0,BR-101,312.0,-20.437771,-40.4595223,Reação tardia ou ineficiente do condutor,Colisão lateral mesmo sentido,Com Vítimas Feridas,Pleno dia,Decrescente,Céu Claro,Dupla,Reta,Não,0.0,0.0,1.0,1.0,1.0,0.0,2.0,2.0,SPRF-ES,DEL01-ES,UOP01-DEL01-ES,0,moderado
2025-06-24,15:40,2025-06-24 15:40:00,2025.0,6.0,terca,15.0,tarde,ES,FUNDAO,True,101.0,BR-101,230.0,-19.98322683,-40.41366609,Condutor Dormindo,Colisão frontal,Com Vítimas Feridas,Pleno dia,Crescente,Céu Claro,Simples,Curva,Não,0.0,0.0,1.0,1.0,2.0,2.0,5.0,4.0,SPRF-ES,DEL02-ES,UOP01-DEL02-ES,0,moderado
2025-06-26,04:20,2025-06-26 04:20:00,2025.0,6.0,quinta,4.0,madrugada,ES,SERRA,True,101.0,BR-101,8.6,-20.129867,-40.338686,Reação tardia ou ineficiente do condutor,Colisão com objeto,Sem Vítimas,Plena Noite,Crescente,Céu Claro,Dupla,Curva,Não,0.0,0.0,0.0,0.0,1.0,0.0,1.0,1.0,SPRF-ES,DEL02-ES,UOP01-DEL02-ES,0,baixo
2025-06-26,08:00,2025-06-26 08:00:00,2025.0,6.0,quinta,8.0,manha,ES,VILA VELHA,True,101.0,BR-101,314.1,-20.464522,-40.465338,Demais falhas mecânicas ou elétricas,Tombamento,Com Vítimas Feridas,Pleno dia,Decrescente,Céu Claro,Dupla,Reta,Não,0.0,0.0,1.0,1.0,0.0,1.0,2.0,2.0,SPRF-ES,DEL01-ES,UOP01-DEL01-ES,0,moderado
2025-07-01,07:50,2025-07-01 07:50:00,2025.0,7.0,terca,7.0,manha,ES,SERRA,True,101.0,BR-101,276.4,-20.20911167,-40.31606667,Acessar a via sem observar a presença dos outros veículos,Colisão transversal,Com Vítimas Feridas,Pleno dia,Crescente,Sol,Dupla,Reta,Não,0.0,1.0,0.0,1.0,1.0,1.0,3.0,3.0,SPRF-ES,DEL02-ES,UOP01-DEL02-ES,1,grave
2025-07-02,08:40,2025-07-02 08:40:00,2025.0,7.0,quarta,8.0,manha,ES,SERRA,True,101.0,BR-101,277.8,-20.21002025,-40.31698466,Ausência de reação do condutor,Colisão lateral mesmo sentido,Com Vítimas Feridas,Pleno dia,Crescente,Sol,Dupla,Reta,Não,0.0,2.0,0.0,2.0,3.0,1.0,5.0,6.0,SPRF-ES,DEL02-ES,UOP01-DEL02-ES,1,grave
2025-07-03,07:02,2025-07-03 07:02:00,2025.0,7.0,quinta,7.0,manha,ES,SERRA,True,101.0,BR-101,264.0,-20.17465913,-40.26669413,Manobra de mudança de faixa,Tombamento,Com Vítimas Fatais,Pleno dia,Crescente,Chuva,Múltipla,Reta,Sim,1.0,0.0,1.0,1.0,0.0,1.0,2.0,3.0,SPRF-ES,DEL02-ES,UOP01-DEL02-ES,1,fatal
2025-07-05,13:07,2025-07-05 13:07:00,2025.0,7.0,sabado,13.0,tarde,ES,SERRA,True,101.0,BR-101,242.7,-20.03757,-40.39311,Condutor usando celular,Colisão frontal,Com Vítimas Fatais,Pleno dia,Crescente,Céu Claro,Simples,Curva,Não,1.0,1.0,0.0,1.0,0.0,3.0,5.0,3.0,SPRF-ES,DEL02-ES,UOP01-DEL02-ES,1,fatal
2025-07-05,20:10,2025-07-05 20:10:00,2025.0,7.0,sabado,20.0,noite,ES,VILA VELHA,True,101.0,BR-101,314.2,-20.46500915,-40.46546683,Velocidade Incompatível,Colisão com objeto,Com Vítimas Feridas,Plena Noite,Decrescente,Céu Claro,Dupla,Curva,Não,0.0,0.0,1.0,1.0,0.0,1.0,2.0,2.0,SPRF-ES,DEL01-ES,UOP01-DEL01-ES,0,moderado
2025-07-07,07:50,2025-07-07 07:50:00,2025.0,7.0,segunda,7.0,manha,ES,SERRA,True,101.0,BR-101,267.9,-20.2021626,-40.26913762,Acessar a via sem observar a presença dos outros veículos,Colisão transversal,Com Vítimas Feridas,Pleno dia,Crescente,Céu Claro,Múltipla,Interseção de Vias,Sim,0.0,0.0,2.0,2.0,1.0,0.0,2.0,3.0,SPRF-ES,DEL02-ES,UOP01-DEL02-ES,0,moderado
2025-07-07,21:30,2025-07-07 21:30:00,2025.0,7.0,segunda,21.0,noite,ES,SERRA,True,101.0,BR-101,12.5,-20.154161,-40.3477242,Animais na Pista,Atropelamento de Animal,Sem Vítimas,Plena Noite,Crescente,Nublado,Dupla,Reta,Não,0.0,0.0,0.0,0.0,1.0,0.0,1.0,1.0,SPRF-ES,DEL02-ES,UOP01-DEL02-ES,0,baixo
2025-07-09,06:40,2025-07-09 06:40:00,2025.0,7.0,quarta,6.0,manha,ES,VIANA,True,101.0,BR-101,298.2,-20.354467,-40.416822,Acessar a via sem observar a presença dos outros veículos,Colisão lateral mesmo sentido,Com Vítimas Feridas,Pleno dia,Crescente,Nublado,Dupla,Reta,Sim,0.0,0.0,1.0,1.0,1.0,0.0,2.0,2.0,SPRF-ES,DEL01-ES,UOP01-DEL01-ES,0,moderado
2025-07-11,07:15,2025-07-11 07:15:00,2025.0,7.0,sexta,7.0,manha,ES,GUARAPARI,True,101.0,BR-101,332.0,-20.606718,-40.507827,Condutor deixou de manter distância do veículo da frente,Colisão traseira,Com Vítimas Feridas,Amanhecer,Decrescente,Chuva,Dupla,Reta,Não,0.0,1.0,0.0,1.0,1.0,0.0,2.0,2.0,SPRF-ES,DEL03-ES,UOP01-DEL03-ES,1,grave
2025-06-12,10:30,2025-06-12 10:30:00,2025.0,6.0,quinta,10.0,manha,ES,SERRA,True,101.0,BR-101,269.0,-20.2216338,-40.2703312,Ausência de reação do condutor,Colisão lateral mesmo sentido,Com Vítimas Feridas,Pleno dia,Crescente,Céu Claro,Dupla,Reta,Sim,0.0,1.0,0.0,1.0,1.0,2.0,4.0,4.0,SPRF-ES,DEL02-ES,UOP01-DEL02-ES,1,grave
2025-07-14,09:30,2025-07-14 09:30:00,2025.0,7.0,segunda,9.0,manha,ES,FUNDAO,True,101.0,BR-101,231.0,-19.94374081,-40.40621281,Reação tardia ou ineficiente do condutor,Colisão traseira,Com Vítimas Feridas,Pleno dia,Decrescente,Céu Claro,Dupla,Curva,Sim,0.0,1.0,0.0,1.0,8.0,1.0,6.0,10.0,SPRF-ES,DEL02-ES,UOP01-DEL02-ES,1,grave
2025-07-16,04:00,2025-07-16 04:00:00,2025.0,7.0,quarta,4.0,madrugada,ES,SERRA,True,101.0,BR-101,273.0,-20.21588308,-40.2808214,Ausência de reação do condutor,Colisão traseira,Com Vítimas Feridas,Plena Noite,Crescente,Céu Claro,Dupla,Reta,Sim,0.0,1.0,0.0,1.0,1.0,1.0,3.0,3.0,SPRF-ES,DEL02-ES,UOP01-DEL02-ES,1,grave
2025-07-20,09:00,2025-07-20 09:00:00,2025.0,7.0,domingo,9.0,manha,ES,GUARAPARI,True,101.0,BR-101,0.0,-20.6585386,-40.6135151,Condutor Dormindo,Tombamento,Sem Vítimas,Pleno dia,Crescente,Sol,Dupla,Curva;Aclive,Não,0.0,0.0,0.0,0.0,1.0,2.0,2.0,3.0,SPRF-ES,DEL03-ES,UOP02-DEL03-ES,0,baixo
2025-07-22,18:00,2025-07-22 18:00:00,2025.0,7.0,terca,18.0,noite,ES,CARIACICA,True,101.0,BR-101,282.0,-20.2267744,-40.3643961,Objeto estático sobre o leito carroçável,Colisão com objeto,Com Vítimas Feridas,Plena Noite,Crescente,Céu Claro,Dupla,Viaduto,Não,0.0,1.0,0.0,1.0,1.0,0.0,2.0,2.0,SPRF-ES,DEL01-ES,UOP01-DEL01-ES,1,grave
2025-07-24,03:00,2025-07-24 03:00:00,2025.0,7.0,quinta,3.0,madrugada,ES,SERRA,True,101.0,BR-101,272.4,-20.2237503,-40.2876038,Condutor Dormindo,Saída de leito carroçável,Com Vítimas Feridas,Plena Noite,Crescente,Céu Claro,Múltipla,Reta,Sim,0.0,0.0,1.0,1.0,0.0,2.0,3.0,2.0,SPRF-ES,DEL02-ES,UOP01-DEL02-ES,0,moderado
2025-07-24,17:00,2025-07-24 17:00:00,2025.0,7.0,quinta,17.0,tarde,ES,SERRA,True,101.0,BR-101,269.3,-20.22075232,-40.27018563,Acessar a via sem observar a presença dos outros veículos,Colisão lateral mesmo sentido,Com Vítimas Feridas,Anoitecer,Decrescente,Céu Claro,Simples,Reta,Sim,0.0,0.0,1.0,1.0,1.0,0.0,2.0,2.0,SPRF-ES,DEL02-ES,UOP01-DEL02-ES,0,moderado
2025-07-25,08:50,2025-07-25 08:50:00,2025.0,7.0,sexta,8.0,manha,ES,VIANA,True,262.0,BR-262,24.9,-20.37904784,-40.5347965,Demais falhas mecânicas ou elétricas,Incêndio,Sem Vítimas,Pleno dia,Crescente,Céu Claro,Simples,Reta;Aclive,Não,0.0,0.0,0.0,0.0,1.0,0.0,1.0,1.0,SPRF-ES,DEL01-ES,UOP01-DEL01-ES,0,baixo
2025-07-25,19:00,2025-07-25 19:00:00,2025.0,7.0,sexta,19.0,noite,ES,SERRA,True,101.0,BR-101,278.8,-20.218005,-40.339229,Condutor deixou de manter distância do veículo da frente,Colisão traseira,Com Vítimas Feridas,Plena Noite,Crescente,Céu Claro,Múltipla,Curva,Não,0.0,0.0,1.0,1.0,0.0,1.0,2.0,2.0,SPRF-ES,DEL02-ES,UOP01-DEL02-ES,0,moderado
2025-07-28,09:37,2025-07-28 09:37:00,2025.0,7.0,segunda,9.0,manha,ES,CARIACICA,True,101.0,BR-101,291.0,-20.36576062,-40.37303925,Condutor deixou de manter distância do veículo da frente,Colisão traseira,Com Vítimas Feridas,Pleno dia,Decrescente,Sol,Dupla,Reta,Sim,0.0,0.0,1.0,1.0,1.0,0.0,2.0,2.0,SPRF-ES,DEL01-ES,UOP01-DEL01-ES,0,moderado
2025-07-28,14:37,2025-07-28 14:37:00,2025.0,7.0,segunda,14.0,tarde,ES,GUARAPARI,True,101.0,BR-101,344.0,-20.65876971,-40.61394081,Ausência de reação do condutor,Tombamento,Com Vítimas Feridas,Pleno dia,Crescente,Céu Claro,Dupla,Curva,Não,0.0,0.0,1.0,1.0,0.0,1.0,2.0,2.0,SPRF-ES,DEL03-ES,UOP01-DEL03-ES,0,moderado
2025-07-29,07:30,2025-07-29 07:30:00,2025.0,7.0,terca,7.0,manha,ES,SERRA,True,101.0,BR-101,265.4,-20.185471,-40.267666,Condutor deixou de manter distância do veículo da frente,Colisão lateral mesmo sentido,Com Vítimas Fatais,Pleno dia,Crescente,Céu Claro,Múltipla,Reta;Aclive,Sim,1.0,0.0,2.0,2.0,1.0,1.0,5.0,5.0,SPRF-ES,DEL02-ES,UOP01-DEL02-ES,1,fatal
2025-08-04,03:49,2025-08-04 03:49:00,2025.0,8.0,segunda,3.0,madrugada,ES,GUARAPARI,True,101.0,BR-101,337.9,-20.64008814,-40.54699659,Condutor Dormindo,Saída de leito carroçável,Com Vítimas Feridas,Plena Noite,Decrescente,Céu Claro,Dupla,Reta,Não,0.0,0.0,1.0,1.0,0.0,1.0,2.0,2.0,SPRF-ES,DEL03-ES,UOP01-DEL03-ES,0,moderado
2025-07-24,04:50,2025-07-24 04:50:00,2025.0,7.0,quinta,4.0,madrugada,ES,SERRA,True,101.0,BR-101,260.6,-20.14709458,-40.28098404,Ausência de reação do condutor,Saída de leito carroçável,Com Vítimas Feridas,Plena Noite,Crescente,Céu Claro,Dupla,Curva,Sim,0.0,1.0,0.0,1.0,0.0,1.0,2.0,2.0,SPRF-ES,DEL02-ES,UOP01-DEL02-ES,1,grave
2025-08-04,07:30,2025-08-04 07:30:00,2025.0,8.0,segunda,7.0,manha,ES,CARIACICA,True,101.0,BR-101,297.0,-20.346398,-40.4109828,Velocidade Incompatível,Colisão traseira,Com Vítimas Feridas,Pleno dia,Crescente,Céu Claro,Dupla,Reta,Não,0.0,1.0,0.0,1.0,1.0,0.0,2.0,2.0,SPRF-ES,DEL01-ES,UOP01-DEL01-ES,1,grave
2025-08-06,01:57,2025-08-06 01:57:00,2025.0,8.0,quarta,1.0,madrugada,ES,GUARAPARI,True,101.0,BR-101,329.0,-20.58985126,-40.49787319,Ausência de reação do condutor,Tombamento,Com Vítimas Feridas,Plena Noite,Crescente,Céu Claro,Dupla,Curva,Não,0.0,0.0,1.0,1.0,0.0,1.0,2.0,2.0,SPRF-ES,DEL03-ES,UOP01-DEL03-ES,0,moderado
2025-08-08,13:32,2025-08-08 13:32:00,2025.0,8.0,sexta,13.0,tarde,ES,SERRA,True,101.0,BR-101,268.0,-20.19350004,-40.26860386,Ausência de reação do condutor,Colisão traseira,Com Vítimas Feridas,Pleno dia,Crescente,Céu Claro,Múltipla,Interseção de Vias,Sim,0.0,0.0,1.0,1.0,1.0,1.0,3.0,3.0,SPRF-ES,DEL02-ES,UOP01-DEL02-ES,0,moderado
2025-08-11,14:30,2025-08-11 14:30:00,2025.0,8.0,segunda,14.0,tarde,ES,CARIACICA,True,101.0,BR-101,294.7,-20.32858392,-40.39806889,Condutor deixou de manter distância do veículo da frente,Colisão traseira,Com Vítimas Feridas,Pleno dia,Crescente,Céu Claro,Dupla,Reta,Não,0.0,0.0,1.0,1.0,1.0,0.0,2.0,2.0,SPRF-ES,DEL01-ES,UOP01-DEL01-ES,0,moderado
2025-08-11,16:50,2025-08-11 16:50:00,2025.0,8.0,segunda,16.0,tarde,ES,VIANA,True,101.0,BR-101,299.8,-20.357113,-40.429917,Condutor desrespeitou a iluminação vermelha do semáforo,Colisão lateral sentido oposto,Com Vítimas Feridas,Pleno dia,Crescente,Céu Claro,Múltipla,Viaduto,Sim,0.0,0.0,1.0,1.0,1.0,0.0,2.0,2.0,SPRF-ES,DEL01-ES,UOP01-DEL01-ES,0,moderado
2025-08-13,16:30,2025-08-13 16:30:00,2025.0,8.0,quarta,16.0,tarde,ES,VIANA,True,101.0,BR-101,297.6,-20.35064302,-40.41293621,Reação tardia ou ineficiente do condutor,Colisão traseira,Com Vítimas Feridas,Pleno dia,Crescente,Céu Claro,Dupla,Reta,Sim,0.0,0.0,1.0,1.0,1.0,0.0,2.0,2.0,SPRF-ES,DEL01-ES,UOP01-DEL01-ES,0,moderado
2025-08-15,15:55,2025-08-15 15:55:00,2025.0,8.0,sexta,15.0,tarde,ES,VIANA,True,101.0,BR-101,298.8,-20.35825198,-40.42111443,Velocidade Incompatível,Saída de leito carroçável,Com Vítimas Fatais,Pleno dia,Decrescente,Céu Claro,Múltipla,Aclive;Viaduto;Curva,Sim,1.0,0.0,0.0,0.0,0.0,2.0,3.0,3.0,SPRF-ES,DEL01-ES,UOP01-DEL01-ES,1,fatal
2025-08-15,16:10,2025-08-15 16:10:00,2025.0,8.0,sexta,16.0,tarde,ES,CARIACICA,True,101.0,BR-101,289.0,-20.281496,-40.393254,Objeto estático sobre o leito carroçável,Colisão com objeto,Com Vítimas Feridas,Pleno dia,Crescente,Céu Claro,Dupla,Aclive;Reta,Sim,0.0,0.0,2.0,2.0,3.0,1.0,4.0,6.0,SPRF-ES,DEL01-ES,UOP01-DEL01-ES,0,moderado
2025-08-18,07:50,2025-08-18 07:50:00,2025.0,8.0,segunda,7.0,manha,ES,CARIACICA,True,101.0,BR-101,286.7,-20.263472,-40.38244,Trafegar com motocicleta (ou similar) entre as faixas,Colisão traseira,Com Vítimas Feridas,Pleno dia,Decrescente,Céu Claro,Dupla,Reta,Não,0.0,1.0,0.0,1.0,1.0,0.0,2.0,2.0,SPRF-ES,DEL01-ES,UOP01-DEL01-ES,1,grave
2025-08-07,20:15,2025-08-07 20:15:00,2025.0,8.0,quinta,20.0,noite,ES,GUARAPARI,True,101.0,BR-101,341.9,-20.6375918,-40.5423498,Avarias e/ou desgaste excessivo no pneu,Saída de leito carroçável,Com Vítimas Feridas,Plena Noite,Crescente,Céu Claro,Dupla,Reta,Não,0.0,0.0,2.0,2.0,1.0,1.0,3.0,4.0,SPRF-ES,DEL03-ES,UOP01-DEL03-ES,0,moderado
2025-06-05,19:00,2025-06-05 19:00:00,2025.0,6.0,quinta,19.0,noite,ES,CARIACICA,True,101.0,BR-101,294.0,-20.32407,-40.395329,Velocidade Incompatível,Colisão traseira,Com Vítimas Feridas,Plena Noite,Crescente,Céu Claro,Dupla,Declive;Curva,Não,0.0,1.0,0.0,1.0,3.0,1.0,4.0,5.0,SPRF-ES,DEL01-ES,UOP01-DEL01-ES,1,grave
2025-08-21,18:06,2025-08-21 18:06:00,2025.0,8.0,quinta,18.0,noite,ES,CARIACICA,True,101.0,BR-101,294.3,-20.3294315,-40.3984085,Problema com o freio,Colisão traseira,Com Vítimas Feridas,Plena Noite,Crescente,Nublado,Dupla,Reta,Sim,0.0,1.0,1.0,2.0,2.0,1.0,4.0,5.0,SPRF-ES,DEL01-ES,UOP01-DEL01-ES,1,grave
2025-08-22,17:20,2025-08-22 17:20:00,2025.0,8.0,sexta,17.0,tarde,ES,CARIACICA,True,101.0,BR-101,282.9,-20.22729265,-40.36510913,Reação tardia ou ineficiente do condutor,Tombamento,Com Vítimas Feridas,Anoitecer,Crescente,Céu Claro,Dupla,Reta,Sim,0.0,0.0,1.0,1.0,1.0,0.0,2.0,2.0,SPRF-ES,DEL01-ES,UOP01-DEL01-ES,0,moderado
2025-08-26,10:44,2025-08-26 10:44:00,2025.0,8.0,terca,10.0,manha,ES,SERRA,True,101.0,BR-101,268.0,-20.1547043,-40.269764,Ausência de reação do condutor,Colisão lateral mesmo sentido,Com Vítimas Feridas,Pleno dia,Crescente,Céu Claro,Dupla,Reta,Sim,0.0,0.0,1.0,1.0,1.0,0.0,2.0,2.0,SPRF-ES,DEL02-ES,UOP01-DEL02-ES,0,moderado
2025-08-26,17:15,2025-08-26 17:15:00,2025.0,8.0,terca,17.0,tarde,ES,SERRA,True,101.0,BR-101,280.6,-20.21913333,-40.35536667,Acessar a via sem observar a presença dos outros veículos,Colisão transversal,Com Vítimas Feridas,Anoitecer,Crescente,Nublado,Dupla,Reta,Não,0.0,1.0,0.0,1.0,1.0,1.0,3.0,3.0,SPRF-ES,DEL02-ES,UOP01-DEL02-ES,1,grave
2025-08-29,14:50,2025-08-29 14:50:00,2025.0,8.0,sexta,14.0,tarde,ES,VIANA,True,101.0,BR-101,298.6,-20.35702039,-40.41938424,Manobra de mudança de faixa,Colisão lateral mesmo sentido,Com Vítimas Feridas,Pleno dia,Decrescente,Céu Claro,Dupla,Reta;Retorno Regulamentado,Sim,0.0,0.0,1.0,1.0,1.0,0.0,2.0,2.0,SPRF-ES,DEL01-ES,UOP01-DEL01-ES,0,moderado
2025-06-03,00:30,2025-06-03 00:30:00,2025.0,6.0,terca,0.0,madrugada,ES,CARIACICA,True,101.0,BR-101,295.3,-20.33226236,-40.40030956,Condutor deixou de manter distância do veículo da frente,Colisão traseira,Com Vítimas Feridas,Plena Noite,Decrescente,Chuva,Dupla,Reta,Não,0.0,1.0,0.0,1.0,0.0,1.0,2.0,2.0,SPRF-ES,DEL01-ES,UOP01-DEL01-ES,1,grave
2025-09-01,15:10,2025-09-01 15:10:00,2025.0,9.0,segunda,15.0,tarde,ES,SERRA,True,101.0,BR-101,1.0,-20.07018122,-40.36432743,Reação tardia ou ineficiente do condutor,Tombamento,Com Vítimas Feridas,Pleno dia,Crescente,Chuva,Dupla,Curva,Não,0.0,0.0,1.0,1.0,0.0,1.0,2.0,2.0,SPRF-ES,DEL02-ES,UOP01-DEL02-ES,0,moderado
2025-03-19,05:40,2025-03-19 05:40:00,2025.0,3.0,quarta,5.0,madrugada,ES,SERRA,True,101.0,BR-101,3.2,-20.11136907,-40.34649567,Condutor Dormindo,Colisão traseira,Sem Vítimas,Amanhecer,Decrescente,Céu Claro,Simples,Reta,Não,0.0,0.0,0.0,0.0,2.0,4.0,6.0,3.0,SPRF-ES,DEL02-ES,UOP01-DEL02-ES,0,baixo
2025-09-02,19:40,2025-09-02 19:40:00,2025.0,9.0,terca,19.0,noite,ES,VIANA,True,101.0,BR-101,299.0,-20.35783825,-40.42699551,Acumulo de água sobre o pavimento,Colisão com objeto,Sem Vítimas,Plena Noite,Crescente,Chuva,Dupla,Curva,Sim,0.0,0.0,0.0,0.0,1.0,0.0,1.0,1.0,SPRF-ES,DEL01-ES,UOP01-DEL01-ES,0,baixo
2025-09-03,03:20,2025-09-03 03:20:00,2025.0,9.0,quarta,3.0,madrugada,ES,GUARAPARI,True,101.0,BR-101,330.5,-20.59532329,-40.50277124,Ausência de reação do condutor,Tombamento,Sem Vítimas,Plena Noite,Crescente,Céu Claro,Dupla,Curva,Não,0.0,0.0,0.0,0.0,1.0,1.0,2.0,2.0,SPRF-ES,DEL03-ES,UOP01-DEL03-ES,0,baixo
2025-09-06,20:40,2025-09-06 20:40:00,2025.0,9.0,sabado,20.0,noite,ES,VIANA,True,101.0,BR-101,303.0,-20.3827311,-40.4596009,Condutor usando celular,Saída de leito carroçável,Sem Vítimas,Plena Noite,Crescente,Nublado,Múltipla,Reta,Sim,0.0,0.0,0.0,0.0,1.0,1.0,2.0,2.0,SPRF-ES,DEL01-ES,UOP01-DEL01-ES,0,baixo
2025-09-09,15:50,2025-09-09 15:50:00,2025.0,9.0,terca,15.0,tarde,ES,SERRA,True,101.0,BR-101,262.8,-20.1637356,-40.27451181,Falta de acostamento,Colisão lateral mesmo sentido,Com Vítimas Feridas,Pleno dia,Decrescente,Sol,Dupla,Reta,Sim,0.0,0.0,1.0,1.0,1.0,0.0,2.0,2.0,SPRF-ES,DEL02-ES,UOP01-DEL02-ES,0,moderado
2025-09-10,06:30,2025-09-10 06:30:00,2025.0,9.0,quarta,6.0,manha,ES,SERRA,True,101.0,BR-101,14.8,-20.18072549,-40.3403306,Reação tardia ou ineficiente do condutor,Tombamento,Com Vítimas Feridas,Pleno dia,Crescente,Céu Claro,Dupla,Reta,Não,0.0,0.0,1.0,1.0,0.0,0.0,1.0,1.0,SPRF-ES,DEL02-ES,UOP01-DEL02-ES,0,moderado
2025-09-10,19:00,2025-09-10 19:00:00,2025.0,9.0,quarta,19.0,noite,ES,SERRA,True,101.0,BR-101,16.7,-20.07971406,-40.36634445,Ausência de reação do condutor,Colisão com objeto,Sem Vítimas,Plena Noite,Crescente,Céu Claro,Dupla,Curva,Não,0.0,0.0,0.0,0.0,1.0,1.0,2.0,2.0,SPRF-ES,DEL02-ES,UOP01-DEL02-ES,0,baixo
2025-09-10,21:10,2025-09-10 21:10:00,2025.0,9.0,quarta,21.0,noite,ES,VILA VELHA,True,101.0,BR-101,315.0,-20.47643682,-40.47060582,Velocidade Incompatível,Tombamento,Com Vítimas Feridas,Plena Noite,Decrescente,Nublado,Dupla,Aclive;Curva,Não,0.0,0.0,1.0,1.0,0.0,1.0,2.0,2.0,SPRF-ES,DEL01-ES,UOP01-DEL01-ES,0,moderado
2025-09-03,14:00,2025-09-03 14:00:00,2025.0,9.0,quarta,14.0,tarde,ES,SERRA,True,101.0,BR-101,281.0,-20.22191,-40.35798,Acessar a via sem observar a presença dos outros veículos,Colisão traseira,Com Vítimas Feridas,Pleno dia,Crescente,Nublado,Dupla,Retorno Regulamentado;Reta,Não,0.0,0.0,1.0,1.0,5.0,0.0,2.0,6.0,SPRF-ES,DEL02-ES,UOP01-DEL02-ES,0,moderado
2025-09-12,00:00,2025-09-12 00:00:00,2025.0,9.0,sexta,0.0,madrugada,ES,CARIACICA,True,101.0,BR-101,310.0,-20.3372167,-40.384865,Ingestão de álcool pelo condutor,Saída de leito carroçável,Com Vítimas Feridas,Plena Noite,Crescente,Céu Claro,Dupla,Curva,Não,0.0,0.0,1.0,1.0,0.0,0.0,1.0,1.0,SPRF-ES,DEL01-ES,UOP01-DEL01-ES,0,moderado
2025-09-13,05:15,2025-09-13 05:15:00,2025.0,9.0,sabado,5.0,madrugada,ES,CARIACICA,True,101.0,BR-101,294.0,-20.3226261,-40.3951829,Ausência de reação do condutor,Colisão com objeto,Com Vítimas Feridas,Amanhecer,Crescente,Chuva,Dupla,Reta,Não,0.0,0.0,1.0,1.0,1.0,0.0,1.0,2.0,SPRF-ES,DEL01-ES,UOP01-DEL01-ES,0,moderado
2025-09-16,18:50,2025-09-16 18:50:00,2025.0,9.0,terca,18.0,noite,ES,CARIACICA,True,101.0,BR-101,288.0,-20.27330493,-40.39187908,Acessar a via sem observar a presença dos outros veículos,Colisão transversal,Com Vítimas Feridas,Plena Noite,Crescente,Céu Claro,Dupla,Interseção de Vias,Sim,0.0,1.0,0.0,1.0,1.0,1.0,3.0,3.0,SPRF-ES,DEL01-ES,UOP01-DEL01-ES,1,grave
2025-09-17,10:00,2025-09-17 10:00:00,2025.0,9.0,quarta,10.0,manha,ES,FUNDAO,True,101.0,BR-101,229.8,-19.9349553,-40.4055385,Conversão proibida,Colisão transversal,Com Vítimas Feridas,Pleno dia,Crescente,Sol,Simples,Reta,Sim,0.0,1.0,1.0,2.0,1.0,2.0,4.0,4.0,SPRF-ES,DEL02-ES,UOP01-DEL02-ES,1,grave
2025-09-18,21:56,2025-09-18 21:56:00,2025.0,9.0,quinta,21.0,noite,ES,CARIACICA,True,101.0,BR-101,287.0,-20.266128,-40.386141,Condutor deixou de manter distância do veículo da frente,Colisão lateral mesmo sentido,Com Vítimas Feridas,Plena Noite,Crescente,Céu Claro,Dupla,Reta,Sim,0.0,0.0,3.0,3.0,0.0,1.0,2.0,4.0,SPRF-ES,DEL01-ES,UOP01-DEL01-ES,0,moderado
2025-09-19,11:40,2025-09-19 11:40:00,2025.0,9.0,sexta,11.0,manha,ES,SERRA,True,101.0,BR-101,9.0,-20.13582,-40.33955,Avarias e/ou desgaste excessivo no pneu,Colisão traseira,Com Vítimas Feridas,Pleno dia,Crescente,Chuva,Dupla,Reta,Não,0.0,1.0,1.0,2.0,3.0,1.0,4.0,6.0,SPRF-ES,DEL02-ES,UOP01-DEL02-ES,1,grave