data,hora,data_hora,ano,mes,dia_semana,hora_dia,periodo_dia,uf,municipio,regiao_grande_vitoria,rodovia,rodovia_label,km,latitude,longitude,causa,tipo_acidente,classificacao,fase_dia,sentido_via,condicao_metereologica,tipo_pista,tracado_via,uso_solo,mortos,feridos_graves,feridos_leves,feridos,ilesos,ignorados,veiculos,pessoas,regional,delegacia,uop,risco_alto,nivel_risco
2025-09-23,01:30,2025-09-23 01:30:00,2025.0,9.0,terca,1.0,madrugada,ES,VIANA,True,101.0,BR-101,299.9,-20.35722526,-40.43004436,Acessar a via sem observar a presença dos outros veículos,Colisão transversal,Com Vítimas Feridas,Plena Noite,Crescente,Chuva,Dupla,Viaduto;Reta,Sim,0.0,1.0,0.0,1.0,1.0,0.0,2.0,2.0,SPRF-ES,DEL01-ES,UOP01-DEL01-ES,1,grave
2025-09-24,16:15,2025-09-24 16:15:00,2025.0,9.0,quarta,16.0,tarde,ES,SERRA,True,101.0,BR-101,264.0,-20.17761881,-40.26561141,Ausência de reação do condutor,Colisão traseira,Com Vítimas Feridas,Pleno dia,Crescente,Nublado,Múltipla,Reta,Sim,0.0,1.0,0.0,1.0,1.0,2.0,4.0,3.0,SPRF-ES,DEL02-ES,UOP01-DEL02-ES,1,grave
2025-09-25,17:00,2025-09-25 17:00:00,2025.0,9.0,quinta,17.0,tarde,ES,CARIACICA,True,101.0,BR-101,292.7,-20.31286567,-40.39578438,Ausência de reação do condutor,Colisão lateral mesmo sentido,Com Vítimas Feridas,Pleno dia,Crescente,Nublado,Múltipla,Reta,Sim,0.0,1.0,0.0,1.0,0.0,1.0,2.0,2.0,SPRF-ES,DEL01-ES,UOP01-DEL01-ES,1,grave
2025-09-26,10:20,2025-09-26 10:20:00,2025.0,9.0,sexta,10.0,manha,ES,VIANA,True,101.0,BR-101,302.6,-20.373942,-40.442633,Manobra de mudança de faixa,Colisão lateral mesmo sentido,Com Vítimas Feridas,Pleno dia,Crescente,Nublado,Dupla,Reta,Sim,0.0,0.0,2.0,2.0,1.0,1.0,3.0,4.0,SPRF-ES,DEL01-ES,UOP01-DEL01-ES,0,moderado
2025-09-29,06:09,2025-09-29 06:09:00,2025.0,9.0,segunda,6.0,manha,ES,CARIACICA,True,101.0,BR-101,290.0,-20.29395873,-40.39376736,Acessar a via sem observar a presença dos outros veículos,Colisão transversal,Com Vítimas Feridas,Pleno dia,Crescente,Céu Claro,Dupla,Declive;Retorno Regulamentado,Sim,0.0,1.0,0.0,1.0,1.0,2.0,4.0,4.0,SPRF-ES,DEL01-ES,UOP01-DEL01-ES,1,grave
2025-09-30,17:20,2025-09-30 17:20:00,2025.0,9.0,terca,17.0,tarde,ES,SERRA,True,101.0,BR-101,270.4,-20.22775153,-40.27125986,Reação tardia ou ineficiente do condutor,Colisão traseira,Com Vítimas Feridas,Anoitecer,Crescente,Nublado,Múltipla,Reta,Sim,0.0,2.0,1.0,3.0,2.0,0.0,4.0,5.0,SPRF-ES,DEL02-ES,UOP01-DEL02-ES,1,grave
2025-10-02,06:50,2025-10-02 06:50:00,2025.0,10.0,quinta,6.0,manha,ES,VIANA,True,262.0,BR-262,30.0,-20.38371,-40.50002,Demais falhas mecânicas ou elétricas,Incêndio,Sem Vítimas,Pleno dia,Decrescente,Céu Claro,Simples,Curva;Declive,Não,0.0,0.0,0.0,0.0,1.0,3.0,4.0,2.0,SPRF-ES,DEL01-ES,UOP01-DEL01-ES,0,baixo
2025-10-02,10:14,2025-10-02 10:14:00,2025.0,10.0,quinta,10.0,manha,ES,SERRA,True,101.0,BR-101,245.3,-20.05802466,-40.3791068,Manobra de mudança de faixa,Colisão lateral mesmo sentido,Com Vítimas Feridas,Pleno dia,Decrescente,Céu Claro,Dupla,Reta;Em Obras,Não,0.0,0.0,3.0,3.0,1.0,0.0,2.0,4.0,SPRF-ES,DEL02-ES,UOP01-DEL02-ES,0,moderado
2025-10-03,07:00,2025-10-03 07:00:00,2025.0,10.0,sexta,7.0,manha,ES,CARIACICA,True,101.0,BR-101,290.3,-20.292215,-40.3921267,Manobra de mudança de faixa,Colisão lateral mesmo sentido,Com Vítimas Feridas,Pleno dia,Decrescente,Nublado,Dupla,Reta,Sim,0.0,0.0,1.0,1.0,0.0,1.0,2.0,2.0,SPRF-ES,DEL01-ES,UOP01-DEL01-ES,0,moderado
2025-08-14,19:45,2025-08-14 19:45:00,2025.0,8.0,quinta,19.0,noite,ES,SERRA,True,101.0,BR-101,264.6,-20.17860167,-40.26508333,Condutor desrespeitou a iluminação vermelha do semáforo,Colisão transversal,Com Vítimas Feridas,Pleno dia,Crescente,Nublado,Múltipla,Reta,Sim,0.0,0.0,1.0,1.0,0.0,3.0,3.0,4.0,SPRF-ES,DEL02-ES,UOP01-DEL02-ES,0,moderado
2025-10-04,14:25,2025-10-04 14:25:00,2025.0,10.0,sabado,14.0,tarde,ES,GUARAPARI,True,101.0,BR-101,337.0,-20.638364,-40.543931,Manobra de mudança de faixa,Colisão traseira,Com Vítimas Feridas,Pleno dia,Decrescente,Céu Claro,Dupla,Reta,Não,0.0,0.0,2.0,2.0,2.0,2.0,4.0,6.0,SPRF-ES,DEL03-ES,UOP01-DEL03-ES,0,moderado
2025-10-05,13:10,2025-10-05 13:10:00,2025.0,10.0,domingo,13.0,tarde,ES,SERRA,True,101.0,BR-101,255.4,-20.11733,-40.31448833,Condutor deixou de manter distância do veículo da frente,Colisão traseira,Com Vítimas Feridas,Pleno dia,Crescente,Nublado,Simples,Reta,Sim,0.0,0.0,2.0,2.0,1.0,1.0,3.0,4.0,SPRF-ES,DEL02-ES,UOP01-DEL02-ES,0,moderado
2025-09-22,06:40,2025-09-22 06:40:00,2025.0,9.0,segunda,6.0,manha,ES,SERRA,True,101.0,BR-101,270.0,-20.229059,-40.272121,Manobra de mudança de faixa,Colisão lateral mesmo sentido,Com Vítimas Feridas,Pleno dia,Decrescente,Céu Claro,Dupla,Reta,Sim,0.0,0.0,1.0,1.0,0.0,3.0,3.0,4.0,SPRF-ES,DEL02-ES,UOP01-DEL02-ES,0,moderado
2025-07-26,14:00,2025-07-26 14:00:00,2025.0,7.0,sabado,14.0,tarde,ES,SERRA,True,101.0,BR-101,259.0,-20.14223891,-40.29182919,Ultrapassagem Indevida,Colisão frontal,Com Vítimas Feridas,Pleno dia,Crescente,Céu Claro,Simples,Reta,Não,0.0,0.0,1.0,1.0,1.0,0.0,2.0,2.0,SPRF-ES,DEL02-ES,UOP01-DEL02-ES,0,moderado
2025-10-16,19:47,2025-10-16 19:47:00,2025.0,10.0,quinta,19.0,noite,ES,FUNDAO,True,101.0,BR-101,229.0,-19.93462494,-40.40380284,Pedestre andava na pista,Atropelamento de Pedestre,Com Vítimas Feridas,Plena Noite,Decrescente,Céu Claro,Simples,Reta,Não,0.0,0.0,1.0,1.0,1.0,1.0,3.0,3.0,SPRF-ES,DEL02-ES,UOP01-DEL02-ES,0,moderado
2025-10-17,04:50,2025-10-17 04:50:00,2025.0,10.0,sexta,4.0,madrugada,ES,SERRA,True,101.0,BR-101,7.0,-20.124457,-40.34177,Reação tardia ou ineficiente do condutor,Colisão com objeto,Sem Vítimas,Pleno dia,Crescente,Céu Claro,Dupla,Reta,Não,0.0,0.0,0.0,0.0,1.0,1.0,2.0,2.0,SPRF-ES,DEL02-ES,UOP01-DEL02-ES,0,baixo
2025-10-17,06:27,2025-10-17 06:27:00,2025.0,10.0,sexta,6.0,manha,ES,VILA VELHA,True,101.0,BR-101,311.6,-20.439967,-40.459858,Ausência de reação do condutor,Colisão transversal,Com Vítimas Fatais,Pleno dia,Decrescente,Céu Claro,Dupla,Declive;Reta,Não,1.0,0.0,1.0,1.0,1.0,1.0,4.0,4.0,SPRF-ES,DEL01-ES,UOP01-DEL01-ES,1,fatal
2025-10-17,09:59,2025-10-17 09:59:00,2025.0,10.0,sexta,9.0,manha,ES,VIANA,True,101.0,BR-101,301.6,-20.365327,-40.443573,Ausência de reação do condutor,Colisão traseira,Com Vítimas Feridas,Pleno dia,Crescente,Sol,Dupla,Curva,Sim,0.0,0.0,1.0,1.0,2.0,0.0,2.0,3.0,SPRF-ES,DEL01-ES,UOP01-DEL01-ES,0,moderado
2025-10-18,04:30,2025-10-18 04:30:00,2025.0,10.0,sabado,4.0,madrugada,ES,SERRA,True,101.0,BR-101,269.5,-20.22232595,-40.27037412,Curva acentuada,Tombamento,Com Vítimas Feridas,Amanhecer,Crescente,Céu Claro,Dupla,Reta;Retorno Regulamentado,Sim,0.0,0.0,1.0,1.0,0.0,1.0,2.0,2.0,SPRF-ES,DEL02-ES,UOP01-DEL02-ES,0,moderado
2025-10-20,12:48,2025-10-20 12:48:00,2025.0,10.0,segunda,12.0,tarde,ES,FUNDAO,True,101.0,BR-101,233.0,-19.98486955,-40.41403961,Velocidade Incompatível,Colisão lateral mesmo sentido,Com Vítimas Feridas,Pleno dia,Crescente,Céu Claro,Simples,Declive;Reta,Não,0.0,1.0,0.0,1.0,1.0,1.0,3.0,3.0,SPRF-ES,DEL02-ES,UOP01-DEL02-ES,1,grave
2025-10-20,11:30,2025-10-20 11:30:00,2025.0,10.0,segunda,11.0,manha,ES,SERRA,True,101.0,BR-101,268.0,-20.20120597,-40.2689491,Manobra de mudança de faixa,Colisão lateral mesmo sentido,Com Vítimas Feridas,Pleno dia,Decrescente,Nublado,Múltipla,Reta,Não,0.0,0.0,1.0,1.0,1.0,0.0,2.0,2.0,SPRF-ES,DEL02-ES,UOP01-DEL02-ES,0,moderado
2025-10-20,22:00,2025-10-20 22:00:00,2025.0,10.0,segunda,22.0,noite,ES,VILA VELHA,True,101.0,BR-101,318.0,-20.494267,-40.47653,Ausência de reação do condutor,Colisão traseira,Com Vítimas Feridas,Plena Noite,Crescente,Nublado,Dupla,Aclive;Reta,Não,0.0,0.0,2.0,2.0,1.0,0.0,2.0,3.0,SPRF-ES,DEL01-ES,UOP01-DEL01-ES,0,moderado
2025-10-22,10:20,2025-10-22 10:20:00,2025.0,10.0,quarta,10.0,manha,ES,SERRA,True,101.0,BR-101,270.0,-20.22951292,-40.2728641,Pedestre cruzava a pista fora da faixa,Atropelamento de Pedestre,Com Vítimas Feridas,Pleno dia,Decrescente,Céu Claro,Dupla,Reta;Interseção de Vias,Sim,0.0,1.0,0.0,1.0,1.0,0.0,2.0,2.0,SPRF-ES,DEL02-ES,UOP01-DEL02-ES,1,grave
2025-10-22,17:00,2025-10-22 17:00:00,2025.0,10.0,quarta,17.0,tarde,ES,SERRA,True,101.0,BR-101,278.2,-20.216985,-40.332365,Ausência de reação do condutor,Tombamento,Com Vítimas Feridas,Pleno dia,Crescente,Nublado,Simples,Aclive;Curva;Retorno Regulamentado,Sim,0.0,0.0,1.0,1.0,0.0,1.0,2.0,2.0,SPRF-ES,DEL02-ES,UOP01-DEL02-ES,0,moderado
2025-10-22,18:00,2025-10-22 18:00:00,2025.0,10.0,quarta,18.0,noite,ES,SERRA,True,101.0,BR-101,269.0,-20.23232831,-40.27447343,Acessar a via sem observar a presença dos outros veículos,Colisão traseira,Com Vítimas Feridas,Plena Noite,Crescente,Garoa/Chuvisco,Dupla,Reta,Sim,0.0,0.0,1.0,1.0,2.0,0.0,3.0,3.0,SPRF-ES,DEL02-ES,UOP01-DEL02-ES,0,moderado
2025-10-23,22:50,2025-10-23 22:50:00,2025.0,10.0,quinta,22.0,noite,ES,CARIACICA,True,101.0,BR-101,293.6,-20.320897,-40.3960111,Velocidade Incompatível,Tombamento,Com Vítimas Feridas,Plena Noite,Crescente,Céu Claro,Múltipla,Curva,Sim,0.0,0.0,1.0,1.0,0.0,1.0,2.0,2.0,SPRF-ES,DEL01-ES,UOP01-DEL01-ES,0,moderado
2025-10-26,12:07,2025-10-26 12:07:00,2025.0,10.0,domingo,12.0,tarde,ES,SERRA,True,101.0,BR-101,277.9,-20.21698132,-40.32943091,Acessar a via sem observar a presença dos outros veículos,Colisão transversal,Com Vítimas Feridas,Pleno dia,Decrescente,Nublado,Dupla,Retorno Regulamentado;Reta,Não,0.0,1.0,2.0,3.0,1.0,2.0,4.0,5.0,SPRF-ES,DEL02-ES,UOP01-DEL02-ES,1,grave
2025-10-27,08:00,2025-10-27 08:00:00,2025.0,10.0,segunda,8.0,manha,ES,CARIACICA,True,101.0,BR-101,289.2,-20.28326564,-40.39302774,Transitar no Acostamento,Colisão lateral mesmo sentido,Com Vítimas Feridas,Pleno dia,Decrescente,Sol,Dupla,Declive;Reta,Sim,0.0,0.0,1.0,1.0,1.0,0.0,2.0,2.0,SPRF-ES,DEL01-ES,UOP01-DEL01-ES,0,moderado
2025-10-27,10:15,2025-10-27 10:15:00,2025.0,10.0,segunda,10.0,manha,ES,VIANA,True,101.0,BR-101,298.0,-20.35506438,-40.41743207,Trafegar com motocicleta (ou similar) entre as faixas,Colisão lateral mesmo sentido,Com Vítimas Feridas,Pleno dia,Crescente,Céu Claro,Dupla,Reta,Não,0.0,0.0,1.0,1.0,1.0,1.0,3.0,3.0,SPRF-ES,DEL01-ES,UOP01-DEL01-ES,0,moderado
2025-10-30,06:10,2025-10-30 06:10:00,2025.0,10.0,quinta,6.0,manha,ES,SERRA,True,101.0,BR-101,270.0,-20.2273485,-40.27108312,Ausência de reação do condutor,Colisão traseira,Com Vítimas Feridas,Pleno dia,Decrescente,Céu Claro,Dupla,Reta,Sim,0.0,1.0,0.0,1.0,1.0,1.0,3.0,3.0,SPRF-ES,DEL02-ES,UOP01-DEL02-ES,1,grave
2025-10-30,16:45,2025-10-30 16:45:00,2025.0,10.0,quinta,16.0,tarde,ES,CARIACICA,True,101.0,BR-101,297.5,-20.345801,-40.40498,Acessar a via sem observar a presença dos outros veículos,Colisão com objeto,Com Vítimas Feridas,Anoitecer,Crescente,Céu Claro,Dupla,Reta,Não,0.0,0.0,1.0,1.0,1.0,0.0,2.0,2.0,SPRF-ES,DEL01-ES,UOP01-DEL01-ES,0,moderado
2025-10-30,22:30,2025-10-30 22:30:00,2025.0,10.0,quinta,22.0,noite,ES,GUARAPARI,True,101.0,BR-101,333.0,-20.61517645,-40.51410047,Entrada inopinada do pedestre,Atropelamento de Pedestre,Com Vítimas Feridas,Plena Noite,Decrescente,Chuva,Dupla,Curva,Não,0.0,1.0,0.0,1.0,1.0,0.0,2.0,2.0,SPRF-ES,DEL03-ES,UOP01-DEL03-ES,1,grave
2025-11-02,12:55,2025-11-02 12:55:00,2025.0,11.0,domingo,12.0,tarde,ES,FUNDAO,True,101.0,BR-101,234.0,-19.97149,-40.40853,Transitar na contramão,Colisão frontal,Com Vítimas Fatais,Pleno dia,Decrescente,Céu Claro,Simples,Curva,Não,2.0,1.0,1.0,2.0,0.0,1.0,3.0,5.0,SPRF-ES,DEL02-ES,UOP01-DEL02-ES,1,fatal
2025-11-04,10:00,2025-11-04 10:00:00,2025.0,11.0,terca,10.0,manha,ES,SERRA,True,101.0,BR-101,266.5,-20.1955469,-40.2688369,Ausência de reação do condutor,Colisão traseira,Com Vítimas Feridas,Pleno dia,Crescente,Nublado,Múltipla,Interseção de Vias,Sim,0.0,0.0,1.0,1.0,2.0,1.0,3.0,4.0,SPRF-ES,DEL02-ES,UOP01-DEL02-ES,0,moderado
2025-11-12,15:35,2025-11-12 15:35:00,2025.0,11.0,quarta,15.0,tarde,ES,SERRA,True,101.0,BR-101,270.0,-20.04885,-40.3866983,Ausência de reação do condutor,Colisão traseira,Com Vítimas Feridas,Pleno dia,Crescente,Céu Claro,Dupla,Interseção de Vias,Não,0.0,0.0,1.0,1.0,1.0,2.0,4.0,3.0,SPRF-ES,DEL02-ES,UOP01-DEL02-ES,0,moderado
2025-11-13,22:15,2025-11-13 22:15:00,2025.0,11.0,quinta,22.0,noite,ES,SERRA,True,101.0,BR-101,270.0,-20.22811024,-40.27088642,Ausência de reação do condutor,Colisão traseira,Com Vítimas Feridas,Pleno dia,Crescente,Céu Claro,Dupla,Reta,Sim,0.0,0.0,1.0,1.0,3.0,1.0,4.0,5.0,SPRF-ES,DEL02-ES,UOP01-DEL02-ES,0,moderado
2025-11-14,18:30,2025-11-14 18:30:00,2025.0,11.0,sexta,18.0,noite,ES,SERRA,True,101.0,BR-101,246.0,-20.062595,-40.376755,Ausência de reação do condutor,Colisão com objeto,Com Vítimas Fatais,Plena Noite,Crescente,Céu Claro,Simples,Reta;Em Obras;Aclive,Não,1.0,1.0,0.0,1.0,2.0,1.0,3.0,5.0,SPRF-ES,DEL02-ES,UOP01-DEL02-ES,1,fatal
2025-11-16,15:45,2025-11-16 15:45:00,2025.0,11.0,domingo,15.0,tarde,ES,VIANA,True,262.0,BR-262,28.0,-20.38532867,-40.55847947,Faixas de trânsito com largura insuficiente,Queda de ocupante de veículo,Com Vítimas Feridas,Pleno dia,Decrescente,Céu Claro,Simples,Aclive;Curva,Não,0.0,1.0,1.0,2.0,0.0,1.0,2.0,3.0,SPRF-ES,DEL01-ES,UOP01-DEL01-ES,1,grave
2025-11-18,16:10,2025-11-18 16:10:00,2025.0,11.0,terca,16.0,tarde,ES,VIANA,True,101.0,BR-101,302.6,-20.3751245,-40.44264793,Manobra de mudança de faixa,Colisão lateral mesmo sentido,Com Vítimas Feridas,Pleno dia,Decrescente,Céu Claro,Dupla,Curva,Não,0.0,0.0,2.0,2.0,0.0,1.0,2.0,3.0,SPRF-ES,DEL01-ES,UOP01-DEL01-ES,0,moderado
2025-11-19,14:40,2025-11-19 14:40:00,2025.0,11.0,quarta,14.0,tarde,ES,SERRA,True,101.0,BR-101,269.6,-20.22304269,-40.26993206,Acessar a via sem observar a presença dos outros veículos,Colisão transversal,Com Vítimas Feridas,Pleno dia,Crescente,Nublado,Dupla,Interseção de Vias;Reta,Sim,0.0,0.0,1.0,1.0,2.0,1.0,3.0,4.0,SPRF-ES,DEL02-ES,UOP01-DEL02-ES,0,moderado
2025-11-20,15:30,2025-11-20 15:30:00,2025.0,11.0,quinta,15.0,tarde,ES,VILA VELHA,True,101.0,BR-101,315.0,-20.47627387,-40.47067513,Velocidade Incompatível,Capotamento,Com Vítimas Feridas,Pleno dia,Decrescente,Céu Claro,Dupla,Curva,Não,0.0,1.0,0.0,1.0,0.0,1.0,2.0,2.0,SPRF-ES,DEL01-ES,UOP01-DEL01-ES,1,grave
2025-11-21,21:35,2025-11-21 21:35:00,2025.0,11.0,sexta,21.0,noite,ES,VILA VELHA,True,447.0,BR-447,15.6,-20.338072,-40.327415,Entrada inopinada do pedestre,Atropelamento de Pedestre,Com Vítimas Fatais,Plena Noite,Decrescente,Nublado,Dupla,Reta;Ponte,Sim,1.0,0.0,0.0,0.0,0.0,1.0,2.0,2.0,SPRF-ES,DEL01-ES,UOP01-DEL01-ES,1,fatal
2025-11-25,12:04,2025-11-25 12:04:00,2025.0,11.0,terca,12.0,tarde,ES,CARIACICA,True,101.0,BR-101,296.0,-20.340795,-40.40415,Entrada inopinada do pedestre,Colisão transversal,Com Vítimas Feridas,Pleno dia,Decrescente,Céu Claro,Dupla,Reta,Sim,0.0,1.0,0.0,1.0,1.0,1.0,3.0,3.0,SPRF-ES,DEL01-ES,UOP01-DEL01-ES,1,grave
2025-12-01,03:50,2025-12-01 03:50:00,2025.0,12.0,segunda,3.0,madrugada,ES,SERRA,True,101.0,BR-101,270.5,-20.22970333,-40.2726,Condutor desrespeitou a iluminação vermelha do semáforo,Colisão transversal,Com Vítimas Feridas,Amanhecer,Decrescente,Céu Claro,Múltipla,Reta,Sim,0.0,0.0,3.0,3.0,0.0,1.0,3.0,4.0,SPRF-ES,DEL02-ES,UOP01-DEL02-ES,0,moderado
2025-12-01,09:19,2025-12-01 09:19:00,2025.0,12.0,segunda,9.0,manha,ES,SERRA,True,101.0,BR-101,11.0,-20.15203898,-40.34684926,Ausência de reação do condutor,Colisão traseira,Com Vítimas Feridas,Pleno dia,Crescente,Céu Claro,Dupla,Reta,Não,0.0,0.0,2.0,2.0,3.0,0.0,3.0,5.0,SPRF-ES,DEL02-ES,UOP01-DEL02-ES,0,moderado
2025-12-03,23:10,2025-12-03 23:10:00,2025.0,12.0,quarta,23.0,noite,ES,VIANA,True,101.0,BR-101,303.3,-20.3777702,-40.44848442,Estacionar ou parar em local proibido,Colisão traseira,Com Vítimas Feridas,Plena Noite,Crescente,Chuva,Dupla,Reta,Sim,0.0,0.0,1.0,1.0,1.0,1.0,3.0,3.0,SPRF-ES,DEL01-ES,UOP01-DEL01-ES,0,moderado
2025-12-06,18:45,2025-12-06 18:45:00,2025.0,12.0,sabado,18.0,noite,ES,SERRA,True,101.0,BR-101,243.0,-20.04814033,-40.38682955,Acessar a via sem observar a presença dos outros veículos,Colisão transversal,Com Vítimas Feridas,Plena Noite,Decrescente,Nublado,Simples,Reta;Em Obras,Não,0.0,0.0,1.0,1.0,1.0,0.0,2.0,2.0,SPRF-ES,DEL02-ES,UOP01-DEL02-ES,0,moderado
2025-12-11,16:20,2025-12-11 16:20:00,2025.0,12.0,quinta,16.0,tarde,ES,SERRA,True,101.0,BR-101,276.2,-20.20920745,-40.31581074,Acessar a via sem observar a presença dos outros veículos,Colisão transversal,Com Vítimas Feridas,Pleno dia,Crescente,Sol,Dupla,Retorno Regulamentado,Não,0.0,0.0,1.0,1.0,1.0,0.0,2.0,2.0,SPRF-ES,DEL02-ES,UOP01-DEL02-ES,0,moderado
2025-12-12,05:50,2025-12-12 05:50:00,2025.0,12.0,sexta,5.0,madrugada,ES,VILA VELHA,True,101.0,BR-101,315.0,-20.476867,-40.470719,Reação tardia ou ineficiente do condutor,Tombamento,Com Vítimas Feridas,Amanhecer,Crescente,Nublado,Dupla,Aclive;Curva,Não,0.0,0.0,2.0,2.0,0.0,0.0,1.0,2.0,SPRF-ES,DEL01-ES,UOP01-DEL01-ES,0,moderado
2025-12-15,05:00,2025-12-15 05:00:00,2025.0,12.0,segunda,5.0,madrugada,ES,VILA VELHA,True,101.0,BR-101,315.9,-20.47830914,-40.47069426,Velocidade Incompatível,Tombamento,Com Vítimas Fatais,Amanhecer,Decrescente,Céu Claro,Múltipla,Curva;Declive,Não,1.0,0.0,0.0,0.0,0.0,0.0,1.0,1.0,SPRF-ES,DEL01-ES,UOP01-DEL01-ES,1,fatal
2025-12-17,10:00,2025-12-17 10:00:00,2025.0,12.0,quarta,10.0,manha,ES,SERRA,True,101.0,BR-101,263.0,-20.17821939,-40.26548863,Reação tardia ou ineficiente do condutor,Colisão traseira,Com Vítimas Feridas,Pleno dia,Crescente,Céu Claro,Dupla,Reta,Sim,0.0,0.0,1.0,1.0,2.0,0.0,2.0,3.0,SPRF-ES,DEL02-ES,UOP01-DEL02-ES,0,moderado
2025-12-18,08:30,2025-12-18 08:30:00,2025.0,12.0,quinta,8.0,manha,ES,VIANA,True,262.0,BR-262,25.9,-20.3800904,-40.54263067,Demais falhas mecânicas ou elétricas,Incêndio,Sem Vítimas,Pleno dia,Crescente,Céu Claro,Simples,Reta,Não,0.0,0.0,0.0,0.0,1.0,0.0,1.0,1.0,SPRF-ES,DEL01-ES,UOP01-DEL01-ES,0,baixo
2025-12-18,09:30,2025-12-18 09:30:00,2025.0,12.0,quinta,9.0,manha,ES,SERRA,True,101.0,BR-101,270.0,-20.04885,-40.3866983,Manobra de mudança de faixa,Colisão lateral mesmo sentido,Com Vítimas Feridas,Pleno dia,Decrescente,Sol,Múltipla,Reta,Sim,0.0,0.0,1.0,1.0,2.0,1.0,4.0,4.0,SPRF-ES,DEL02-ES,UOP01-DEL02-ES,0,moderado
2025-12-16,19:20,2025-12-16 19:20:00,2025.0,12.0,terca,19.0,noite,ES,SERRA,True,101.0,BR-101,266.0,-20.19588751,-40.26885308,Manobra de mudança de faixa,Colisão lateral mesmo sentido,Sem Vítimas,Pleno dia,Crescente,Céu Claro,Múltipla,Interseção de Vias;Reta,Não,0.0,0.0,0.0,0.0,4.0,2.0,4.0,5.0,SPRF-ES,DEL02-ES,UOP01-DEL02-ES,0,baixo
2025-12-22,04:20,2025-12-22 04:20:00,2025.0,12.0,segunda,4.0,madrugada,ES,CARIACICA,True,101.0,BR-101,296.0,-20.34241663,-40.4053645,Acesso irregular,Colisão frontal,Com Vítimas Fatais,Plena Noite,Crescente,Céu Claro,Múltipla,Reta,Sim,1.0,0.0,0.0,0.0,1.0,2.0,4.0,4.0,SPRF-ES,DEL01-ES,UOP01-DEL01-ES,1,fatal
2025-12-22,13:50,2025-12-22 13:50:00,2025.0,12.0,segunda,13.0,tarde,ES,CARIACICA,True,101.0,BR-101,288.5,-20.27532121,-40.39228678,Velocidade Incompatível,Colisão com objeto,Com Vítimas Feridas,Pleno dia,Decrescente,Céu Claro,Dupla,Curva,Sim,0.0,3.0,0.0,3.0,1.0,1.0,3.0,5.0,SPRF-ES,DEL01-ES,UOP01-DEL01-ES,1,grave
2025-12-23,14:30,2025-12-23 14:30:00,2025.0,12.0,terca,14.0,tarde,ES,VIANA,True,101.0,BR-101,310.0,-20.426109,-40.460255,Condutor deixou de manter distância do veículo da frente,Colisão traseira,Com Vítimas Feridas,Pleno dia,Decrescente,Sol,Dupla,Aclive;Curva,Não,0.0,0.0,2.0,2.0,1.0,1.0,3.0,4.0,SPRF-ES,DEL01-ES,UOP01-DEL01-ES,0,moderado
2025-12-30,04:00,2025-12-30 04:00:00,2025.0,12.0,terca,4.0,madrugada,ES,CARIACICA,True,101.0,BR-101,296.0,-20.3420281,-40.40477514,Velocidade Incompatível,Tombamento,Com Vítimas Feridas,Plena Noite,Decrescente,Céu Claro,Múltipla,Curva,Sim,0.0,0.0,1.0,1.0,0.0,8.0,9.0,2.0,SPRF-ES,DEL01-ES,UOP01-DEL01-ES,0,moderado
2025-12-30,15:50,2025-12-30 15:50:00,2025.0,12.0,terca,15.0,tarde,ES,SERRA,True,101.0,BR-101,272.5,-20.22334,-40.28807333,Condutor deixou de manter distância do veículo da frente,Colisão traseira,Com Vítimas Feridas,Pleno dia,Crescente,Sol,Dupla,Reta,Não,0.0,0.0,1.0,1.0,3.0,0.0,3.0,4.0,SPRF-ES,DEL02-ES,UOP01-DEL02-ES,0,moderado
2025-02-08,12:00,2025-02-08 12:00:00,2025.0,2.0,sabado,12.0,tarde,ES,CARIACICA,True,101.0,BR-101,294.6,-20.32983151,-40.39897619,Condutor deixou de manter distância do veículo da frente,Colisão traseira,Com Vítimas Feridas,Pleno dia,Crescente,Sol,Múltipla,Viaduto;Declive;Reta,Sim,0.0,0.0,1.0,1.0,7.0,1.0,4.0,9.0,SPRF-ES,DEL01-ES,UOP01-DEL01-ES,0,moderado