data,hora,data_hora,ano,mes,dia_semana,hora_dia,periodo_dia,uf,municipio,regiao_grande_vitoria,rodovia,rodovia_label,km,latitude,longitude,causa,tipo_acidente,classificacao,fase_dia,sentido_via,condicao_metereologica,tipo_pista,tracado_via,uso_solo,mortos,feridos_graves,feridos_leves,feridos,ilesos,ignorados,veiculos,pessoas,regional,delegacia,uop,risco_alto,nivel_risco
2025-09-30,06:10,2025-09-30 06:10:00,2025.0,9.0,terca,6.0,manha,ES,CARIACICA,True,101.0,BR-101,283.0,-20.23463248,-40.36945009,Condutor deixou de manter distância do veículo da frente,Colisão traseira,Com Vítimas Feridas,Pleno dia,Crescente,Nublado,Dupla,Curva,Sim,0.0,1.0,1.0,2.0,2.0,1.0,5.0,5.0,SPRF-ES,DEL01-ES,UOP01-DEL01-ES,1,grave
2025-11-19,06:45,2025-11-19 06:45:00,2025.0,11.0,quarta,6.0,manha,ES,VIANA,True,101.0,BR-101,299.0,-20.35866585,-40.42450847,Condutor deixou de manter distância do veículo da frente,Colisão traseira,Com Vítimas Feridas,Pleno dia,Decrescente,Chuva,Múltipla,Curva,Sim,0.0,0.0,1.0,1.0,0.0,1.0,2.0,2.0,SPRF-ES,DEL01-ES,UOP01-DEL01-ES,0,moderado
2025-01-01,18:40,2025-01-01 18:40:00,2025.0,1.0,quarta,18.0,noite,ES,CARIACICA,True,101.0,BR-101,288.3,-20.2738116,-40.39210439,Demais falhas mecânicas ou elétricas,Colisão com objeto,Com Vítimas Feridas,Plena Noite,Crescente,Nublado,Dupla,Reta,Sim,0.0,0.0,1.0,1.0,0.0,0.0,1.0,1.0,SPRF-ES,DEL01-ES,UOP01-DEL01-ES,0,moderado
2025-01-03,07:00,2025-01-03 07:00:00,2025.0,1.0,sexta,7.0,manha,ES,CARIACICA,True,101.0,BR-101,294.0,-20.32415948,-40.3952903,Reação tardia ou ineficiente do condutor,Colisão lateral mesmo sentido,Com Vítimas Feridas,Pleno dia,Crescente,Céu Claro,Múltipla,Reta,Sim,0.0,0.0,1.0,1.0,1.0,0.0,2.0,2.0,SPRF-ES,DEL01-ES,UOP01-DEL01-ES,0,moderado
2025-01-04,17:55,2025-01-04 17:55:00,2025.0,1.0,sabado,17.0,tarde,ES,SERRA,True,101.0,BR-101,271.5,-20.23267,-40.27658,Transitar na contramão,Colisão lateral sentido oposto,Com Vítimas Feridas,Anoitecer,Decrescente,Céu Claro,Dupla,Reta,Não,0.0,0.0,1.0,1.0,1.0,0.0,2.0,2.0,SPRF-ES,DEL02-ES,UOP01-DEL02-ES,0,moderado
2025-01-05,20:40,2025-01-05 20:40:00,2025.0,1.0,domingo,20.0,noite,ES,SERRA,True,101.0,BR-101,256.2,-20.119123,-40.311005,Acessar a via sem observar a presença dos outros veículos,Capotamento,Com Vítimas Feridas,Plena Noite,Decrescente,Chuva,Múltipla,Reta,Sim,0.0,1.0,0.0,1.0,0.0,0.0,1.0,1.0,SPRF-ES,DEL02-ES,UOP01-DEL02-ES,1,grave
2025-01-05,22:48,2025-01-05 22:48:00,2025.0,1.0,domingo,22.0,noite,ES,SERRA,True,101.0,BR-101,263.0,-20.16554736,-40.27301648,Manobra de mudança de faixa,Colisão lateral mesmo sentido,Com Vítimas Feridas,Plena Noite,Crescente,Nublado,Dupla,Reta,Sim,0.0,0.0,3.0,3.0,1.0,0.0,2.0,4.0,SPRF-ES,DEL02-ES,UOP01-DEL02-ES,0,moderado
2025-01-06,19:00,2025-01-06 19:00:00,2025.0,1.0,segunda,19.0,noite,ES,SERRA,True,101.0,BR-101,265.9,-20.1816849,-40.26536036,Manobra de mudança de faixa,Colisão lateral mesmo sentido,Com Vítimas Feridas,Plena Noite,Decrescente,Chuva,Múltipla,Reta,Sim,0.0,0.0,1.0,1.0,1.0,0.0,2.0,2.0,SPRF-ES,DEL02-ES,UOP01-DEL02-ES,0,moderado
2025-01-07,08:00,2025-01-07 08:00:00,2025.0,1.0,terca,8.0,manha,ES,CARIACICA,True,101.0,BR-101,295.0,-20.33223667,-40.40004683,Manobra de mudança de faixa,Colisão traseira,Com Vítimas Feridas,Pleno dia,Crescente,Céu Claro,Dupla,Reta,Não,0.0,0.0,2.0,2.0,1.0,0.0,2.0,3.0,SPRF-ES,DEL01-ES,UOP01-DEL01-ES,0,moderado
2025-01-08,06:58,2025-01-08 06:58:00,2025.0,1.0,quarta,6.0,manha,ES,VIANA,True,101.0,BR-101,299.9,-20.358635,-40.432167,Condutor usando celular,Colisão traseira,Com Vítimas Feridas,Pleno dia,Crescente,Nublado,Múltipla,Curva,Não,0.0,2.0,0.0,2.0,2.0,0.0,3.0,4.0,SPRF-ES,DEL01-ES,UOP01-DEL01-ES,1,grave
2025-01-08,07:50,2025-01-08 07:50:00,2025.0,1.0,quarta,7.0,manha,ES,SERRA,True,101.0,BR-101,267.1,-20.19930999,-40.26884609,Manobra de mudança de faixa,Colisão lateral mesmo sentido,Com Vítimas Feridas,Pleno dia,Crescente,Céu Claro,Dupla,Reta,Sim,0.0,0.0,1.0,1.0,1.0,0.0,2.0,2.0,SPRF-ES,DEL02-ES,UOP01-DEL02-ES,0,moderado
2025-01-08,18:31,2025-01-08 18:31:00,2025.0,1.0,quarta,18.0,noite,ES,SERRA,True,101.0,BR-101,260.8,-20.14616415,-40.28836206,Afundamento ou ondulação no pavimento,Queda de ocupante de veículo,Com Vítimas Feridas,Plena Noite,Decrescente,Chuva,Simples,Curva,Não,0.0,0.0,1.0,1.0,0.0,0.0,1.0,1.0,SPRF-ES,DEL02-ES,UOP01-DEL02-ES,0,moderado
2025-01-09,07:00,2025-01-09 07:00:00,2025.0,1.0,quinta,7.0,manha,ES,SERRA,True,101.0,BR-101,269.8,-20.21740496,-40.26990578,Ausência de reação do condutor,Colisão traseira,Com Vítimas Feridas,Pleno dia,Crescente,Chuva,Dupla,Reta,Sim,0.0,0.0,1.0,1.0,1.0,0.0,2.0,2.0,SPRF-ES,DEL02-ES,UOP01-DEL02-ES,0,moderado
2025-01-09,14:08,2025-01-09 14:08:00,2025.0,1.0,quinta,14.0,tarde,ES,CARIACICA,True,262.0,BR-262,0.5,-20.320793,-40.353315,Avarias e/ou desgaste excessivo no pneu,Colisão com objeto,Com Vítimas Feridas,Pleno dia,Decrescente,Nublado,Dupla,Reta;Ponte,Sim,0.0,1.0,0.0,1.0,0.0,0.0,1.0,1.0,SPRF-ES,DEL01-ES,UOP01-DEL01-ES,1,grave
2025-01-09,20:20,2025-01-09 20:20:00,2025.0,1.0,quinta,20.0,noite,ES,SERRA,True,101.0,BR-101,278.2,-20.21698365,-40.32974606,Chuva,Tombamento,Com Vítimas Feridas,Plena Noite,Crescente,Céu Claro,Múltipla,Reta,Sim,0.0,2.0,0.0,2.0,0.0,0.0,1.0,2.0,SPRF-ES,DEL02-ES,UOP01-DEL02-ES,1,grave
2025-01-09,21:47,2025-01-09 21:47:00,2025.0,1.0,quinta,21.0,noite,ES,SERRA,True,101.0,BR-101,258.6,-20.13059888,-40.2961019,Acumulo de água sobre o pavimento,Capotamento,Com Vítimas Feridas,Plena Noite,Decrescente,Nublado,Dupla,Reta,Sim,0.0,0.0,1.0,1.0,2.0,0.0,1.0,3.0,SPRF-ES,DEL02-ES,UOP01-DEL02-ES,0,moderado
2025-01-10,08:30,2025-01-10 08:30:00,2025.0,1.0,sexta,8.0,manha,ES,SERRA,True,101.0,BR-101,271.9,-20.2266966,-40.2851416,Condutor deixou de manter distância do veículo da frente,Colisão lateral mesmo sentido,Com Vítimas Feridas,Pleno dia,Decrescente,Nublado,Múltipla,Reta;Aclive,Sim,0.0,0.0,1.0,1.0,1.0,0.0,2.0,2.0,SPRF-ES,DEL02-ES,UOP01-DEL02-ES,0,moderado
2025-01-10,08:20,2025-01-10 08:20:00,2025.0,1.0,sexta,8.0,manha,ES,SERRA,True,101.0,BR-101,269.8,-20.21740496,-40.26990578,Reação tardia ou ineficiente do condutor,Colisão com objeto,Com Vítimas Feridas,Pleno dia,Crescente,Sol,Dupla,Reta,Sim,0.0,0.0,1.0,1.0,2.0,0.0,3.0,3.0,SPRF-ES,DEL02-ES,UOP01-DEL02-ES,0,moderado
2025-01-11,15:30,2025-01-11 15:30:00,2025.0,1.0,sabado,15.0,tarde,ES,CARIACICA,True,101.0,BR-101,288.9,-20.27160351,-40.39091743,Manobra de mudança de faixa,Colisão traseira,Com Vítimas Feridas,Pleno dia,Decrescente,Sol,Dupla,Reta,Sim,0.0,0.0,1.0,1.0,1.0,0.0,2.0,2.0,SPRF-ES,DEL01-ES,UOP01-DEL01-ES,0,moderado
2025-01-11,23:00,2025-01-11 23:00:00,2025.0,1.0,sabado,23.0,noite,ES,CARIACICA,True,262.0,BR-262,1.0,-20.32955204,-40.35492602,Velocidade Incompatível,Colisão traseira,Com Vítimas Feridas,Plena Noite,Crescente,Ignorado,Dupla,Reta;Ponte,Não,0.0,0.0,2.0,2.0,0.0,0.0,2.0,2.0,SPRF-ES,DEL01-ES,UOP01-DEL01-ES,0,moderado
2025-01-12,00:45,2025-01-12 00:45:00,2025.0,1.0,domingo,0.0,madrugada,ES,SERRA,True,101.0,BR-101,269.8,-20.21740496,-40.26990578,Condutor desrespeitou a iluminação vermelha do semáforo,Colisão transversal,Com Vítimas Feridas,Plena Noite,Decrescente,Nublado,Múltipla,Reta,Sim,0.0,1.0,0.0,1.0,2.0,1.0,4.0,4.0,SPRF-ES,DEL02-ES,UOP01-DEL02-ES,1,grave
2025-01-12,15:00,2025-01-12 15:00:00,2025.0,1.0,domingo,15.0,tarde,ES,SERRA,True,101.0,BR-101,273.2,-20.22029207,-40.29048811,Frear bruscamente,Colisão traseira,Sem Vítimas,Pleno dia,Crescente,Céu Claro,Múltipla,Reta,Não,0.0,0.0,0.0,0.0,13.0,0.0,2.0,13.0,SPRF-ES,DEL02-ES,UOP01-DEL02-ES,0,baixo
2025-01-14,16:45,2025-01-14 16:45:00,2025.0,1.0,terca,16.0,tarde,ES,SERRA,True,101.0,BR-101,262.9,-20.166139,-40.272574,Trafegar com motocicleta (ou similar) entre as faixas,Colisão lateral mesmo sentido,Com Vítimas Feridas,Pleno dia,Decrescente,Nublado,Dupla,Reta;Declive,Sim,0.0,0.0,1.0,1.0,1.0,0.0,2.0,2.0,SPRF-ES,DEL02-ES,UOP01-DEL02-ES,0,moderado
2025-01-16,15:35,2025-01-16 15:35:00,2025.0,1.0,quinta,15.0,tarde,ES,SERRA,True,101.0,BR-101,274.0,-20.21288515,-40.29612219,Reação tardia ou ineficiente do condutor,Tombamento,Com Vítimas Feridas,Pleno dia,Decrescente,Céu Claro,Dupla,Reta,Não,0.0,0.0,1.0,1.0,1.0,0.0,1.0,2.0,SPRF-ES,DEL02-ES,UOP01-DEL02-ES,0,moderado
2025-01-16,23:30,2025-01-16 23:30:00,2025.0,1.0,quinta,23.0,noite,ES,SERRA,True,101.0,BR-101,266.8,-20.190199,-40.26828891,Chuva,Queda de ocupante de veículo,Com Vítimas Feridas,Plena Noite,Decrescente,Chuva,Dupla,Reta,Sim,0.0,0.0,1.0,1.0,0.0,0.0,1.0,1.0,SPRF-ES,DEL02-ES,UOP01-DEL02-ES,0,moderado
2025-01-17,07:15,2025-01-17 07:15:00,2025.0,1.0,sexta,7.0,manha,ES,SERRA,True,101.0,BR-101,270.2,-20.28166144,-40.24291992,Acessar a via sem observar a presença dos outros veículos,Colisão transversal,Com Vítimas Feridas,Pleno dia,Crescente,Céu Claro,Dupla,Reta,Sim,0.0,0.0,1.0,1.0,1.0,0.0,2.0,2.0,SPRF-ES,DEL02-ES,UOP01-DEL02-ES,0,moderado
2025-01-17,19:15,2025-01-17 19:15:00,2025.0,1.0,sexta,19.0,noite,ES,SERRA,True,101.0,BR-101,256.0,-20.119123,-40.311005,Acesso irregular,Colisão transversal,Com Vítimas Feridas,Plena Noite,Crescente,Céu Claro,Simples,Aclive,Sim,0.0,0.0,1.0,1.0,1.0,1.0,3.0,3.0,SPRF-ES,DEL02-ES,UOP01-DEL02-ES,0,moderado
2025-01-18,15:40,2025-01-18 15:40:00,2025.0,1.0,sabado,15.0,tarde,ES,GUARAPARI,True,101.0,BR-101,329.3,-20.58543019,-40.49702183,Condutor deixou de manter distância do veículo da frente,Colisão traseira,Com Vítimas Feridas,Pleno dia,Crescente,Céu Claro,Dupla,Reta,Não,0.0,1.0,0.0,1.0,5.0,0.0,2.0,6.0,SPRF-ES,DEL03-ES,UOP01-DEL03-ES,1,grave
2025-01-19,18:54,2025-01-19 18:54:00,2025.0,1.0,domingo,18.0,noite,ES,SERRA,True,101.0,BR-101,274.4,-20.21288515,-40.29612219,Demais falhas mecânicas ou elétricas,Incêndio,Sem Vítimas,Plena Noite,Decrescente,Céu Claro,Simples,Reta,Não,0.0,0.0,0.0,0.0,1.0,0.0,1.0,1.0,SPRF-ES,DEL02-ES,UOP01-DEL02-ES,0,baixo
2025-01-20,05:51,2025-01-20 05:51:00,2025.0,1.0,segunda,5.0,madrugada,ES,VIANA,True,262.0,BR-262,18.0,-20.39137228,-40.48080285,Pedestre cruzava a pista fora da faixa,Atropelamento de Pedestre,Com Vítimas Feridas,Pleno dia,Decrescente,Sol,Simples,Reta,Sim,0.0,0.0,1.0,1.0,1.0,0.0,2.0,2.0,SPRF-ES,DEL01-ES,UOP01-DEL01-ES,0,moderado
2025-01-20,11:45,2025-01-20 11:45:00,2025.0,1.0,segunda,11.0,manha,ES,SERRA,True,101.0,BR-101,258.0,-20.13059888,-40.2961019,Velocidade Incompatível,Colisão traseira,Com Vítimas Feridas,Pleno dia,Decrescente,Sol,Dupla,Reta;Aclive,Sim,0.0,0.0,1.0,1.0,1.0,0.0,2.0,2.0,SPRF-ES,DEL02-ES,UOP01-DEL02-ES,0,moderado
2025-01-21,06:30,2025-01-21 06:30:00,2025.0,1.0,terca,6.0,manha,ES,SERRA,True,101.0,BR-101,265.0,-20.1816849,-40.26536036,Reação tardia ou ineficiente do condutor,Tombamento,Com Vítimas Feridas,Pleno dia,Crescente,Sol,Dupla,Reta,Sim,0.0,0.0,2.0,2.0,0.0,0.0,1.0,2.0,SPRF-ES,DEL02-ES,UOP01-DEL02-ES,0,moderado
2025-01-21,10:15,2025-01-21 10:15:00,2025.0,1.0,terca,10.0,manha,ES,CARIACICA,True,101.0,BR-101,288.0,-20.27160351,-40.39091743,Ausência de reação do condutor,Colisão transversal,Com Vítimas Fatais,Pleno dia,Crescente,Céu Claro,Dupla,Reta;Retorno Regulamentado,Sim,1.0,0.0,0.0,0.0,2.0,0.0,3.0,3.0,SPRF-ES,DEL01-ES,UOP01-DEL01-ES,1,fatal
2025-01-22,14:15,2025-01-22 14:15:00,2025.0,1.0,quarta,14.0,tarde,ES,SERRA,True,101.0,BR-101,280.9,-20.21828666,-40.34895595,Pista esburacada,Tombamento,Com Vítimas Feridas,Pleno dia,Crescente,Céu Claro,Simples,Reta,Não,0.0,0.0,1.0,1.0,0.0,0.0,1.0,1.0,SPRF-ES,DEL02-ES,UOP01-DEL02-ES,0,moderado
2025-01-23,16:10,2025-01-23 16:10:00,2025.0,1.0,quinta,16.0,tarde,ES,VIANA,True,101.0,BR-101,301.9,-20.36278187,-40.4401343,Demais falhas mecânicas ou elétricas,Tombamento,Com Vítimas Feridas,Pleno dia,Crescente,Céu Claro,Dupla,Curva,Sim,0.0,0.0,2.0,2.0,0.0,0.0,1.0,2.0,SPRF-ES,DEL01-ES,UOP01-DEL01-ES,0,moderado
2025-01-23,22:00,2025-01-23 22:00:00,2025.0,1.0,quinta,22.0,noite,ES,SERRA,True,101.0,BR-101,266.3,-20.190199,-40.26828891,Acessar a via sem observar a presença dos outros veículos,Colisão transversal,Com Vítimas Feridas,Plena Noite,Crescente,Garoa/Chuvisco,Dupla,Reta,Sim,0.0,0.0,1.0,1.0,1.0,0.0,2.0,2.0,SPRF-ES,DEL02-ES,UOP01-DEL02-ES,0,moderado
2025-01-23,23:30,2025-01-23 23:30:00,2025.0,1.0,quinta,23.0,noite,ES,CARIACICA,True,101.0,BR-101,289.4,-20.28029304,-40.39302931,Reação tardia ou ineficiente do condutor,Colisão traseira,Com Vítimas Feridas,Plena Noite,Crescente,Céu Claro,Dupla,Aclive,Sim,0.0,0.0,1.0,1.0,0.0,2.0,2.0,3.0,SPRF-ES,DEL01-ES,UOP01-DEL01-ES,0,moderado
2025-01-24,17:08,2025-01-24 17:08:00,2025.0,1.0,sexta,17.0,tarde,ES,SERRA,True,101.0,BR-101,242.0,-20.0321348,-40.39675773,Ausência de reação do condutor,Tombamento,Com Vítimas Feridas,Pleno dia,Crescente,Céu Claro,Múltipla,Curva,Não,0.0,0.0,1.0,1.0,0.0,0.0,1.0,1.0,SPRF-ES,DEL02-ES,UOP01-DEL02-ES,0,moderado
2025-01-24,17:00,2025-01-24 17:00:00,2025.0,1.0,sexta,17.0,tarde,ES,SERRA,True,101.0,BR-101,6.9,-20.129093,-40.308125,Ingestão de álcool pelo condutor,Colisão traseira,Sem Vítimas,Pleno dia,Decrescente,Céu Claro,Simples,Reta,Não,0.0,0.0,0.0,0.0,5.0,0.0,2.0,5.0,SPRF-ES,DEL02-ES,UOP01-DEL02-ES,0,baixo
2025-01-24,21:00,2025-01-24 21:00:00,2025.0,1.0,sexta,21.0,noite,ES,SERRA,True,101.0,BR-101,266.3,-20.190199,-40.26828891,Frear bruscamente,Colisão traseira,Com Vítimas Feridas,Plena Noite,Decrescente,Céu Claro,Dupla,Reta,Não,0.0,0.0,1.0,1.0,0.0,1.0,2.0,2.0,SPRF-ES,DEL02-ES,UOP01-DEL02-ES,0,moderado
2025-01-25,01:05,2025-01-25 01:05:00,2025.0,1.0,sabado,1.0,madrugada,ES,CARIACICA,True,101.0,BR-101,282.5,-20.22694,-40.36458,Avarias e/ou desgaste excessivo no pneu,Queda de ocupante de veículo,Com Vítimas Feridas,Plena Noite,Crescente,Céu Claro,Dupla,Ponte;Reta,Não,0.0,0.0,1.0,1.0,1.0,0.0,1.0,2.0,SPRF-ES,DEL01-ES,UOP01-DEL01-ES,0,moderado
2025-01-25,10:52,2025-01-25 10:52:00,2025.0,1.0,sabado,10.0,manha,ES,GUARAPARI,True,101.0,BR-101,321.0,-20.520908,-40.478306,Avarias e/ou desgaste excessivo no pneu,Tombamento,Com Vítimas Feridas,Pleno dia,Decrescente,Céu Claro,Dupla,Reta,Sim,0.0,0.0,2.0,2.0,0.0,0.0,1.0,2.0,SPRF-ES,DEL03-ES,UOP01-DEL03-ES,0,moderado
2025-01-25,20:00,2025-01-25 20:00:00,2025.0,1.0,sabado,20.0,noite,ES,SERRA,True,101.0,BR-101,258.0,-20.13059888,-40.2961019,Manobra de mudança de faixa,Colisão lateral mesmo sentido,Com Vítimas Feridas,Plena Noite,Decrescente,Céu Claro,Dupla,Reta;Declive,Sim,0.0,0.0,1.0,1.0,1.0,0.0,2.0,2.0,SPRF-ES,DEL02-ES,UOP01-DEL02-ES,0,moderado
2025-01-26,21:15,2025-01-26 21:15:00,2025.0,1.0,domingo,21.0,noite,ES,GUARAPARI,True,101.0,BR-101,331.9,-20.60149301,-40.50248706,Transitar no Acostamento,Atropelamento de Pedestre,Com Vítimas Fatais,Plena Noite,Crescente,Nublado,Dupla,Reta,Não,1.0,0.0,0.0,0.0,0.0,1.0,2.0,2.0,SPRF-ES,DEL03-ES,UOP01-DEL03-ES,1,fatal
2025-01-27,05:40,2025-01-27 05:40:00,2025.0,1.0,segunda,5.0,madrugada,ES,SERRA,True,101.0,BR-101,267.9,-20.19930999,-40.26884609,Condutor deixou de manter distância do veículo da frente,Colisão traseira,Com Vítimas Feridas,Amanhecer,Crescente,Céu Claro,Dupla,Reta,Sim,0.0,0.0,1.0,1.0,0.0,1.0,2.0,2.0,SPRF-ES,DEL02-ES,UOP01-DEL02-ES,0,moderado
2025-01-27,06:50,2025-01-27 06:50:00,2025.0,1.0,segunda,6.0,manha,ES,SERRA,True,101.0,BR-101,268.0,-20.20842,-40.269405,Condutor deixou de manter distância do veículo da frente,Colisão traseira,Com Vítimas Feridas,Pleno dia,Decrescente,Céu Claro,Dupla,Reta,Sim,0.0,0.0,1.0,1.0,1.0,0.0,2.0,2.0,SPRF-ES,DEL02-ES,UOP01-DEL02-ES,0,moderado
2025-01-27,12:30,2025-01-27 12:30:00,2025.0,1.0,segunda,12.0,tarde,ES,SERRA,True,101.0,BR-101,270.3,-20.22662056,-40.27075088,Ausência de reação do condutor,Colisão traseira,Com Vítimas Feridas,Pleno dia,Decrescente,Sol,Dupla,Reta,Sim,0.0,0.0,1.0,1.0,1.0,0.0,2.0,2.0,SPRF-ES,DEL02-ES,UOP01-DEL02-ES,0,moderado
2025-01-28,07:37,2025-01-28 07:37:00,2025.0,1.0,terca,7.0,manha,ES,SERRA,True,101.0,BR-101,267.0,-20.19930999,-40.26884609,Demais falhas mecânicas ou elétricas,Queda de ocupante de veículo,Com Vítimas Feridas,Pleno dia,Crescente,Céu Claro,Dupla,Reta,Sim,0.0,0.0,1.0,1.0,0.0,1.0,2.0,2.0,SPRF-ES,DEL02-ES,UOP01-DEL02-ES,0,moderado
2025-01-28,12:55,2025-01-28 12:55:00,2025.0,1.0,terca,12.0,tarde,ES,VIANA,True,101.0,BR-101,304.0,-20.3800645,-40.45431391,Ausência de reação do condutor,Colisão traseira,Com Vítimas Feridas,Pleno dia,Crescente,Sol,Dupla,Reta,Não,0.0,0.0,1.0,1.0,1.0,0.0,2.0,2.0,SPRF-ES,DEL01-ES,UOP01-DEL01-ES,0,moderado
2025-01-28,15:10,2025-01-28 15:10:00,2025.0,1.0,terca,15.0,tarde,ES,CARIACICA,True,101.0,BR-101,283.0,-20.23074547,-40.3673047,Transitar na contramão,Colisão frontal,Com Vítimas Feridas,Pleno dia,Decrescente,Céu Claro,Simples,Curva;Retorno Regulamentado,Sim,0.0,1.0,0.0,1.0,2.0,0.0,2.0,3.0,SPRF-ES,DEL01-ES,UOP01-DEL01-ES,1,grave
2025-01-30,05:50,2025-01-30 05:50:00,2025.0,1.0,quinta,5.0,madrugada,ES,CARIACICA,True,101.0,BR-101,292.0,-20.30650512,-40.39488717,Desrespeitar a preferência no cruzamento,Colisão transversal,Com Vítimas Feridas,Pleno dia,Decrescente,Céu Claro,Simples,Reta,Sim,0.0,2.0,0.0,2.0,1.0,0.0,2.0,3.0,SPRF-ES,DEL01-ES,UOP01-DEL01-ES,1,grave
2025-01-30,07:35,2025-01-30 07:35:00,2025.0,1.0,quinta,7.0,manha,ES,CARIACICA,True,101.0,BR-101,287.9,-20.26493528,-40.38471702,Transitar no Acostamento,Colisão transversal,Com Vítimas Feridas,Pleno dia,Decrescente,Sol,Dupla,Reta,Sim,0.0,0.0,1.0,1.0,1.0,0.0,2.0,2.0,SPRF-ES,DEL01-ES,UOP01-DEL01-ES,0,moderado
2025-01-30,08:20,2025-01-30 08:20:00,2025.0,1.0,quinta,8.0,manha,ES,SERRA,True,101.0,BR-101,279.5,-20.2184297,-40.3447046,Condutor deixou de manter distância do veículo da frente,Colisão traseira,Com Vítimas Feridas,Pleno dia,Decrescente,Céu Claro,Dupla,Reta,Sim,0.0,1.0,0.0,1.0,0.0,1.0,2.0,2.0,SPRF-ES,DEL02-ES,UOP01-DEL02-ES,1,grave
2025-01-30,11:05,2025-01-30 11:05:00,2025.0,1.0,quinta,11.0,manha,ES,CARIACICA,True,101.0,BR-101,295.0,-20.33223667,-40.40004683,Ausência de reação do condutor,Colisão traseira,Sem Vítimas,Pleno dia,Crescente,Céu Claro,Simples,Reta,Sim,0.0,0.0,0.0,0.0,2.0,0.0,2.0,2.0,SPRF-ES,DEL01-ES,UOP01-DEL01-ES,0,baixo
2025-01-30,13:30,2025-01-30 13:30:00,2025.0,1.0,quinta,13.0,tarde,ES,SERRA,True,101.0,BR-101,270.8,-20.23173793,-40.27412653,Demais falhas mecânicas ou elétricas,Tombamento,Com Vítimas Feridas,Pleno dia,Crescente,Sol,Múltipla,Reta,Sim,0.0,0.0,2.0,2.0,0.0,0.0,1.0,2.0,SPRF-ES,DEL02-ES,UOP01-DEL02-ES,0,moderado
2025-01-30,15:10,2025-01-30 15:10:00,2025.0,1.0,quinta,15.0,tarde,ES,VILA VELHA,True,0.0,BR-0,0.0,-20.48693316,-40.35321604,Curva acentuada,Colisão com objeto,Sem Vítimas,Pleno dia,Não Informado,Céu Claro,Simples,Curva,Sim,0.0,0.0,0.0,0.0,6.0,0.0,2.0,6.0,SPRF-ES,DEL01-ES,UOP01-DEL01-ES,0,baixo
2025-01-31,16:00,2025-01-31 16:00:00,2025.0,1.0,sexta,16.0,tarde,ES,SERRA,True,101.0,BR-101,267.1,-20.19930999,-40.26884609,Velocidade Incompatível,Colisão traseira,Com Vítimas Feridas,Pleno dia,Decrescente,Sol,Múltipla,Reta,Sim,0.0,0.0,1.0,1.0,1.0,0.0,2.0,2.0,SPRF-ES,DEL02-ES,UOP01-DEL02-ES,0,moderado
2025-01-31,18:20,2025-01-31 18:20:00,2025.0,1.0,sexta,18.0,noite,ES,SERRA,True,101.0,BR-101,266.9,-20.190199,-40.26828891,Ausência de reação do condutor,Colisão lateral mesmo sentido,Com Vítimas Feridas,Anoitecer,Decrescente,Céu Claro,Dupla,Reta,Sim,0.0,0.0,1.0,1.0,1.0,0.0,2.0,2.0,SPRF-ES,DEL02-ES,UOP01-DEL02-ES,0,moderado
2025-01-31,19:57,2025-01-31 19:57:00,2025.0,1.0,sexta,19.0,noite,ES,SERRA,True,101.0,BR-101,268.0,-20.20842,-40.269405,Ausência de reação do condutor,Saída de leito carroçável,Com Vítimas Feridas,Plena Noite,Crescente,Céu Claro,Dupla,Reta,Sim,0.0,0.0,1.0,1.0,0.0,0.0,1.0,1.0,SPRF-ES,DEL02-ES,UOP01-DEL02-ES,0,moderado
2025-02-02,05:00,2025-02-02 05:00:00,2025.0,2.0,domingo,5.0,madrugada,ES,SERRA,True,101.0,BR-101,262.4,-20.1572331,-40.27678329,Ausência de reação do condutor,Colisão com objeto,Com Vítimas Feridas,Amanhecer,Crescente,Sol,Dupla,Reta,Sim,0.0,0.0,1.0,1.0,1.0,0.0,1.0,2.0,SPRF-ES,DEL02-ES,UOP01-DEL02-ES,0,moderado
2025-02-03,09:00,2025-02-03 09:00:00,2025.0,2.0,segunda,9.0,manha,ES,VIANA,True,262.0,BR-262,18.9,-20.39137228,-40.48080285,Acessar a via sem observar a presença dos outros veículos,Colisão transversal,Com Vítimas Feridas,Pleno dia,Crescente,Sol,Simples,Reta,Sim,0.0,0.0,1.0,1.0,1.0,0.0,2.0,2.0,SPRF-ES,DEL01-ES,UOP01-DEL01-ES,0,moderado