data,hora,data_hora,ano,mes,dia_semana,hora_dia,periodo_dia,uf,municipio,regiao_grande_vitoria,rodovia,rodovia_label,km,latitude,longitude,causa,tipo_acidente,classificacao,fase_dia,sentido_via,condicao_metereologica,tipo_pista,tracado_via,uso_solo,mortos,feridos_graves,feridos_leves,feridos,ilesos,ignorados,veiculos,pessoas,regional,delegacia,uop,risco_alto,nivel_risco
2025-02-03,10:25,2025-02-03 10:25:00,2025.0,2.0,segunda,10.0,manha,ES,CARIACICA,True,101.0,BR-101,284.0,-20.24334991,-40.3696926,Ausência de reação do condutor,Saída de leito carroçável,Com Vítimas Feridas,Pleno dia,Decrescente,Sol,Dupla,Curva,Sim,0.0,0.0,1.0,1.0,1.0,0.0,1.0,2.0,SPRF-ES,DEL01-ES,UOP01-DEL01-ES,0,moderado
2025-02-03,19:45,2025-02-03 19:45:00,2025.0,2.0,segunda,19.0,noite,ES,SERRA,True,101.0,BR-101,260.8,-20.14616415,-40.28836206,Transitar na contramão,Colisão frontal,Com Vítimas Feridas,Plena Noite,Crescente,Céu Claro,Simples,Curva;Declive,Sim,0.0,0.0,3.0,3.0,0.0,0.0,2.0,3.0,SPRF-ES,DEL02-ES,UOP01-DEL02-ES,0,moderado
2025-02-04,08:30,2025-02-04 08:30:00,2025.0,2.0,terca,8.0,manha,ES,SERRA,True,101.0,BR-101,267.9,-20.19930999,-40.26884609,Manobra de mudança de faixa,Colisão lateral mesmo sentido,Com Vítimas Feridas,Pleno dia,Crescente,Sol,Múltipla,Interseção de Vias,Sim,0.0,0.0,1.0,1.0,0.0,1.0,2.0,2.0,SPRF-ES,DEL02-ES,UOP01-DEL02-ES,0,moderado
2025-02-04,10:50,2025-02-04 10:50:00,2025.0,2.0,terca,10.0,manha,ES,SERRA,True,101.0,BR-101,270.7,-20.22662056,-40.27075088,Ultrapassagem Indevida,Colisão lateral mesmo sentido,Com Vítimas Feridas,Pleno dia,Decrescente,Céu Claro,Dupla,Reta,Sim,0.0,0.0,1.0,1.0,0.0,1.0,2.0,2.0,SPRF-ES,DEL02-ES,UOP01-DEL02-ES,0,moderado
2025-01-08,20:30,2025-01-08 20:30:00,2025.0,1.0,quarta,20.0,noite,ES,VILA VELHA,True,101.0,BR-101,315.4,-20.46976694,-40.46795209,Pedestre andava na pista,Atropelamento de Pedestre,Com Vítimas Fatais,Plena Noite,Crescente,Chuva,Dupla,Reta;Declive,Não,1.0,0.0,0.0,0.0,0.0,1.0,2.0,2.0,SPRF-ES,DEL01-ES,UOP01-DEL01-ES,1,fatal
2025-02-06,13:30,2025-02-06 13:30:00,2025.0,2.0,quinta,13.0,tarde,ES,SERRA,True,101.0,BR-101,247.9,-20.06746339,-40.37085006,Demais falhas mecânicas ou elétricas,Incêndio,Sem Vítimas,Pleno dia,Decrescente,Sol,Simples,Curva,Não,0.0,0.0,0.0,0.0,1.0,0.0,1.0,1.0,SPRF-ES,DEL02-ES,UOP01-DEL02-ES,0,baixo
2025-02-06,13:40,2025-02-06 13:40:00,2025.0,2.0,quinta,13.0,tarde,ES,VIANA,True,101.0,BR-101,296.9,-20.35374444,-40.4156433,Condutor deixou de manter distância do veículo da frente,Colisão traseira,Com Vítimas Feridas,Pleno dia,Crescente,Céu Claro,Múltipla,Curva,Sim,0.0,0.0,1.0,1.0,1.0,0.0,2.0,2.0,SPRF-ES,DEL01-ES,UOP01-DEL01-ES,0,moderado
2025-02-06,15:29,2025-02-06 15:29:00,2025.0,2.0,quinta,15.0,tarde,ES,CARIACICA,True,101.0,BR-101,297.7,-20.35100457,-40.41328311,Condutor deixou de manter distância do veículo da frente,Colisão lateral mesmo sentido,Com Vítimas Feridas,Pleno dia,Crescente,Céu Claro,Dupla,Reta,Sim,0.0,0.0,2.0,2.0,1.0,0.0,2.0,3.0,SPRF-ES,DEL01-ES,UOP01-DEL01-ES,0,moderado
2025-01-03,19:40,2025-01-03 19:40:00,2025.0,1.0,sexta,19.0,noite,ES,CARIACICA,True,101.0,BR-101,289.6,-20.28029304,-40.39302931,Manobra de mudança de faixa,Colisão lateral mesmo sentido,Com Vítimas Feridas,Plena Noite,Decrescente,Nublado,Dupla,Aclive,Sim,0.0,0.0,1.0,1.0,1.0,0.0,2.0,2.0,SPRF-ES,DEL01-ES,UOP01-DEL01-ES,0,moderado
2025-02-07,16:30,2025-02-07 16:30:00,2025.0,2.0,sexta,16.0,tarde,ES,SERRA,True,101.0,BR-101,266.0,-20.190199,-40.26828891,Reação tardia ou ineficiente do condutor,Tombamento,Com Vítimas Feridas,Pleno dia,Decrescente,Céu Claro,Dupla,Reta,Sim,0.0,0.0,1.0,1.0,0.0,1.0,2.0,2.0,SPRF-ES,DEL02-ES,UOP01-DEL02-ES,0,moderado
2025-02-08,08:10,2025-02-08 08:10:00,2025.0,2.0,sabado,8.0,manha,ES,SERRA,True,101.0,BR-101,277.8,-20.21307738,-40.32125972,Ultrapassagem Indevida,Colisão lateral mesmo sentido,Com Vítimas Feridas,Pleno dia,Crescente,Sol,Dupla,Reta,Não,0.0,0.0,1.0,1.0,1.0,0.0,2.0,2.0,SPRF-ES,DEL02-ES,UOP01-DEL02-ES,0,moderado
2025-02-08,15:50,2025-02-08 15:50:00,2025.0,2.0,sabado,15.0,tarde,ES,CARIACICA,True,262.0,BR-262,0.9,-20.320793,-40.353315,Reação tardia ou ineficiente do condutor,Colisão traseira,Com Vítimas Feridas,Pleno dia,Crescente,Sol,Dupla,Ponte;Reta,Sim,0.0,1.0,1.0,2.0,0.0,0.0,2.0,2.0,SPRF-ES,DEL01-ES,UOP01-DEL01-ES,1,grave
2025-02-09,12:30,2025-02-09 12:30:00,2025.0,2.0,domingo,12.0,tarde,ES,SERRA,True,101.0,BR-101,275.0,-20.20828089,-40.30388897,Reação tardia ou ineficiente do condutor,Queda de ocupante de veículo,Com Vítimas Feridas,Pleno dia,Decrescente,Céu Claro,Dupla,Reta,Não,0.0,0.0,1.0,1.0,0.0,0.0,1.0,1.0,SPRF-ES,DEL02-ES,UOP01-DEL02-ES,0,moderado
2025-02-09,17:00,2025-02-09 17:00:00,2025.0,2.0,domingo,17.0,tarde,ES,GUARAPARI,True,101.0,BR-101,350.1,-20.665676,-40.655926,Ausência de reação do condutor,Capotamento,Com Vítimas Feridas,Pleno dia,Crescente,Sol,Dupla,Curva,Não,0.0,0.0,2.0,2.0,0.0,0.0,1.0,2.0,SPRF-ES,DEL03-ES,UOP01-DEL03-ES,0,moderado
2025-02-09,17:30,2025-02-09 17:30:00,2025.0,2.0,domingo,17.0,tarde,ES,SERRA,True,101.0,BR-101,260.0,-20.14616415,-40.28836206,Ausência de reação do condutor,Queda de ocupante de veículo,Com Vítimas Feridas,Plena Noite,Crescente,Céu Claro,Simples,Reta,Não,0.0,0.0,1.0,1.0,0.0,0.0,1.0,1.0,SPRF-ES,DEL02-ES,UOP01-DEL02-ES,0,moderado
2025-02-09,18:00,2025-02-09 18:00:00,2025.0,2.0,domingo,18.0,noite,ES,SERRA,True,101.0,BR-101,270.0,-20.22662056,-40.27075088,Conversão proibida,Colisão transversal,Com Vítimas Feridas,Anoitecer,Decrescente,Céu Claro,Múltipla,Reta;Interseção de Vias,Sim,0.0,0.0,1.0,1.0,2.0,1.0,3.0,4.0,SPRF-ES,DEL02-ES,UOP01-DEL02-ES,0,moderado
2025-02-09,19:00,2025-02-09 19:00:00,2025.0,2.0,domingo,19.0,noite,ES,FUNDAO,True,101.0,BR-101,231.0,-19.94425773,-40.40662323,Velocidade Incompatível,Colisão traseira,Com Vítimas Feridas,Pleno dia,Decrescente,Céu Claro,Simples,Reta,Não,0.0,0.0,2.0,2.0,0.0,1.0,2.0,3.0,SPRF-ES,DEL02-ES,UOP01-DEL02-ES,0,moderado
2025-02-10,12:30,2025-02-10 12:30:00,2025.0,2.0,segunda,12.0,tarde,ES,VILA VELHA,True,101.0,BR-101,319.7,-20.50358302,-40.47483522,Demais falhas mecânicas ou elétricas,Tombamento,Com Vítimas Feridas,Pleno dia,Decrescente,Céu Claro,Dupla,Aclive,Não,0.0,0.0,1.0,1.0,0.0,0.0,1.0,1.0,SPRF-ES,DEL03-ES,UOP01-DEL03-ES,0,moderado
2025-02-11,08:25,2025-02-11 08:25:00,2025.0,2.0,terca,8.0,manha,ES,CARIACICA,True,101.0,BR-101,285.2,-20.25148171,-40.37270066,Ausência de reação do condutor,Colisão traseira,Com Vítimas Feridas,Pleno dia,Decrescente,Céu Claro,Dupla,Reta,Sim,0.0,0.0,1.0,1.0,1.0,0.0,2.0,2.0,SPRF-ES,DEL01-ES,UOP01-DEL01-ES,0,moderado
2025-02-11,14:20,2025-02-11 14:20:00,2025.0,2.0,terca,14.0,tarde,ES,CARIACICA,True,101.0,BR-101,296.0,-20.34029997,-40.40405712,Acumulo de areia ou detritos sobre o pavimento,Queda de ocupante de veículo,Com Vítimas Feridas,Pleno dia,Crescente,Céu Claro,Simples,Reta,Não,0.0,0.0,1.0,1.0,0.0,0.0,1.0,1.0,SPRF-ES,DEL01-ES,UOP01-DEL01-ES,0,moderado
2025-02-12,04:30,2025-02-12 04:30:00,2025.0,2.0,quarta,4.0,madrugada,ES,SERRA,True,101.0,BR-101,262.2,-20.1615273,-40.2752806,Reação tardia ou ineficiente do condutor,Tombamento,Com Vítimas Feridas,Amanhecer,Decrescente,Céu Claro,Dupla,Reta;Declive,Sim,0.0,0.0,1.0,1.0,0.0,0.0,1.0,1.0,SPRF-ES,DEL02-ES,UOP01-DEL02-ES,0,moderado
2025-02-12,07:45,2025-02-12 07:45:00,2025.0,2.0,quarta,7.0,manha,ES,SERRA,True,101.0,BR-101,265.0,-20.1816849,-40.26536036,Ausência de reação do condutor,Colisão lateral mesmo sentido,Com Vítimas Feridas,Pleno dia,Crescente,Céu Claro,Dupla,Reta,Não,0.0,1.0,0.0,1.0,1.0,0.0,2.0,2.0,SPRF-ES,DEL02-ES,UOP01-DEL02-ES,1,grave
2025-02-12,07:57,2025-02-12 07:57:00,2025.0,2.0,quarta,7.0,manha,ES,VIANA,True,101.0,BR-101,297.0,-20.34529844,-40.41026774,Condutor deixou de manter distância do veículo da frente,Colisão traseira,Com Vítimas Feridas,Pleno dia,Crescente,Céu Claro,Múltipla,Reta,Sim,0.0,0.0,1.0,1.0,2.0,0.0,3.0,3.0,SPRF-ES,DEL01-ES,UOP01-DEL01-ES,0,moderado
2025-02-12,09:00,2025-02-12 09:00:00,2025.0,2.0,quarta,9.0,manha,ES,SERRA,True,101.0,BR-101,278.9,-20.21698365,-40.32974606,Condutor Dormindo,Saída de leito carroçável,Com Vítimas Feridas,Pleno dia,Decrescente,Céu Claro,Dupla,Curva;Declive,Não,0.0,0.0,1.0,1.0,1.0,0.0,1.0,2.0,SPRF-ES,DEL02-ES,UOP01-DEL02-ES,0,moderado
2025-02-12,15:15,2025-02-12 15:15:00,2025.0,2.0,quarta,15.0,tarde,ES,SERRA,True,101.0,BR-101,259.0,-20.13930636,-40.29233694,Velocidade Incompatível,Saída de leito carroçável,Com Vítimas Feridas,Pleno dia,Decrescente,Sol,Simples,Curva;Declive,Sim,0.0,0.0,2.0,2.0,0.0,0.0,1.0,2.0,SPRF-ES,DEL02-ES,UOP01-DEL02-ES,0,moderado
2025-02-12,18:30,2025-02-12 18:30:00,2025.0,2.0,quarta,18.0,noite,ES,SERRA,True,101.0,BR-101,262.0,-20.1572331,-40.27678329,Condutor deixou de manter distância do veículo da frente,Colisão traseira,Com Vítimas Feridas,Plena Noite,Crescente,Nublado,Dupla,Reta,Não,0.0,1.0,0.0,1.0,1.0,0.0,2.0,2.0,SPRF-ES,DEL02-ES,UOP01-DEL02-ES,1,grave
2025-02-12,21:40,2025-02-12 21:40:00,2025.0,2.0,quarta,21.0,noite,ES,SERRA,True,101.0,BR-101,269.0,-20.21740496,-40.26990578,Reação tardia ou ineficiente do condutor,Queda de ocupante de veículo,Com Vítimas Feridas,Plena Noite,Crescente,Céu Claro,Dupla,Reta,Sim,0.0,0.0,1.0,1.0,0.0,0.0,1.0,1.0,SPRF-ES,DEL02-ES,UOP01-DEL02-ES,0,moderado
2025-02-12,21:35,2025-02-12 21:35:00,2025.0,2.0,quarta,21.0,noite,ES,SERRA,True,101.0,BR-101,270.0,-20.22662056,-40.27075088,Condutor desrespeitou a iluminação vermelha do semáforo,Colisão transversal,Com Vítimas Feridas,Plena Noite,Decrescente,Céu Claro,Dupla,Interseção de Vias,Sim,0.0,2.0,0.0,2.0,0.0,1.0,2.0,3.0,SPRF-ES,DEL02-ES,UOP01-DEL02-ES,1,grave
2025-02-13,18:20,2025-02-13 18:20:00,2025.0,2.0,quinta,18.0,noite,ES,SERRA,True,101.0,BR-101,263.0,-20.16554736,-40.27301648,Reação tardia ou ineficiente do condutor,Queda de ocupante de veículo,Com Vítimas Feridas,Anoitecer,Decrescente,Céu Claro,Dupla,Reta,Sim,0.0,0.0,1.0,1.0,0.0,0.0,1.0,1.0,SPRF-ES,DEL02-ES,UOP01-DEL02-ES,0,moderado
2025-02-14,07:20,2025-02-14 07:20:00,2025.0,2.0,sexta,7.0,manha,ES,CARIACICA,True,101.0,BR-101,285.1,-20.25148171,-40.37270066,Acessar a via sem observar a presença dos outros veículos,Colisão transversal,Com Vítimas Feridas,Pleno dia,Crescente,Céu Claro,Simples,Retorno Regulamentado,Sim,0.0,1.0,0.0,1.0,1.0,0.0,2.0,2.0,SPRF-ES,DEL01-ES,UOP01-DEL01-ES,1,grave
2025-02-14,14:30,2025-02-14 14:30:00,2025.0,2.0,sexta,14.0,tarde,ES,VIANA,True,101.0,BR-101,299.7,-20.35860628,-40.42327504,Acessar a via sem observar a presença dos outros veículos,Atropelamento de Pedestre,Com Vítimas Feridas,Pleno dia,Crescente,Céu Claro,Múltipla,Reta,Sim,0.0,1.0,0.0,1.0,1.0,0.0,2.0,2.0,SPRF-ES,DEL01-ES,UOP01-DEL01-ES,1,grave
2025-02-14,15:50,2025-02-14 15:50:00,2025.0,2.0,sexta,15.0,tarde,ES,CARIACICA,True,101.0,BR-101,293.0,-20.31413276,-40.39536023,Conversão proibida,Colisão lateral mesmo sentido,Com Vítimas Feridas,Pleno dia,Decrescente,Céu Claro,Dupla,Em Obras;Reta,Sim,0.0,0.0,3.0,3.0,0.0,0.0,2.0,3.0,SPRF-ES,DEL01-ES,UOP01-DEL01-ES,0,moderado
2025-02-14,20:00,2025-02-14 20:00:00,2025.0,2.0,sexta,20.0,noite,ES,VIANA,True,101.0,BR-101,308.0,-20.40809191,-40.45835336,Reação tardia ou ineficiente do condutor,Saída de leito carroçável,Com Vítimas Feridas,Plena Noite,Decrescente,Céu Claro,Dupla,Reta,Não,0.0,1.0,2.0,3.0,0.0,0.0,1.0,3.0,SPRF-ES,DEL01-ES,UOP01-DEL01-ES,1,grave
2025-02-15,02:20,2025-02-15 02:20:00,2025.0,2.0,sabado,2.0,madrugada,ES,GUARAPARI,True,101.0,BR-101,327.3,-20.57231099,-40.48455601,Ausência de reação do condutor,Colisão com objeto,Com Vítimas Feridas,Plena Noite,Decrescente,Céu Claro,Dupla,Reta,Não,0.0,1.0,0.0,1.0,0.0,0.0,1.0,1.0,SPRF-ES,DEL03-ES,UOP01-DEL03-ES,1,grave
2025-02-15,07:40,2025-02-15 07:40:00,2025.0,2.0,sabado,7.0,manha,ES,SERRA,True,101.0,BR-101,270.5,-20.22662056,-40.27075088,Faixas de trânsito com largura insuficiente,Colisão lateral mesmo sentido,Sem Vítimas,Pleno dia,Crescente,Céu Claro,Simples,Reta,Sim,0.0,0.0,0.0,0.0,2.0,0.0,2.0,2.0,SPRF-ES,DEL02-ES,UOP01-DEL02-ES,0,baixo
2025-02-15,14:20,2025-02-15 14:20:00,2025.0,2.0,sabado,14.0,tarde,ES,VIANA,True,101.0,BR-101,299.5,-20.35860628,-40.42327504,Desrespeitar a preferência no cruzamento,Colisão transversal,Com Vítimas Feridas,Pleno dia,Crescente,Sol,Múltipla,Interseção de Vias,Sim,0.0,0.0,1.0,1.0,1.0,0.0,2.0,2.0,SPRF-ES,DEL01-ES,UOP01-DEL01-ES,0,moderado
2025-02-16,08:00,2025-02-16 08:00:00,2025.0,2.0,domingo,8.0,manha,ES,CARIACICA,True,101.0,BR-101,282.0,-20.23066465,-40.36692012,Reação tardia ou ineficiente do condutor,Colisão lateral sentido oposto,Com Vítimas Feridas,Pleno dia,Crescente,Céu Claro,Dupla,Retorno Regulamentado,Sim,0.0,0.0,1.0,1.0,0.0,1.0,2.0,2.0,SPRF-ES,DEL01-ES,UOP01-DEL01-ES,0,moderado
2025-02-16,11:51,2025-02-16 11:51:00,2025.0,2.0,domingo,11.0,manha,ES,VIANA,True,262.0,BR-262,22.9,-20.37976169,-40.52199585,Velocidade Incompatível,Tombamento,Com Vítimas Feridas,Pleno dia,Crescente,Sol,Simples,Aclive;Curva,Sim,0.0,0.0,1.0,1.0,0.0,0.0,1.0,1.0,SPRF-ES,DEL01-ES,UOP01-DEL01-ES,0,moderado
2025-02-16,12:30,2025-02-16 12:30:00,2025.0,2.0,domingo,12.0,tarde,ES,VIANA,True,101.0,BR-101,303.5,-20.37695747,-40.44527144,Avarias e/ou desgaste excessivo no pneu,Saída de leito carroçável,Com Vítimas Feridas,Pleno dia,Decrescente,Sol,Dupla,Reta,Sim,0.0,0.0,1.0,1.0,2.0,0.0,1.0,3.0,SPRF-ES,DEL01-ES,UOP01-DEL01-ES,0,moderado
2025-02-17,11:00,2025-02-17 11:00:00,2025.0,2.0,segunda,11.0,manha,ES,FUNDAO,True,101.0,BR-101,239.5,-20.00782494,-40.40790907,Acessar a via sem observar a presença dos outros veículos,Colisão traseira,Com Vítimas Feridas,Pleno dia,Crescente,Sol,Dupla,Reta,Sim,0.0,0.0,1.0,1.0,1.0,0.0,2.0,2.0,SPRF-ES,DEL02-ES,UOP01-DEL02-ES,0,moderado
2025-02-17,15:05,2025-02-17 15:05:00,2025.0,2.0,segunda,15.0,tarde,ES,SERRA,True,101.0,BR-101,270.0,-20.22,-40.27,Condutor deixou de manter distância do veículo da frente,Colisão traseira,Com Vítimas Feridas,Pleno dia,Crescente,Céu Claro,Múltipla,Reta,Sim,0.0,0.0,1.0,1.0,1.0,0.0,2.0,2.0,SPRF-ES,DEL02-ES,UOP01-DEL02-ES,0,moderado
2025-02-10,13:50,2025-02-10 13:50:00,2025.0,2.0,segunda,13.0,tarde,ES,SERRA,True,101.0,BR-101,265.0,-20.1816849,-40.26536036,Ausência de reação do condutor,Colisão com objeto,Com Vítimas Feridas,Pleno dia,Decrescente,Céu Claro,Dupla,Declive,Sim,0.0,0.0,1.0,1.0,0.0,0.0,1.0,1.0,SPRF-ES,DEL02-ES,UOP01-DEL02-ES,0,moderado
2025-02-18,17:02,2025-02-18 17:02:00,2025.0,2.0,terca,17.0,tarde,ES,SERRA,True,101.0,BR-101,269.0,-20.21740496,-40.26990578,Ausência de reação do condutor,Colisão traseira,Sem Vítimas,Anoitecer,Decrescente,Céu Claro,Dupla,Reta,Sim,0.0,0.0,0.0,0.0,1.0,2.0,3.0,3.0,SPRF-ES,DEL02-ES,UOP01-DEL02-ES,0,baixo
2025-02-19,15:00,2025-02-19 15:00:00,2025.0,2.0,quarta,15.0,tarde,ES,CARIACICA,True,101.0,BR-101,282.4,-20.22694,-40.36458,Reação tardia ou ineficiente do condutor,Queda de ocupante de veículo,Com Vítimas Feridas,Pleno dia,Crescente,Céu Claro,Dupla,Reta,Sim,0.0,0.0,1.0,1.0,0.0,0.0,1.0,1.0,SPRF-ES,DEL01-ES,UOP01-DEL01-ES,0,moderado
2025-02-19,19:00,2025-02-19 19:00:00,2025.0,2.0,quarta,19.0,noite,ES,SERRA,True,101.0,BR-101,269.6,-20.21740496,-40.26990578,Transitar na contramão,Colisão lateral sentido oposto,Com Vítimas Feridas,Plena Noite,Crescente,Céu Claro,Múltipla,Interseção de Vias;Reta,Sim,0.0,0.0,1.0,1.0,1.0,0.0,2.0,2.0,SPRF-ES,DEL02-ES,UOP01-DEL02-ES,0,moderado
2025-02-20,07:40,2025-02-20 07:40:00,2025.0,2.0,quinta,7.0,manha,ES,SERRA,True,101.0,BR-101,269.0,-20.21740496,-40.26990578,Ausência de reação do condutor,Colisão lateral mesmo sentido,Com Vítimas Feridas,Pleno dia,Crescente,Sol,Dupla,Reta,Sim,0.0,0.0,1.0,1.0,0.0,2.0,3.0,3.0,SPRF-ES,DEL02-ES,UOP01-DEL02-ES,0,moderado
2025-02-20,09:30,2025-02-20 09:30:00,2025.0,2.0,quinta,9.0,manha,ES,SERRA,True,101.0,BR-101,267.0,-20.19930999,-40.26884609,Reação tardia ou ineficiente do condutor,Colisão com objeto,Com Vítimas Feridas,Pleno dia,Decrescente,Céu Claro,Dupla,Reta,Sim,0.0,0.0,1.0,1.0,0.0,0.0,1.0,1.0,SPRF-ES,DEL02-ES,UOP01-DEL02-ES,0,moderado
2025-02-20,22:45,2025-02-20 22:45:00,2025.0,2.0,quinta,22.0,noite,ES,VIANA,True,262.0,BR-262,14.0,-20.37037726,-40.46264648,Acumulo de areia ou detritos sobre o pavimento,Queda de ocupante de veículo,Com Vítimas Feridas,Plena Noite,Crescente,Céu Claro,Simples,Reta,Não,0.0,0.0,2.0,2.0,0.0,0.0,1.0,2.0,SPRF-ES,DEL01-ES,UOP01-DEL01-ES,0,moderado
2025-02-21,13:06,2025-02-21 13:06:00,2025.0,2.0,sexta,13.0,tarde,ES,CARIACICA,True,101.0,BR-101,286.8,-20.2649997,-40.38474977,Reação tardia ou ineficiente do condutor,Queda de ocupante de veículo,Com Vítimas Feridas,Pleno dia,Decrescente,Céu Claro,Dupla,Reta,Sim,0.0,1.0,0.0,1.0,0.0,0.0,1.0,1.0,SPRF-ES,DEL01-ES,UOP01-DEL01-ES,1,grave
2025-02-21,13:45,2025-02-21 13:45:00,2025.0,2.0,sexta,13.0,tarde,ES,GUARAPARI,True,101.0,BR-101,327.0,-20.53282676,-40.48427582,Ausência de reação do condutor,Colisão com objeto,Com Vítimas Feridas,Pleno dia,Decrescente,Céu Claro,Dupla,Reta,Não,0.0,0.0,1.0,1.0,0.0,0.0,1.0,1.0,SPRF-ES,DEL03-ES,UOP01-DEL03-ES,0,moderado
2025-02-21,18:00,2025-02-21 18:00:00,2025.0,2.0,sexta,18.0,noite,ES,SERRA,True,101.0,BR-101,279.2,-20.21834819,-40.33939362,Demais falhas mecânicas ou elétricas,Colisão lateral mesmo sentido,Com Vítimas Feridas,Anoitecer,Decrescente,Céu Claro,Dupla,Reta,Não,0.0,0.0,1.0,1.0,1.0,0.0,2.0,2.0,SPRF-ES,DEL02-ES,UOP01-DEL02-ES,0,moderado
2025-02-22,09:05,2025-02-22 09:05:00,2025.0,2.0,sabado,9.0,manha,ES,SERRA,True,101.0,BR-101,266.7,-20.19446565,-40.26849747,Manobra de mudança de faixa,Tombamento,Com Vítimas Feridas,Pleno dia,Decrescente,Céu Claro,Dupla,Reta,Sim,0.0,1.0,0.0,1.0,0.0,0.0,1.0,1.0,SPRF-ES,DEL02-ES,UOP01-DEL02-ES,1,grave
2025-02-22,19:44,2025-02-22 19:44:00,2025.0,2.0,sabado,19.0,noite,ES,SERRA,True,101.0,BR-101,253.0,-20.10449153,-40.33268452,Acessar a via sem observar a presença dos outros veículos,Colisão frontal,Sem Vítimas,Plena Noite,Crescente,Ignorado,Simples,Reta,Não,0.0,0.0,0.0,0.0,2.0,0.0,2.0,2.0,SPRF-ES,DEL02-ES,UOP01-DEL02-ES,0,baixo
2025-02-22,20:12,2025-02-22 20:12:00,2025.0,2.0,sabado,20.0,noite,ES,SERRA,True,101.0,BR-101,261.2,-20.15022357,-40.27900749,Retorno proibido,Colisão transversal,Com Vítimas Feridas,Plena Noite,Decrescente,Céu Claro,Dupla,Reta,Sim,0.0,1.0,0.0,1.0,1.0,0.0,2.0,2.0,SPRF-ES,DEL02-ES,UOP01-DEL02-ES,1,grave
2025-02-22,19:40,2025-02-22 19:40:00,2025.0,2.0,sabado,19.0,noite,ES,CARIACICA,True,101.0,BR-101,296.0,-20.34374309,-40.40738298,Reação tardia ou ineficiente do condutor,Colisão traseira,Sem Vítimas,Plena Noite,Decrescente,Nublado,Múltipla,Reta,Sim,0.0,0.0,0.0,0.0,4.0,0.0,4.0,4.0,SPRF-ES,DEL01-ES,UOP01-DEL01-ES,0,baixo
2025-02-22,20:36,2025-02-22 20:36:00,2025.0,2.0,sabado,20.0,noite,ES,SERRA,True,101.0,BR-101,256.0,-20.12205432,-40.30606227,Velocidade Incompatível,Colisão transversal,Com Vítimas Feridas,Plena Noite,Decrescente,Céu Claro,Simples,Declive;Reta,Sim,0.0,1.0,0.0,1.0,1.0,0.0,2.0,2.0,SPRF-ES,DEL02-ES,UOP01-DEL02-ES,1,grave
2025-02-23,01:30,2025-02-23 01:30:00,2025.0,2.0,domingo,1.0,madrugada,ES,SERRA,True,101.0,BR-101,262.3,-20.17287558,-40.26772499,Manobra de mudança de faixa,Tombamento,Com Vítimas Feridas,Plena Noite,Crescente,Céu Claro,Dupla,Reta,Sim,0.0,1.0,0.0,1.0,0.0,0.0,1.0,1.0,SPRF-ES,DEL02-ES,UOP01-DEL02-ES,1,grave
2025-02-23,13:50,2025-02-23 13:50:00,2025.0,2.0,domingo,13.0,tarde,ES,SERRA,True,101.0,BR-101,270.5,-20.230717,-40.273077,Reação tardia ou ineficiente do condutor,Colisão transversal,Com Vítimas Feridas,Pleno dia,Decrescente,Céu Claro,Dupla,Interseção de Vias,Sim,0.0,0.0,2.0,2.0,1.0,0.0,2.0,3.0,SPRF-ES,DEL02-ES,UOP01-DEL02-ES,0,moderado
2025-02-24,07:20,2025-02-24 07:20:00,2025.0,2.0,segunda,7.0,manha,ES,SERRA,True,101.0,BR-101,275.1,-20.207886,-40.3059966,Demais falhas mecânicas ou elétricas,Queda de ocupante de veículo,Com Vítimas Feridas,Pleno dia,Decrescente,Nublado,Dupla,Reta,Não,0.0,0.0,1.0,1.0,1.0,0.0,1.0,2.0,SPRF-ES,DEL02-ES,UOP01-DEL02-ES,0,moderado
2025-02-24,08:00,2025-02-24 08:00:00,2025.0,2.0,segunda,8.0,manha,ES,VIANA,True,101.0,BR-101,297.0,-20.35066256,-40.4129076,Chuva,Queda de ocupante de veículo,Com Vítimas Feridas,Pleno dia,Decrescente,Céu Claro,Dupla,Reta,Não,0.0,0.0,1.0,1.0,0.0,0.0,1.0,1.0,SPRF-ES,DEL01-ES,UOP01-DEL01-ES,0,moderado