data,hora,data_hora,ano,mes,dia_semana,hora_dia,periodo_dia,uf,municipio,regiao_grande_vitoria,rodovia,rodovia_label,km,latitude,longitude,causa,tipo_acidente,classificacao,fase_dia,sentido_via,condicao_metereologica,tipo_pista,tracado_via,uso_solo,mortos,feridos_graves,feridos_leves,feridos,ilesos,ignorados,veiculos,pessoas,regional,delegacia,uop,risco_alto,nivel_risco
2025-02-24,13:15,2025-02-24 13:15:00,2025.0,2.0,segunda,13.0,tarde,ES,CARIACICA,True,101.0,BR-101,290.0,-20.31934019,-40.39518356,Ausência de reação do condutor,Colisão com objeto,Com Vítimas Feridas,Pleno dia,Crescente,Céu Claro,Múltipla,Reta,Não,0.0,1.0,0.0,1.0,0.0,0.0,1.0,1.0,SPRF-ES,DEL01-ES,UOP01-DEL01-ES,1,grave
2025-02-26,08:50,2025-02-26 08:50:00,2025.0,2.0,quarta,8.0,manha,ES,GUARAPARI,True,101.0,BR-101,335.0,-20.52434115,-40.47863781,Acumulo de óleo sobre o pavimento,Tombamento,Com Vítimas Feridas,Pleno dia,Decrescente,Sol,Simples,Aclive;Viaduto;Curva,Não,0.0,0.0,1.0,1.0,0.0,0.0,1.0,1.0,SPRF-ES,DEL03-ES,UOP01-DEL03-ES,0,moderado
2025-02-26,09:30,2025-02-26 09:30:00,2025.0,2.0,quarta,9.0,manha,ES,CARIACICA,True,262.0,BR-262,0.9,-20.33023865,-40.35482168,Ausência de reação do condutor,Colisão com objeto,Com Vítimas Feridas,Pleno dia,Crescente,Céu Claro,Dupla,Reta,Não,0.0,1.0,0.0,1.0,0.0,0.0,1.0,1.0,SPRF-ES,DEL01-ES,UOP01-DEL01-ES,1,grave
2025-02-26,16:20,2025-02-26 16:20:00,2025.0,2.0,quarta,16.0,tarde,ES,FUNDAO,True,101.0,BR-101,236.9,-20.01252593,-40.40576443,Ultrapassagem Indevida,Colisão lateral sentido oposto,Com Vítimas Feridas,Pleno dia,Decrescente,Céu Claro,Simples,Reta,Não,0.0,0.0,1.0,1.0,2.0,0.0,2.0,3.0,SPRF-ES,DEL02-ES,UOP01-DEL02-ES,0,moderado
2025-02-26,17:30,2025-02-26 17:30:00,2025.0,2.0,quarta,17.0,tarde,ES,CARIACICA,True,101.0,BR-101,288.9,-20.27905829,-40.39274454,Desrespeitar a preferência no cruzamento,Colisão transversal,Com Vítimas Feridas,Pleno dia,Decrescente,Céu Claro,Dupla,Reta;Retorno Regulamentado,Sim,0.0,1.0,0.0,1.0,1.0,0.0,2.0,2.0,SPRF-ES,DEL01-ES,UOP01-DEL01-ES,1,grave
2025-02-27,06:40,2025-02-27 06:40:00,2025.0,2.0,quinta,6.0,manha,ES,CARIACICA,True,101.0,BR-101,290.7,-20.29380473,-40.39307205,Trafegar com motocicleta (ou similar) entre as faixas,Tombamento,Com Vítimas Feridas,Pleno dia,Crescente,Céu Claro,Dupla,Retorno Regulamentado;Interseção de Vias;Reta,Sim,0.0,0.0,1.0,1.0,0.0,0.0,1.0,1.0,SPRF-ES,DEL01-ES,UOP01-DEL01-ES,0,moderado
2025-02-27,09:00,2025-02-27 09:00:00,2025.0,2.0,quinta,9.0,manha,ES,SERRA,True,101.0,BR-101,262.1,-20.1596343,-40.2759383,Reação tardia ou ineficiente do condutor,Engavetamento,Com Vítimas Feridas,Pleno dia,Decrescente,Sol,Dupla,Retorno Regulamentado;Aclive;Reta,Sim,0.0,0.0,1.0,1.0,2.0,0.0,3.0,3.0,SPRF-ES,DEL02-ES,UOP01-DEL02-ES,0,moderado
2025-02-27,12:50,2025-02-27 12:50:00,2025.0,2.0,quinta,12.0,tarde,ES,SERRA,True,101.0,BR-101,260.4,-20.1464183,-40.2823853,Reação tardia ou ineficiente do condutor,Tombamento,Com Vítimas Feridas,Pleno dia,Decrescente,Céu Claro,Simples,Curva,Não,0.0,0.0,2.0,2.0,0.0,0.0,1.0,2.0,SPRF-ES,DEL02-ES,UOP01-DEL02-ES,0,moderado
2025-02-27,13:00,2025-02-27 13:00:00,2025.0,2.0,quinta,13.0,tarde,ES,SERRA,True,101.0,BR-101,266.0,-20.195578,-40.268852,Ausência de reação do condutor,Colisão traseira,Com Vítimas Feridas,Pleno dia,Crescente,Céu Claro,Dupla,Reta,Sim,0.0,1.0,0.0,1.0,1.0,0.0,2.0,2.0,SPRF-ES,DEL02-ES,UOP01-DEL02-ES,1,grave
2025-02-28,09:30,2025-02-28 09:30:00,2025.0,2.0,sexta,9.0,manha,ES,SERRA,True,101.0,BR-101,2.0,-20.0488573,-40.3866917,Chuva,Saída de leito carroçável,Sem Vítimas,Pleno dia,Crescente,Garoa/Chuvisco,Dupla,Reta,Não,0.0,0.0,0.0,0.0,2.0,0.0,1.0,2.0,SPRF-ES,DEL04-ES,UOP02-DEL04-ES,0,baixo
2025-02-28,14:50,2025-02-28 14:50:00,2025.0,2.0,sexta,14.0,tarde,ES,SERRA,True,101.0,BR-101,269.0,-20.0488766,-40.3867382,Trafegar com motocicleta (ou similar) entre as faixas,Colisão lateral mesmo sentido,Com Vítimas Feridas,Pleno dia,Decrescente,Céu Claro,Dupla,Reta,Sim,0.0,0.0,1.0,1.0,1.0,0.0,2.0,2.0,SPRF-ES,DEL02-ES,UOP01-DEL02-ES,0,moderado
2025-03-01,06:00,2025-03-01 06:00:00,2025.0,3.0,sabado,6.0,manha,ES,SERRA,True,101.0,BR-101,249.7,-20.0783513,-40.3514725,Ausência de reação do condutor,Colisão frontal,Com Vítimas Feridas,Amanhecer,Crescente,Nublado,Simples,Reta,Sim,0.0,2.0,0.0,2.0,3.0,0.0,3.0,5.0,SPRF-ES,DEL02-ES,UOP01-DEL02-ES,1,grave
2025-02-05,15:50,2025-02-05 15:50:00,2025.0,2.0,quarta,15.0,tarde,ES,SERRA,True,101.0,BR-101,263.0,-20.16554736,-40.27301648,Manobra de mudança de faixa,Colisão lateral mesmo sentido,Com Vítimas Feridas,Pleno dia,Crescente,Céu Claro,Dupla,Reta,Sim,0.0,0.0,1.0,1.0,1.0,0.0,2.0,2.0,SPRF-ES,DEL02-ES,UOP01-DEL02-ES,0,moderado
2025-01-05,20:30,2025-01-05 20:30:00,2025.0,1.0,domingo,20.0,noite,ES,SERRA,True,101.0,BR-101,258.8,-20.13847031,-40.29231548,Pista Escorregadia,Capotamento,Com Vítimas Feridas,Pleno dia,Crescente,Chuva,Dupla,Reta,Sim,0.0,0.0,1.0,1.0,0.0,0.0,1.0,1.0,SPRF-ES,DEL02-ES,UOP01-DEL02-ES,0,moderado
2025-01-06,05:50,2025-01-06 05:50:00,2025.0,1.0,segunda,5.0,madrugada,ES,SERRA,True,101.0,BR-101,281.0,-20.22112792,-40.35720552,Ausência de reação do condutor,Colisão lateral mesmo sentido,Com Vítimas Feridas,Amanhecer,Decrescente,Céu Claro,Dupla,Viaduto,Não,0.0,1.0,0.0,1.0,0.0,1.0,2.0,2.0,SPRF-ES,DEL02-ES,UOP01-DEL02-ES,1,grave
2025-01-15,12:10,2025-01-15 12:10:00,2025.0,1.0,quarta,12.0,tarde,ES,SERRA,True,101.0,BR-101,259.0,-20.138397,-40.292213,Ausência de reação do condutor,Colisão com objeto,Com Vítimas Fatais,Pleno dia,Crescente,Nublado,Simples,Declive;Reta,Não,1.0,0.0,0.0,0.0,0.0,0.0,1.0,1.0,SPRF-ES,DEL02-ES,UOP01-DEL02-ES,1,fatal
2025-03-04,11:00,2025-03-04 11:00:00,2025.0,3.0,terca,11.0,manha,ES,SERRA,True,101.0,BR-101,278.9,-20.21726296,-40.33709049,Ausência de reação do condutor,Saída de leito carroçável,Com Vítimas Feridas,Pleno dia,Crescente,Chuva,Simples,Curva;Aclive;Viaduto,Não,0.0,0.0,2.0,2.0,0.0,0.0,1.0,2.0,SPRF-ES,DEL02-ES,UOP01-DEL02-ES,0,moderado
2025-03-04,16:18,2025-03-04 16:18:00,2025.0,3.0,terca,16.0,tarde,ES,FUNDAO,True,101.0,BR-101,269.0,-20.0245248,-40.1965056,Condutor desrespeitou a iluminação vermelha do semáforo,Colisão transversal,Com Vítimas Feridas,Pleno dia,Decrescente,Garoa/Chuvisco,Dupla,Reta,Sim,0.0,1.0,0.0,1.0,2.0,0.0,2.0,3.0,SPRF-ES,DEL02-ES,UOP01-DEL02-ES,1,grave
2025-03-05,08:00,2025-03-05 08:00:00,2025.0,3.0,quarta,8.0,manha,ES,CARIACICA,True,101.0,BR-101,293.0,-20.31608634,-40.39554259,Frear bruscamente,Tombamento,Com Vítimas Feridas,Pleno dia,Decrescente,Céu Claro,Dupla,Aclive;Reta,Sim,0.0,0.0,1.0,1.0,0.0,0.0,1.0,1.0,SPRF-ES,DEL01-ES,UOP01-DEL01-ES,0,moderado
2025-03-06,07:42,2025-03-06 07:42:00,2025.0,3.0,quinta,7.0,manha,ES,SERRA,True,101.0,BR-101,276.0,-20.2091426,-40.3077458,Animais na Pista,Colisão frontal,Com Vítimas Feridas,Pleno dia,Decrescente,Céu Claro,Dupla,Reta,Não,0.0,0.0,2.0,2.0,0.0,0.0,2.0,2.0,SPRF-ES,DEL02-ES,UOP01-DEL02-ES,0,moderado
2025-03-06,08:59,2025-03-06 08:59:00,2025.0,3.0,quinta,8.0,manha,ES,SERRA,True,101.0,BR-101,267.8,-20.048846,-40.386408,Trafegar com motocicleta (ou similar) entre as faixas,Colisão lateral mesmo sentido,Com Vítimas Feridas,Pleno dia,Crescente,Céu Claro,Múltipla,Reta,Sim,0.0,1.0,0.0,1.0,1.0,0.0,2.0,2.0,SPRF-ES,DEL02-ES,UOP01-DEL02-ES,1,grave
2025-03-06,08:00,2025-03-06 08:00:00,2025.0,3.0,quinta,8.0,manha,ES,SERRA,True,101.0,BR-101,268.7,-20.21026189,-40.26943177,Manobra de mudança de faixa,Colisão lateral mesmo sentido,Com Vítimas Feridas,Pleno dia,Crescente,Céu Claro,Múltipla,Reta,Não,0.0,0.0,1.0,1.0,1.0,0.0,2.0,2.0,SPRF-ES,DEL02-ES,UOP01-DEL02-ES,0,moderado
2025-03-06,12:27,2025-03-06 12:27:00,2025.0,3.0,quinta,12.0,tarde,ES,VIANA,True,262.0,BR-262,19.0,-20.39245272,-40.48893213,Acesso irregular,Colisão transversal,Com Vítimas Feridas,Pleno dia,Crescente,Céu Claro,Simples,Reta,Sim,0.0,1.0,0.0,1.0,1.0,0.0,2.0,2.0,SPRF-ES,DEL01-ES,UOP01-DEL01-ES,1,grave
2025-03-06,16:40,2025-03-06 16:40:00,2025.0,3.0,quinta,16.0,tarde,ES,SERRA,True,101.0,BR-101,260.0,-20.14643123,-40.28737982,Manobra de mudança de faixa,Tombamento,Com Vítimas Feridas,Pleno dia,Decrescente,Céu Claro,Dupla,Aclive;Reta,Sim,0.0,0.0,1.0,1.0,0.0,0.0,1.0,1.0,SPRF-ES,DEL02-ES,UOP01-DEL02-ES,0,moderado
2025-03-07,17:20,2025-03-07 17:20:00,2025.0,3.0,sexta,17.0,tarde,ES,CARIACICA,True,101.0,BR-101,296.9,-20.344795,-40.409725,Avarias e/ou desgaste excessivo no pneu,Tombamento,Com Vítimas Feridas,Pleno dia,Decrescente,Céu Claro,Dupla,Reta,Sim,0.0,0.0,2.0,2.0,0.0,0.0,1.0,2.0,SPRF-ES,DEL01-ES,UOP01-DEL01-ES,0,moderado
2025-03-07,20:41,2025-03-07 20:41:00,2025.0,3.0,sexta,20.0,noite,ES,CARIACICA,True,101.0,BR-101,291.7,-20.3048807,-40.39483925,Frear bruscamente,Colisão traseira,Com Vítimas Feridas,Plena Noite,Decrescente,Céu Claro,Dupla,Reta,Não,0.0,0.0,1.0,1.0,0.0,1.0,2.0,2.0,SPRF-ES,DEL01-ES,UOP01-DEL01-ES,0,moderado
2025-03-08,09:04,2025-03-08 09:04:00,2025.0,3.0,sabado,9.0,manha,ES,SERRA,True,101.0,BR-101,269.0,-20.054016,-40.3800064,Condutor desrespeitou a iluminação vermelha do semáforo,Colisão transversal,Com Vítimas Feridas,Pleno dia,Crescente,Nublado,Simples,Reta,Não,0.0,1.0,0.0,1.0,2.0,0.0,2.0,3.0,SPRF-ES,DEL02-ES,UOP01-DEL02-ES,1,grave
2025-03-08,16:15,2025-03-08 16:15:00,2025.0,3.0,sabado,16.0,tarde,ES,CARIACICA,True,101.0,BR-101,288.0,-20.27631767,-40.39238821,Demais falhas mecânicas ou elétricas,Incêndio,Sem Vítimas,Pleno dia,Crescente,Céu Claro,Dupla,Reta,Sim,0.0,0.0,0.0,0.0,1.0,0.0,1.0,1.0,SPRF-ES,DEL01-ES,UOP01-DEL01-ES,0,baixo
2025-03-08,17:15,2025-03-08 17:15:00,2025.0,3.0,sabado,17.0,tarde,ES,VILA VELHA,True,101.0,BR-101,314.0,-20.4625531,-40.4651956,Reação tardia ou ineficiente do condutor,Queda de ocupante de veículo,Com Vítimas Feridas,Pleno dia,Decrescente,Céu Claro,Dupla,Reta,Não,0.0,0.0,1.0,1.0,0.0,0.0,1.0,1.0,SPRF-ES,DEL01-ES,UOP01-DEL01-ES,0,moderado
2025-03-09,10:45,2025-03-09 10:45:00,2025.0,3.0,domingo,10.0,manha,ES,CARIACICA,True,101.0,BR-101,288.2,-20.27436921,-40.39206851,Reação tardia ou ineficiente do condutor,Tombamento,Com Vítimas Feridas,Pleno dia,Decrescente,Céu Claro,Dupla,Reta,Sim,0.0,0.0,2.0,2.0,0.0,0.0,1.0,2.0,SPRF-ES,DEL01-ES,UOP01-DEL01-ES,0,moderado
2025-03-09,14:45,2025-03-09 14:45:00,2025.0,3.0,domingo,14.0,tarde,ES,SERRA,True,101.0,BR-101,270.0,-20.22207531,-40.27021162,Desrespeitar a preferência no cruzamento,Colisão transversal,Com Vítimas Feridas,Pleno dia,Decrescente,Céu Claro,Dupla,Interseção de Vias,Sim,0.0,1.0,0.0,1.0,1.0,0.0,2.0,2.0,SPRF-ES,DEL02-ES,UOP01-DEL02-ES,1,grave
2025-03-09,17:15,2025-03-09 17:15:00,2025.0,3.0,domingo,17.0,tarde,ES,SERRA,True,101.0,BR-101,265.5,-20.188112,-40.268147,Manobra de mudança de faixa,Colisão lateral mesmo sentido,Com Vítimas Feridas,Anoitecer,Decrescente,Céu Claro,Dupla,Reta,Sim,0.0,0.0,1.0,1.0,1.0,2.0,3.0,4.0,SPRF-ES,DEL02-ES,UOP01-DEL02-ES,0,moderado
2025-03-09,21:55,2025-03-09 21:55:00,2025.0,3.0,domingo,21.0,noite,ES,VIANA,True,101.0,BR-101,308.2,-20.4194822,-40.4578394,Acessar a via sem observar a presença dos outros veículos,Atropelamento de Pedestre,Com Vítimas Feridas,Plena Noite,Crescente,Céu Claro,Múltipla,Reta,Sim,0.0,1.0,0.0,1.0,0.0,2.0,2.0,3.0,SPRF-ES,DEL01-ES,UOP01-DEL01-ES,1,grave
2025-03-10,07:30,2025-03-10 07:30:00,2025.0,3.0,segunda,7.0,manha,ES,SERRA,True,101.0,BR-101,263.9,-20.17318412,-40.26727312,Retorno proibido,Colisão traseira,Com Vítimas Feridas,Pleno dia,Crescente,Sol,Dupla,Aclive;Interseção de Vias;Reta,Sim,0.0,1.0,1.0,2.0,0.0,1.0,2.0,3.0,SPRF-ES,DEL02-ES,UOP01-DEL02-ES,1,grave
2025-03-11,18:57,2025-03-11 18:57:00,2025.0,3.0,terca,18.0,noite,ES,SERRA,True,101.0,BR-101,270.0,-20.230644,-40.273011,Reação tardia ou ineficiente do condutor,Colisão lateral mesmo sentido,Com Vítimas Feridas,Plena Noite,Decrescente,Céu Claro,Múltipla,Reta,Sim,0.0,0.0,1.0,1.0,1.0,0.0,2.0,2.0,SPRF-ES,DEL02-ES,UOP01-DEL02-ES,0,moderado
2025-03-11,22:40,2025-03-11 22:40:00,2025.0,3.0,terca,22.0,noite,ES,SERRA,True,101.0,BR-101,273.4,-20.21683,-40.29342,Transitar na contramão,Colisão frontal,Com Vítimas Feridas,Plena Noite,Decrescente,Céu Claro,Múltipla,Reta;Declive,Não,0.0,1.0,0.0,1.0,0.0,1.0,2.0,2.0,SPRF-ES,DEL02-ES,UOP01-DEL02-ES,1,grave
2025-03-12,07:14,2025-03-12 07:14:00,2025.0,3.0,quarta,7.0,manha,ES,VILA VELHA,True,447.0,BR-447,14.0,-20.3520306,-40.33355713,Falta de acostamento,Colisão lateral mesmo sentido,Com Vítimas Fatais,Pleno dia,Decrescente,Céu Claro,Dupla,Reta,Sim,1.0,0.0,0.0,0.0,1.0,0.0,2.0,2.0,SPRF-ES,DEL01-ES,UOP01-DEL01-ES,1,fatal
2025-03-12,12:41,2025-03-12 12:41:00,2025.0,3.0,quarta,12.0,tarde,ES,CARIACICA,True,101.0,BR-101,297.0,-20.348363,-40.411917,Ausência de reação do condutor,Tombamento,Com Vítimas Feridas,Pleno dia,Crescente,Céu Claro,Dupla,Reta,Sim,0.0,0.0,1.0,1.0,0.0,0.0,1.0,1.0,SPRF-ES,DEL01-ES,UOP01-DEL01-ES,0,moderado
2025-03-13,11:35,2025-03-13 11:35:00,2025.0,3.0,quinta,11.0,manha,ES,VIANA,True,262.0,BR-262,30.5,-20.37925261,-40.53523242,Manobra de mudança de faixa,Colisão lateral mesmo sentido,Com Vítimas Feridas,Pleno dia,Crescente,Céu Claro,Dupla,Curva,Não,0.0,0.0,1.0,1.0,2.0,0.0,3.0,3.0,SPRF-ES,DEL01-ES,UOP01-DEL01-ES,0,moderado
2025-03-13,17:40,2025-03-13 17:40:00,2025.0,3.0,quinta,17.0,tarde,ES,SERRA,True,101.0,BR-101,211.2,-20.0488509,-40.3866993,Desrespeitar a preferência no cruzamento,Colisão frontal,Com Vítimas Feridas,Anoitecer,Crescente,Nublado,Simples,Reta,Sim,0.0,1.0,0.0,1.0,1.0,0.0,2.0,2.0,SPRF-ES,DEL02-ES,UOP01-DEL02-ES,1,grave
2025-03-13,19:41,2025-03-13 19:41:00,2025.0,3.0,quinta,19.0,noite,ES,SERRA,True,101.0,BR-101,266.0,-20.1969,-40.2684,Entrada inopinada do pedestre,Atropelamento de Pedestre,Com Vítimas Feridas,Plena Noite,Crescente,Céu Claro,Dupla,Reta,Sim,0.0,0.0,1.0,1.0,2.0,0.0,3.0,3.0,SPRF-ES,DEL02-ES,UOP01-DEL02-ES,0,moderado
2025-03-13,19:15,2025-03-13 19:15:00,2025.0,3.0,quinta,19.0,noite,ES,CARIACICA,True,101.0,BR-101,293.9,-20.322713,-40.39506245,Condutor deixou de manter distância do veículo da frente,Colisão lateral mesmo sentido,Com Vítimas Feridas,Pleno dia,Crescente,Céu Claro,Dupla,Reta;Viaduto,Sim,0.0,0.0,2.0,2.0,1.0,0.0,2.0,3.0,SPRF-ES,DEL01-ES,UOP01-DEL01-ES,0,moderado
2025-03-14,07:05,2025-03-14 07:05:00,2025.0,3.0,sexta,7.0,manha,ES,FUNDAO,True,101.0,BR-101,233.0,-19.95006878,-40.40934324,Manobra de mudança de faixa,Tombamento,Com Vítimas Feridas,Pleno dia,Decrescente,Céu Claro,Simples,Reta,Não,0.0,0.0,1.0,1.0,0.0,0.0,1.0,1.0,SPRF-ES,DEL02-ES,UOP01-DEL02-ES,0,moderado
2025-03-14,07:20,2025-03-14 07:20:00,2025.0,3.0,sexta,7.0,manha,ES,SERRA,True,101.0,BR-101,279.3,-20.21823157,-40.3393887,Condutor deixou de manter distância do veículo da frente,Colisão traseira,Com Vítimas Feridas,Pleno dia,Decrescente,Céu Claro,Múltipla,Reta,Não,0.0,0.0,2.0,2.0,1.0,0.0,2.0,3.0,SPRF-ES,DEL02-ES,UOP01-DEL02-ES,0,moderado
2025-03-14,09:56,2025-03-14 09:56:00,2025.0,3.0,sexta,9.0,manha,ES,CARIACICA,True,101.0,BR-101,285.0,-20.31527463,-40.395509,Pedestre cruzava a pista fora da faixa,Atropelamento de Pedestre,Com Vítimas Feridas,Pleno dia,Decrescente,Céu Claro,Múltipla,Aclive;Reta,Sim,0.0,1.0,1.0,2.0,0.0,0.0,2.0,2.0,SPRF-ES,DEL01-ES,UOP01-DEL01-ES,1,grave
2025-03-14,10:40,2025-03-14 10:40:00,2025.0,3.0,sexta,10.0,manha,ES,CARIACICA,True,101.0,BR-101,290.5,-20.29389209,-40.39285994,Acessar a via sem observar a presença dos outros veículos,Colisão transversal,Com Vítimas Feridas,Pleno dia,Crescente,Céu Claro,Dupla,Reta,Sim,0.0,2.0,0.0,2.0,1.0,0.0,2.0,3.0,SPRF-ES,DEL01-ES,UOP01-DEL01-ES,1,grave
2025-03-14,15:13,2025-03-14 15:13:00,2025.0,3.0,sexta,15.0,tarde,ES,SERRA,True,101.0,BR-101,278.2,-20.054016,-40.3800064,Manobra de mudança de faixa,Tombamento,Com Vítimas Feridas,Pleno dia,Crescente,Céu Claro,Simples,Interseção de Vias,Sim,0.0,1.0,0.0,1.0,0.0,0.0,1.0,1.0,SPRF-ES,DEL02-ES,UOP01-DEL02-ES,1,grave
2025-03-14,19:34,2025-03-14 19:34:00,2025.0,3.0,sexta,19.0,noite,ES,SERRA,True,101.0,BR-101,269.0,-20.20620719,-40.26934736,Acessar a via sem observar a presença dos outros veículos,Colisão transversal,Com Vítimas Feridas,Plena Noite,Crescente,Nublado,Múltipla,Reta;Interseção de Vias,Sim,0.0,0.0,1.0,1.0,1.0,0.0,2.0,2.0,SPRF-ES,DEL02-ES,UOP01-DEL02-ES,0,moderado
2025-03-14,20:57,2025-03-14 20:57:00,2025.0,3.0,sexta,20.0,noite,ES,SERRA,True,101.0,BR-101,262.0,-20.15744099,-40.27716398,Reação tardia ou ineficiente do condutor,Tombamento,Com Vítimas Feridas,Plena Noite,Crescente,Céu Claro,Simples,Reta,Não,0.0,0.0,1.0,1.0,0.0,0.0,1.0,1.0,SPRF-ES,DEL02-ES,UOP01-DEL02-ES,0,moderado
2025-03-15,23:26,2025-03-15 23:26:00,2025.0,3.0,sabado,23.0,noite,ES,VIANA,True,101.0,BR-101,300.2,-20.359502,-40.433562,Condutor Dormindo,Capotamento,Com Vítimas Feridas,Plena Noite,Decrescente,Céu Claro,Dupla,Reta,Sim,0.0,0.0,1.0,1.0,0.0,0.0,1.0,1.0,SPRF-ES,DEL01-ES,UOP01-DEL01-ES,0,moderado
2025-03-16,06:30,2025-03-16 06:30:00,2025.0,3.0,domingo,6.0,manha,ES,SERRA,True,101.0,BR-101,243.0,-20.0488468,-40.3867006,Ultrapassagem Indevida,Colisão lateral mesmo sentido,Com Vítimas Feridas,Pleno dia,Decrescente,Céu Claro,Simples,Reta,Não,0.0,0.0,1.0,1.0,0.0,1.0,2.0,2.0,SPRF-ES,DEL02-ES,UOP01-DEL02-ES,0,moderado
2025-03-16,09:56,2025-03-16 09:56:00,2025.0,3.0,domingo,9.0,manha,ES,VIANA,True,101.0,BR-101,308.0,-20.414173,-40.459802,Avarias e/ou desgaste excessivo no pneu,Queda de ocupante de veículo,Com Vítimas Feridas,Pleno dia,Crescente,Céu Claro,Dupla,Reta,Não,0.0,1.0,1.0,2.0,0.0,0.0,1.0,2.0,SPRF-ES,DEL01-ES,UOP01-DEL01-ES,1,grave
2025-03-16,15:54,2025-03-16 15:54:00,2025.0,3.0,domingo,15.0,tarde,ES,VIANA,True,262.0,BR-262,19.0,-20.387477,-40.494995,Reação tardia ou ineficiente do condutor,Colisão lateral mesmo sentido,Com Vítimas Feridas,Pleno dia,Crescente,Céu Claro,Simples,Reta,Não,0.0,1.0,1.0,2.0,1.0,0.0,2.0,3.0,SPRF-ES,DEL01-ES,UOP01-DEL01-ES,1,grave
2025-03-17,07:40,2025-03-17 07:40:00,2025.0,3.0,segunda,7.0,manha,ES,VIANA,True,101.0,BR-101,307.0,-20.39960543,-40.4561125,Velocidade Incompatível,Colisão lateral mesmo sentido,Com Vítimas Feridas,Pleno dia,Decrescente,Chuva,Dupla,Reta,Não,0.0,1.0,0.0,1.0,1.0,0.0,2.0,2.0,SPRF-ES,DEL01-ES,UOP01-DEL01-ES,1,grave
2025-03-17,10:30,2025-03-17 10:30:00,2025.0,3.0,segunda,10.0,manha,ES,SERRA,True,101.0,BR-101,256.2,-20.122913,-40.305058,Manobra de mudança de faixa,Colisão lateral mesmo sentido,Com Vítimas Feridas,Pleno dia,Decrescente,Nublado,Múltipla,Reta,Sim,0.0,0.0,1.0,1.0,0.0,1.0,2.0,2.0,SPRF-ES,DEL02-ES,UOP01-DEL02-ES,0,moderado
2025-03-18,08:15,2025-03-18 08:15:00,2025.0,3.0,terca,8.0,manha,ES,CARIACICA,True,101.0,BR-101,289.0,-20.28651204,-40.39260864,Acessar a via sem observar a presença dos outros veículos,Colisão lateral mesmo sentido,Com Vítimas Feridas,Pleno dia,Decrescente,Céu Claro,Dupla,Reta;Declive,Sim,0.0,0.0,1.0,1.0,2.0,0.0,2.0,3.0,SPRF-ES,DEL01-ES,UOP01-DEL01-ES,0,moderado
2025-03-18,12:00,2025-03-18 12:00:00,2025.0,3.0,terca,12.0,tarde,ES,SERRA,True,101.0,BR-101,268.0,-20.21617179,-40.26969007,Acessar a via sem observar a presença dos outros veículos,Colisão transversal,Com Vítimas Feridas,Pleno dia,Decrescente,Céu Claro,Dupla,Curva,Sim,0.0,0.0,1.0,1.0,1.0,0.0,2.0,2.0,SPRF-ES,DEL02-ES,UOP01-DEL02-ES,0,moderado
2025-03-03,18:10,2025-03-03 18:10:00,2025.0,3.0,segunda,18.0,noite,ES,VIANA,True,262.0,BR-262,34.0,-20.3827789,-40.4596498,Pista Escorregadia,Saída de leito carroçável,Com Vítimas Feridas,Plena Noite,Crescente,Chuva,Simples,Curva,Não,0.0,0.0,1.0,1.0,2.0,0.0,3.0,3.0,SPRF-ES,DEL01-ES,UOP01-DEL01-ES,0,moderado
2025-03-20,04:00,2025-03-20 04:00:00,2025.0,3.0,quinta,4.0,madrugada,ES,CARIACICA,True,447.0,BR-447,14.0,-20.34802,-40.331815,Velocidade Incompatível,Capotamento,Sem Vítimas,Plena Noite,Crescente,Garoa/Chuvisco,Simples,Reta,Sim,0.0,0.0,0.0,0.0,0.0,1.0,1.0,1.0,SPRF-ES,DEL01-ES,UOP01-DEL01-ES,0,baixo
2025-03-20,08:00,2025-03-20 08:00:00,2025.0,3.0,quinta,8.0,manha,ES,VIANA,True,101.0,BR-101,299.0,-20.35724567,-40.42843759,Reação tardia ou ineficiente do condutor,Capotamento,Sem Vítimas,Pleno dia,Crescente,Nublado,Dupla,Reta,Sim,0.0,0.0,0.0,0.0,0.0,1.0,1.0,1.0,SPRF-ES,DEL01-ES,UOP01-DEL01-ES,0,baixo