data,hora,data_hora,ano,mes,dia_semana,hora_dia,periodo_dia,uf,municipio,regiao_grande_vitoria,rodovia,rodovia_label,km,latitude,longitude,causa,tipo_acidente,classificacao,fase_dia,sentido_via,condicao_metereologica,tipo_pista,tracado_via,uso_solo,mortos,feridos_graves,feridos_leves,feridos,ilesos,ignorados,veiculos,pessoas,regional,delegacia,uop,risco_alto,nivel_risco
2025-01-08,15:35,2025-01-08 15:35:00,2025.0,1.0,quarta,15.0,tarde,ES,SERRA,True,101.0,BR-101,7.1,-20.129093,-40.308125,Acumulo de água sobre o pavimento,Colisão com objeto,Com Vítimas Feridas,Pleno dia,Crescente,Chuva,Dupla,Reta,Não,0.0,1.0,1.0,2.0,0.0,0.0,1.0,2.0,SPRF-ES,DEL02-ES,UOP01-DEL02-ES,1,grave
2025-03-21,10:30,2025-03-21 10:30:00,2025.0,3.0,sexta,10.0,manha,ES,GUARAPARI,True,101.0,BR-101,347.6,-20.65219,-40.62928,Pedestre andava na pista,Atropelamento de Pedestre,Com Vítimas Feridas,Pleno dia,Crescente,Nublado,Dupla,Reta,Não,0.0,0.0,1.0,1.0,0.0,3.0,2.0,4.0,SPRF-ES,DEL03-ES,UOP01-DEL03-ES,0,moderado
2025-03-22,01:10,2025-03-22 01:10:00,2025.0,3.0,sabado,1.0,madrugada,ES,SERRA,True,101.0,BR-101,262.3,-20.16097054,-40.27558647,Ausência de reação do condutor,Colisão com objeto,Com Vítimas Feridas,Plena Noite,Decrescente,Céu Claro,Dupla,Reta,Sim,0.0,0.0,1.0,1.0,0.0,0.0,1.0,1.0,SPRF-ES,DEL02-ES,UOP01-DEL02-ES,0,moderado
2025-03-22,06:00,2025-03-22 06:00:00,2025.0,3.0,sabado,6.0,manha,ES,SERRA,True,101.0,BR-101,245.6,-20.0488473,-40.3867012,Manobra de mudança de faixa,Tombamento,Com Vítimas Feridas,Amanhecer,Crescente,Céu Claro,Simples,Reta,Sim,0.0,1.0,0.0,1.0,0.0,0.0,1.0,1.0,SPRF-ES,DEL02-ES,UOP01-DEL02-ES,1,grave
2025-03-23,20:00,2025-03-23 20:00:00,2025.0,3.0,domingo,20.0,noite,ES,SERRA,True,101.0,BR-101,257.6,-20.12843,-40.299102,Reação tardia ou ineficiente do condutor,Colisão transversal,Com Vítimas Feridas,Plena Noite,Crescente,Céu Claro,Dupla,Curva;Interseção de Vias,Sim,0.0,2.0,1.0,3.0,0.0,0.0,2.0,3.0,SPRF-ES,DEL02-ES,UOP01-DEL02-ES,1,grave
2025-03-23,21:30,2025-03-23 21:30:00,2025.0,3.0,domingo,21.0,noite,ES,SERRA,True,101.0,BR-101,257.0,-20.129535,-40.297318,Ingestão de álcool pelo condutor,Saída de leito carroçável,Sem Vítimas,Plena Noite,Decrescente,Céu Claro,Dupla,Reta;Aclive,Não,0.0,0.0,0.0,0.0,1.0,0.0,1.0,1.0,SPRF-ES,DEL02-ES,UOP01-DEL02-ES,0,baixo
2025-03-24,08:00,2025-03-24 08:00:00,2025.0,3.0,segunda,8.0,manha,ES,SERRA,True,101.0,BR-101,260.9,-20.048852,-40.3867003,Condutor deixou de manter distância do veículo da frente,Colisão traseira,Com Vítimas Feridas,Pleno dia,Crescente,Céu Claro,Dupla,Reta,Não,0.0,0.0,1.0,1.0,1.0,0.0,2.0,2.0,SPRF-ES,DEL02-ES,UOP01-DEL02-ES,0,moderado
2025-03-24,12:40,2025-03-24 12:40:00,2025.0,3.0,segunda,12.0,tarde,ES,CARIACICA,True,101.0,BR-101,281.0,-20.227768,-40.366113,Acessar a via sem observar a presença dos outros veículos,Colisão frontal,Com Vítimas Feridas,Pleno dia,Crescente,Céu Claro,Simples,Reta;Interseção de Vias,Sim,0.0,0.0,1.0,1.0,1.0,0.0,2.0,2.0,SPRF-ES,DEL02-ES,UOP01-DEL02-ES,0,moderado
2025-03-24,18:20,2025-03-24 18:20:00,2025.0,3.0,segunda,18.0,noite,ES,CARIACICA,True,101.0,BR-101,289.0,-20.28570697,-40.39260864,Condutor deixou de manter distância do veículo da frente,Colisão lateral mesmo sentido,Com Vítimas Feridas,Plena Noite,Crescente,Céu Claro,Dupla,Reta,Não,0.0,1.0,0.0,1.0,1.0,0.0,2.0,2.0,SPRF-ES,DEL01-ES,UOP01-DEL01-ES,1,grave
2025-03-24,20:38,2025-03-24 20:38:00,2025.0,3.0,segunda,20.0,noite,ES,VILA VELHA,True,101.0,BR-101,314.0,-20.46473,-40.46539,Reação tardia ou ineficiente do condutor,Queda de ocupante de veículo,Com Vítimas Feridas,Plena Noite,Decrescente,Ignorado,Dupla,Reta,Não,0.0,0.0,1.0,1.0,0.0,0.0,1.0,1.0,SPRF-ES,DEL01-ES,UOP01-DEL01-ES,0,moderado
2025-03-25,08:00,2025-03-25 08:00:00,2025.0,3.0,terca,8.0,manha,ES,SERRA,True,101.0,BR-101,269.6,-20.223273,-40.270356,Acessar a via sem observar a presença dos outros veículos,Atropelamento de Pedestre,Com Vítimas Feridas,Pleno dia,Decrescente,Sol,Múltipla,Reta,Sim,0.0,0.0,1.0,1.0,1.0,0.0,2.0,2.0,SPRF-ES,DEL02-ES,UOP01-DEL02-ES,0,moderado
2025-03-25,18:00,2025-03-25 18:00:00,2025.0,3.0,terca,18.0,noite,ES,CARIACICA,True,101.0,BR-101,286.5,-20.25546261,-40.37550319,Reação tardia ou ineficiente do condutor,Tombamento,Com Vítimas Feridas,Anoitecer,Crescente,Céu Claro,Dupla,Reta,Sim,0.0,0.0,2.0,2.0,0.0,0.0,1.0,2.0,SPRF-ES,DEL01-ES,UOP01-DEL01-ES,0,moderado
2025-03-25,17:00,2025-03-25 17:00:00,2025.0,3.0,terca,17.0,tarde,ES,SERRA,True,101.0,BR-101,264.0,-20.176899,-40.265692,Reação tardia ou ineficiente do condutor,Colisão traseira,Com Vítimas Feridas,Anoitecer,Decrescente,Céu Claro,Dupla,Reta,Não,0.0,0.0,1.0,1.0,2.0,0.0,2.0,3.0,SPRF-ES,DEL02-ES,UOP01-DEL02-ES,0,moderado
2025-03-25,22:00,2025-03-25 22:00:00,2025.0,3.0,terca,22.0,noite,ES,VIANA,True,101.0,BR-101,306.5,-20.39658675,-40.45781541,Demais falhas mecânicas ou elétricas,Incêndio,Sem Vítimas,Plena Noite,Decrescente,Nublado,Dupla,Reta,Não,0.0,0.0,0.0,0.0,1.0,0.0,1.0,1.0,SPRF-ES,DEL01-ES,UOP01-DEL01-ES,0,baixo
2025-03-26,00:30,2025-03-26 00:30:00,2025.0,3.0,quarta,0.0,madrugada,ES,SERRA,True,101.0,BR-101,270.4,-20.04885,-40.3866983,Acesso irregular,Colisão frontal,Sem Vítimas,Plena Noite,Crescente,Céu Claro,Múltipla,Interseção de Vias,Sim,0.0,0.0,0.0,0.0,2.0,0.0,2.0,2.0,SPRF-ES,DEL02-ES,UOP01-DEL02-ES,0,baixo
2025-03-28,06:40,2025-03-28 06:40:00,2025.0,3.0,sexta,6.0,manha,ES,CARIACICA,True,262.0,BR-262,0.8,-20.3300629,-40.354654,Condutor deixou de manter distância do veículo da frente,Colisão traseira,Com Vítimas Feridas,Pleno dia,Decrescente,Sol,Dupla,Reta;Ponte;Interseção de Vias,Sim,0.0,0.0,1.0,1.0,1.0,0.0,2.0,2.0,SPRF-ES,DEL01-ES,UOP01-DEL01-ES,0,moderado
2025-03-28,08:40,2025-03-28 08:40:00,2025.0,3.0,sexta,8.0,manha,ES,VIANA,True,101.0,BR-101,300.0,-20.36888318,-40.44385845,Acumulo de areia ou detritos sobre o pavimento,Tombamento,Com Vítimas Feridas,Pleno dia,Decrescente,Céu Claro,Múltipla,Viaduto,Sim,0.0,0.0,1.0,1.0,1.0,0.0,1.0,2.0,SPRF-ES,DEL01-ES,UOP01-DEL01-ES,0,moderado
2025-03-28,11:40,2025-03-28 11:40:00,2025.0,3.0,sexta,11.0,manha,ES,CARIACICA,True,101.0,BR-101,295.6,-20.33628185,-40.40247029,Reação tardia ou ineficiente do condutor,Queda de ocupante de veículo,Com Vítimas Feridas,Pleno dia,Crescente,Céu Claro,Múltipla,Reta,Sim,0.0,0.0,1.0,1.0,0.0,0.0,1.0,1.0,SPRF-ES,DEL01-ES,UOP01-DEL01-ES,0,moderado
2025-03-28,13:30,2025-03-28 13:30:00,2025.0,3.0,sexta,13.0,tarde,ES,CARIACICA,True,101.0,BR-101,292.8,-20.311744,-40.395167,Acesso irregular,Colisão lateral mesmo sentido,Com Vítimas Feridas,Pleno dia,Crescente,Sol,Múltipla,Reta,Sim,0.0,0.0,2.0,2.0,1.0,0.0,2.0,3.0,SPRF-ES,DEL01-ES,UOP01-DEL01-ES,0,moderado
2025-03-28,17:40,2025-03-28 17:40:00,2025.0,3.0,sexta,17.0,tarde,ES,CARIACICA,True,101.0,BR-101,283.0,-20.242584,-40.369826,Reação tardia ou ineficiente do condutor,Tombamento,Com Vítimas Feridas,Anoitecer,Crescente,Céu Claro,Múltipla,Reta,Sim,0.0,1.0,1.0,2.0,0.0,0.0,1.0,2.0,SPRF-ES,DEL01-ES,UOP01-DEL01-ES,1,grave
2025-03-28,21:20,2025-03-28 21:20:00,2025.0,3.0,sexta,21.0,noite,ES,SERRA,True,101.0,BR-101,241.0,-20.02616333,-40.39835,Transitar na contramão,Colisão frontal,Com Vítimas Feridas,Plena Noite,Crescente,Céu Claro,Simples,Reta,Não,0.0,1.0,0.0,1.0,1.0,0.0,2.0,2.0,SPRF-ES,DEL02-ES,UOP01-DEL02-ES,1,grave
2025-03-29,15:43,2025-03-29 15:43:00,2025.0,3.0,sabado,15.0,tarde,ES,SERRA,True,101.0,BR-101,281.9,-20.226233,-40.363418,Demais falhas mecânicas ou elétricas,Tombamento,Com Vítimas Feridas,Pleno dia,Crescente,Sol,Dupla,Reta,Não,0.0,0.0,2.0,2.0,0.0,0.0,1.0,2.0,SPRF-ES,DEL02-ES,UOP01-DEL02-ES,0,moderado
2025-03-29,19:35,2025-03-29 19:35:00,2025.0,3.0,sabado,19.0,noite,ES,CARIACICA,True,101.0,BR-101,288.9,-20.278582,-40.392597,Reação tardia ou ineficiente do condutor,Colisão traseira,Com Vítimas Feridas,Plena Noite,Decrescente,Céu Claro,Dupla,Reta,Sim,0.0,2.0,0.0,2.0,1.0,0.0,2.0,3.0,SPRF-ES,DEL01-ES,UOP01-DEL01-ES,1,grave
2025-03-30,21:00,2025-03-30 21:00:00,2025.0,3.0,domingo,21.0,noite,ES,SERRA,True,101.0,BR-101,280.6,-20.21838846,-40.34145355,Condutor Dormindo,Capotamento,Com Vítimas Feridas,Plena Noite,Crescente,Céu Claro,Dupla,Reta,Não,0.0,0.0,3.0,3.0,0.0,0.0,1.0,3.0,SPRF-ES,DEL02-ES,UOP01-DEL02-ES,0,moderado
2025-03-31,08:55,2025-03-31 08:55:00,2025.0,3.0,segunda,8.0,manha,ES,SERRA,True,101.0,BR-101,260.7,-20.1465779,-40.2821566,Condutor deixou de manter distância do veículo da frente,Colisão traseira,Com Vítimas Feridas,Pleno dia,Crescente,Céu Claro,Dupla,Curva,Sim,0.0,0.0,1.0,1.0,1.0,0.0,2.0,2.0,SPRF-ES,DEL02-ES,UOP01-DEL02-ES,0,moderado
2025-03-31,11:30,2025-03-31 11:30:00,2025.0,3.0,segunda,11.0,manha,ES,SERRA,True,101.0,BR-101,260.7,-20.148073,-40.280028,Reação tardia ou ineficiente do condutor,Tombamento,Com Vítimas Feridas,Pleno dia,Crescente,Céu Claro,Simples,Curva,Não,0.0,0.0,1.0,1.0,0.0,0.0,1.0,1.0,SPRF-ES,DEL02-ES,UOP01-DEL02-ES,0,moderado
2025-04-01,14:44,2025-04-01 14:44:00,2025.0,4.0,terca,14.0,tarde,ES,CARIACICA,True,101.0,BR-101,288.4,-20.274991,-40.392349,Ausência de reação do condutor,Saída de leito carroçável,Com Vítimas Feridas,Pleno dia,Crescente,Sol,Dupla,Reta,Sim,0.0,0.0,2.0,2.0,0.0,0.0,1.0,2.0,SPRF-ES,DEL01-ES,UOP01-DEL01-ES,0,moderado
2025-04-01,18:36,2025-04-01 18:36:00,2025.0,4.0,terca,18.0,noite,ES,CARIACICA,True,101.0,BR-101,292.5,-20.30610061,-40.39505151,Desrespeitar a preferência no cruzamento,Colisão transversal,Com Vítimas Feridas,Plena Noite,Crescente,Nublado,Dupla,Reta;Retorno Regulamentado,Sim,0.0,0.0,1.0,1.0,1.0,0.0,2.0,2.0,SPRF-ES,DEL01-ES,UOP01-DEL01-ES,0,moderado
2025-04-02,10:50,2025-04-02 10:50:00,2025.0,4.0,quarta,10.0,manha,ES,SERRA,True,101.0,BR-101,270.0,-20.0488586,-40.386697,Acumulo de areia ou detritos sobre o pavimento,Queda de ocupante de veículo,Com Vítimas Feridas,Pleno dia,Crescente,Céu Claro,Dupla,Curva,Sim,0.0,0.0,1.0,1.0,0.0,0.0,1.0,1.0,SPRF-ES,DEL02-ES,UOP01-DEL02-ES,0,moderado
2025-04-02,12:50,2025-04-02 12:50:00,2025.0,4.0,quarta,12.0,tarde,ES,SERRA,True,101.0,BR-101,254.0,-20.112009,-40.325225,Ausência de reação do condutor,Colisão com objeto,Com Vítimas Feridas,Pleno dia,Decrescente,Céu Claro,Simples,Reta,Sim,0.0,0.0,1.0,1.0,0.0,0.0,1.0,1.0,SPRF-ES,DEL02-ES,UOP01-DEL02-ES,0,moderado
2025-04-02,15:20,2025-04-02 15:20:00,2025.0,4.0,quarta,15.0,tarde,ES,SERRA,True,101.0,BR-101,266.5,-20.195745,-40.268515,Ausência de reação do condutor,Colisão lateral sentido oposto,Com Vítimas Feridas,Pleno dia,Decrescente,Sol,Múltipla,Reta,Sim,0.0,1.0,0.0,1.0,1.0,0.0,2.0,2.0,SPRF-ES,DEL02-ES,UOP01-DEL02-ES,1,grave
2025-04-02,18:25,2025-04-02 18:25:00,2025.0,4.0,quarta,18.0,noite,ES,CARIACICA,True,101.0,BR-101,295.1,-20.3334435,-40.4010046,Entrada inopinada do pedestre,Atropelamento de Pedestre,Com Vítimas Feridas,Plena Noite,Decrescente,Céu Claro,Dupla,Reta,Sim,0.0,1.0,0.0,1.0,1.0,0.0,2.0,2.0,SPRF-ES,DEL01-ES,UOP01-DEL01-ES,1,grave
2025-04-02,19:20,2025-04-02 19:20:00,2025.0,4.0,quarta,19.0,noite,ES,SERRA,True,101.0,BR-101,266.6,-20.048857,-40.3867007,Pedestre andava na pista,Queda de ocupante de veículo,Com Vítimas Feridas,Plena Noite,Crescente,Céu Claro,Múltipla,Reta,Sim,0.0,0.0,1.0,1.0,0.0,0.0,1.0,1.0,SPRF-ES,DEL02-ES,UOP01-DEL02-ES,0,moderado
2025-04-02,22:10,2025-04-02 22:10:00,2025.0,4.0,quarta,22.0,noite,ES,SERRA,True,101.0,BR-101,267.9,-20.20706,-40.269677,Acessar a via sem observar a presença dos outros veículos,Colisão lateral mesmo sentido,Com Vítimas Feridas,Plena Noite,Crescente,Céu Claro,Múltipla,Reta,Sim,0.0,0.0,2.0,2.0,1.0,0.0,2.0,3.0,SPRF-ES,DEL02-ES,UOP01-DEL02-ES,0,moderado
2025-04-03,15:00,2025-04-03 15:00:00,2025.0,4.0,quinta,15.0,tarde,ES,SERRA,True,101.0,BR-101,267.9,-20.2063692,-40.26911728,Ausência de reação do condutor,Colisão traseira,Com Vítimas Feridas,Pleno dia,Decrescente,Céu Claro,Dupla,Reta,Sim,0.0,0.0,1.0,1.0,1.0,0.0,2.0,2.0,SPRF-ES,DEL02-ES,UOP01-DEL02-ES,0,moderado
2025-04-03,18:35,2025-04-03 18:35:00,2025.0,4.0,quinta,18.0,noite,ES,SERRA,True,101.0,BR-101,259.5,-20.14636266,-40.28823607,Velocidade Incompatível,Colisão traseira,Com Vítimas Feridas,Anoitecer,Decrescente,Ignorado,Dupla,Curva,Não,0.0,0.0,1.0,1.0,1.0,0.0,2.0,2.0,SPRF-ES,DEL02-ES,UOP01-DEL02-ES,0,moderado
2025-04-04,13:45,2025-04-04 13:45:00,2025.0,4.0,sexta,13.0,tarde,ES,SERRA,True,101.0,BR-101,267.1,-20.20097028,-40.26926994,Ausência de reação do condutor,Colisão traseira,Com Vítimas Feridas,Pleno dia,Crescente,Céu Claro,Múltipla,Reta,Sim,0.0,0.0,1.0,1.0,0.0,1.0,2.0,2.0,SPRF-ES,DEL02-ES,UOP01-DEL02-ES,0,moderado
2025-04-04,16:00,2025-04-04 16:00:00,2025.0,4.0,sexta,16.0,tarde,ES,SERRA,True,101.0,BR-101,268.5,-20.21476333,-40.26998833,Pedestre cruzava a pista fora da faixa,Atropelamento de Pedestre,Com Vítimas Feridas,Pleno dia,Crescente,Sol,Múltipla,Reta,Sim,0.0,0.0,2.0,2.0,0.0,0.0,2.0,2.0,SPRF-ES,DEL02-ES,UOP01-DEL02-ES,0,moderado
2025-04-05,07:35,2025-04-05 07:35:00,2025.0,4.0,sabado,7.0,manha,ES,SERRA,True,101.0,BR-101,270.7,-20.23250385,-40.2762961,Condutor deixou de manter distância do veículo da frente,Colisão traseira,Com Vítimas Feridas,Pleno dia,Crescente,Nublado,Dupla,Curva,Sim,0.0,1.0,0.0,1.0,1.0,0.0,2.0,2.0,SPRF-ES,DEL02-ES,UOP01-DEL02-ES,1,grave
2025-04-05,10:13,2025-04-05 10:13:00,2025.0,4.0,sabado,10.0,manha,ES,CARIACICA,True,101.0,BR-101,297.0,-20.345774,-40.410576,Acesso irregular,Colisão lateral mesmo sentido,Com Vítimas Feridas,Pleno dia,Decrescente,Céu Claro,Dupla,Curva;Aclive;Interseção de Vias,Sim,0.0,1.0,1.0,2.0,1.0,0.0,2.0,3.0,SPRF-ES,DEL01-ES,UOP01-DEL01-ES,1,grave
2025-04-06,07:00,2025-04-06 07:00:00,2025.0,4.0,domingo,7.0,manha,ES,SERRA,True,101.0,BR-101,267.0,-20.205417,-40.269545,Ausência de reação do condutor,Colisão traseira,Com Vítimas Feridas,Pleno dia,Crescente,Garoa/Chuvisco,Múltipla,Reta,Sim,0.0,2.0,0.0,2.0,1.0,0.0,2.0,3.0,SPRF-ES,DEL02-ES,UOP01-DEL02-ES,1,grave
2025-04-06,13:30,2025-04-06 13:30:00,2025.0,4.0,domingo,13.0,tarde,ES,SERRA,True,101.0,BR-101,268.2,-20.0488865,-40.3867121,Condutor deixou de manter distância do veículo da frente,Colisão traseira,Com Vítimas Feridas,Pleno dia,Crescente,Céu Claro,Múltipla,Reta,Sim,0.0,0.0,1.0,1.0,2.0,0.0,2.0,3.0,SPRF-ES,DEL02-ES,UOP01-DEL02-ES,0,moderado
2025-04-07,06:45,2025-04-07 06:45:00,2025.0,4.0,segunda,6.0,manha,ES,GUARAPARI,True,101.0,BR-101,336.0,-20.6635008,-40.6061056,Chuva,Saída de leito carroçável,Com Vítimas Feridas,Amanhecer,Decrescente,Chuva,Dupla,Aclive;Reta,Não,0.0,0.0,1.0,1.0,1.0,0.0,1.0,2.0,SPRF-ES,DEL03-ES,UOP01-DEL03-ES,0,moderado
2025-04-07,08:20,2025-04-07 08:20:00,2025.0,4.0,segunda,8.0,manha,ES,SERRA,True,101.0,BR-101,267.6,-20.20282998,-40.26916589,Manobra de mudança de faixa,Colisão lateral mesmo sentido,Com Vítimas Feridas,Pleno dia,Crescente,Chuva,Dupla,Reta,Sim,0.0,0.0,1.0,1.0,2.0,0.0,2.0,3.0,SPRF-ES,DEL02-ES,UOP01-DEL02-ES,0,moderado
2025-04-07,08:50,2025-04-07 08:50:00,2025.0,4.0,segunda,8.0,manha,ES,GUARAPARI,True,101.0,BR-101,335.4,-20.62941055,-40.53711534,Chuva,Saída de leito carroçável,Com Vítimas Feridas,Pleno dia,Decrescente,Chuva,Dupla,Aclive;Curva,Não,0.0,0.0,1.0,1.0,1.0,0.0,1.0,2.0,SPRF-ES,DEL03-ES,UOP01-DEL03-ES,0,moderado
2025-04-08,08:55,2025-04-08 08:55:00,2025.0,4.0,terca,8.0,manha,ES,SERRA,True,101.0,BR-101,269.2,-20.22002047,-40.2702665,Manobra de mudança de faixa,Colisão lateral mesmo sentido,Com Vítimas Feridas,Pleno dia,Crescente,Sol,Múltipla,Reta,Sim,0.0,0.0,2.0,2.0,0.0,0.0,2.0,2.0,SPRF-ES,DEL02-ES,UOP01-DEL02-ES,0,moderado
2025-04-08,17:10,2025-04-08 17:10:00,2025.0,4.0,terca,17.0,tarde,ES,CARIACICA,True,101.0,BR-101,287.0,-20.25231936,-40.37333965,Acessar a via sem observar a presença dos outros veículos,Colisão transversal,Com Vítimas Feridas,Anoitecer,Crescente,Céu Claro,Dupla,Reta,Sim,0.0,0.0,1.0,1.0,1.0,0.0,2.0,2.0,SPRF-ES,DEL01-ES,UOP01-DEL01-ES,0,moderado
2025-04-09,09:20,2025-04-09 09:20:00,2025.0,4.0,quarta,9.0,manha,ES,VITORIA,True,0.0,BR-0,0.0,-20.28727685,-40.30412793,Condutor deixou de manter distância do veículo da frente,Colisão traseira,Sem Vítimas,Pleno dia,Não Informado,Céu Claro,Dupla,Reta,Sim,0.0,0.0,0.0,0.0,2.0,0.0,2.0,2.0,SPRF-ES,DEL02-ES,UOP01-DEL02-ES,0,baixo
2025-04-10,08:00,2025-04-10 08:00:00,2025.0,4.0,quinta,8.0,manha,ES,CARIACICA,True,101.0,BR-101,288.5,-20.2667107,-40.38679177,Trafegar com motocicleta (ou similar) entre as faixas,Colisão traseira,Com Vítimas Feridas,Pleno dia,Decrescente,Céu Claro,Dupla,Reta,Sim,0.0,1.0,0.0,1.0,1.0,0.0,2.0,2.0,SPRF-ES,DEL01-ES,UOP01-DEL01-ES,1,grave
2025-04-10,08:30,2025-04-10 08:30:00,2025.0,4.0,quinta,8.0,manha,ES,SERRA,True,101.0,BR-101,268.0,-20.21641,-40.27012,Pedestre cruzava a pista fora da faixa,Atropelamento de Pedestre,Com Vítimas Feridas,Pleno dia,Crescente,Céu Claro,Dupla,Reta,Sim,0.0,0.0,1.0,1.0,1.0,0.0,2.0,2.0,SPRF-ES,DEL02-ES,UOP01-DEL02-ES,0,moderado
2025-04-11,04:20,2025-04-11 04:20:00,2025.0,4.0,sexta,4.0,madrugada,ES,VIANA,True,262.0,BR-262,20.0,-20.381129,-40.504147,Reação tardia ou ineficiente do condutor,Colisão com objeto,Sem Vítimas,Plena Noite,Crescente,Nublado,Simples,Reta;Ponte,Não,0.0,0.0,0.0,0.0,2.0,0.0,1.0,2.0,SPRF-ES,DEL01-ES,UOP01-DEL01-ES,0,baixo
2025-04-11,09:30,2025-04-11 09:30:00,2025.0,4.0,sexta,9.0,manha,ES,SERRA,True,101.0,BR-101,271.0,-20.23030821,-40.28102875,Ausência de reação do condutor,Queda de ocupante de veículo,Com Vítimas Feridas,Pleno dia,Crescente,Céu Claro,Dupla,Reta,Não,0.0,0.0,1.0,1.0,0.0,0.0,1.0,1.0,SPRF-ES,DEL02-ES,UOP01-DEL02-ES,0,moderado
2025-04-11,11:20,2025-04-11 11:20:00,2025.0,4.0,sexta,11.0,manha,ES,VIANA,True,101.0,BR-101,298.0,-20.357507,-40.426507,Reação tardia ou ineficiente do condutor,Colisão lateral mesmo sentido,Com Vítimas Feridas,Pleno dia,Crescente,Céu Claro,Dupla,Reta,Não,0.0,0.0,1.0,1.0,0.0,1.0,2.0,2.0,SPRF-ES,DEL01-ES,UOP01-DEL01-ES,0,moderado
2025-04-11,17:05,2025-04-11 17:05:00,2025.0,4.0,sexta,17.0,tarde,ES,SERRA,True,101.0,BR-101,267.7,-20.19848,-40.26808,Manobra de mudança de faixa,Colisão lateral mesmo sentido,Com Vítimas Feridas,Pleno dia,Decrescente,Céu Claro,Dupla,Reta,Sim,0.0,0.0,1.0,1.0,1.0,0.0,2.0,2.0,SPRF-ES,DEL02-ES,UOP01-DEL02-ES,0,moderado
2025-04-14,14:40,2025-04-14 14:40:00,2025.0,4.0,segunda,14.0,tarde,ES,VIANA,True,101.0,BR-101,300.8,-20.36291413,-40.4376483,Acumulo de areia ou detritos sobre o pavimento,Tombamento,Com Vítimas Feridas,Pleno dia,Decrescente,Nublado,Dupla,Curva,Sim,0.0,0.0,1.0,1.0,0.0,0.0,1.0,1.0,SPRF-ES,DEL01-ES,UOP01-DEL01-ES,0,moderado
2025-04-14,16:15,2025-04-14 16:15:00,2025.0,4.0,segunda,16.0,tarde,ES,SERRA,True,101.0,BR-101,254.0,-20.11139198,-40.327034,Ausência de reação do condutor,Colisão traseira,Com Vítimas Feridas,Pleno dia,Decrescente,Céu Claro,Simples,Em Obras;Reta,Sim,0.0,0.0,1.0,1.0,1.0,0.0,2.0,2.0,SPRF-ES,DEL02-ES,UOP01-DEL02-ES,0,moderado
2025-04-15,08:50,2025-04-15 08:50:00,2025.0,4.0,terca,8.0,manha,ES,CARIACICA,True,101.0,BR-101,296.0,-20.34352039,-40.40486097,Conversão proibida,Colisão lateral mesmo sentido,Com Vítimas Feridas,Pleno dia,Crescente,Céu Claro,Dupla,Curva,Não,0.0,0.0,2.0,2.0,1.0,0.0,2.0,3.0,SPRF-ES,DEL01-ES,UOP01-DEL01-ES,0,moderado
2025-04-17,18:47,2025-04-17 18:47:00,2025.0,4.0,quinta,18.0,noite,ES,SERRA,True,101.0,BR-101,233.0,-20.0409088,-40.38656,Velocidade Incompatível,Colisão traseira,Com Vítimas Feridas,Plena Noite,Decrescente,Garoa/Chuvisco,Dupla,Reta,Não,0.0,0.0,1.0,1.0,3.0,0.0,2.0,4.0,SPRF-ES,DEL02-ES,UOP01-DEL02-ES,0,moderado
2025-04-17,23:00,2025-04-17 23:00:00,2025.0,4.0,quinta,23.0,noite,ES,SERRA,True,101.0,BR-101,269.7,-20.224463,-40.270198,Reação tardia ou ineficiente do condutor,Engavetamento,Com Vítimas Feridas,Plena Noite,Decrescente,Nublado,Dupla,Reta,Sim,0.0,0.0,1.0,1.0,4.0,0.0,3.0,5.0,SPRF-ES,DEL02-ES,UOP01-DEL02-ES,0,moderado
2025-04-18,03:30,2025-04-18 03:30:00,2025.0,4.0,sexta,3.0,madrugada,ES,CARIACICA,True,101.0,BR-101,283.0,-20.2334214,-40.36909103,Condutor Dormindo,Saída de leito carroçável,Com Vítimas Feridas,Plena Noite,Decrescente,Céu Claro,Múltipla,Reta,Sim,0.0,0.0,3.0,3.0,1.0,0.0,1.0,4.0,SPRF-ES,DEL01-ES,UOP01-DEL01-ES,0,moderado
2025-04-17,04:45,2025-04-17 04:45:00,2025.0,4.0,quinta,4.0,madrugada,ES,CARIACICA,True,101.0,BR-101,283.0,-20.25235585,-40.37246794,Acumulo de água sobre o pavimento,Saída de leito carroçável,Com Vítimas Feridas,Plena Noite,Decrescente,Chuva,Dupla,Reta,Não,0.0,0.0,1.0,1.0,0.0,0.0,1.0,1.0,SPRF-ES,DEL01-ES,UOP01-DEL01-ES,0,moderado