data,hora,data_hora,ano,mes,dia_semana,hora_dia,periodo_dia,uf,municipio,regiao_grande_vitoria,rodovia,rodovia_label,km,latitude,longitude,causa,tipo_acidente,classificacao,fase_dia,sentido_via,condicao_metereologica,tipo_pista,tracado_via,uso_solo,mortos,feridos_graves,feridos_leves,feridos,ilesos,ignorados,veiculos,pessoas,regional,delegacia,uop,risco_alto,nivel_risco
2025-04-20,13:00,2025-04-20 13:00:00,2025.0,4.0,domingo,13.0,tarde,ES,SERRA,True,101.0,BR-101,266.1,-20.19214333,-40.26803,Reação tardia ou ineficiente do condutor,Queda de ocupante de veículo,Com Vítimas Feridas,Pleno dia,Crescente,Céu Claro,Múltipla,Reta,Sim,0.0,0.0,1.0,1.0,0.0,0.0,1.0,1.0,SPRF-ES,DEL02-ES,UOP01-DEL02-ES,0,moderado
2025-04-16,22:40,2025-04-16 22:40:00,2025.0,4.0,quarta,22.0,noite,ES,SERRA,True,101.0,BR-101,266.0,-20.18744168,-40.26826713,Trafegar com motocicleta (ou similar) entre as faixas,Colisão lateral mesmo sentido,Sem Vítimas,Plena Noite,Crescente,Garoa/Chuvisco,Dupla,Interseção de Vias;Curva,Sim,0.0,0.0,0.0,0.0,2.0,0.0,2.0,2.0,SPRF-ES,DEL02-ES,UOP01-DEL02-ES,0,baixo
2025-04-20,14:00,2025-04-20 14:00:00,2025.0,4.0,domingo,14.0,tarde,ES,SERRA,True,101.0,BR-101,270.0,-20.227855,-40.271222,Ausência de reação do condutor,Colisão traseira,Com Vítimas Feridas,Pleno dia,Crescente,Céu Claro,Dupla,Reta,Sim,0.0,1.0,0.0,1.0,1.0,0.0,2.0,2.0,SPRF-ES,DEL02-ES,UOP01-DEL02-ES,1,grave
2025-04-22,15:40,2025-04-22 15:40:00,2025.0,4.0,terca,15.0,tarde,ES,CARIACICA,True,101.0,BR-101,296.1,-20.34254661,-40.40159321,Ausência de reação do condutor,Queda de ocupante de veículo,Com Vítimas Feridas,Pleno dia,Decrescente,Céu Claro,Dupla,Curva,Sim,0.0,0.0,1.0,1.0,0.0,0.0,1.0,1.0,SPRF-ES,DEL01-ES,UOP01-DEL01-ES,0,moderado
2025-04-22,17:09,2025-04-22 17:09:00,2025.0,4.0,terca,17.0,tarde,ES,SERRA,True,101.0,BR-101,265.0,-20.1824,-40.2655,Acumulo de areia ou detritos sobre o pavimento,Queda de ocupante de veículo,Sem Vítimas,Anoitecer,Crescente,Céu Claro,Dupla,Curva,Sim,0.0,0.0,0.0,0.0,0.0,1.0,1.0,1.0,SPRF-ES,DEL02-ES,UOP01-DEL02-ES,0,baixo
2025-04-22,17:18,2025-04-22 17:18:00,2025.0,4.0,terca,17.0,tarde,ES,SERRA,True,101.0,BR-101,269.0,-20.21701001,-40.2699101,Ausência de reação do condutor,Colisão traseira,Com Vítimas Feridas,Anoitecer,Crescente,Nublado,Múltipla,Reta,Sim,0.0,0.0,1.0,1.0,1.0,0.0,2.0,2.0,SPRF-ES,DEL02-ES,UOP01-DEL02-ES,0,moderado
2025-04-23,09:20,2025-04-23 09:20:00,2025.0,4.0,quarta,9.0,manha,ES,SERRA,True,101.0,BR-101,269.9,-20.0488452,-40.38640393,Entrada inopinada do pedestre,Atropelamento de Pedestre,Com Vítimas Feridas,Pleno dia,Crescente,Céu Claro,Múltipla,Reta,Sim,0.0,1.0,0.0,1.0,1.0,0.0,2.0,2.0,SPRF-ES,DEL02-ES,UOP01-DEL02-ES,1,grave
2025-04-23,18:45,2025-04-23 18:45:00,2025.0,4.0,quarta,18.0,noite,ES,VILA VELHA,True,101.0,BR-101,311.9,-20.443068,-40.46019,Acessar a via sem observar a presença dos outros veículos,Atropelamento de Pedestre,Com Vítimas Fatais,Plena Noite,Crescente,Céu Claro,Dupla,Reta,Não,1.0,0.0,0.0,0.0,1.0,0.0,2.0,2.0,SPRF-ES,DEL01-ES,UOP01-DEL01-ES,1,fatal
2025-04-23,19:00,2025-04-23 19:00:00,2025.0,4.0,quarta,19.0,noite,ES,SERRA,True,101.0,BR-101,263.1,-20.12509291,-40.34179688,Demais falhas mecânicas ou elétricas,Eventos atípicos,Com Vítimas Feridas,Plena Noite,Crescente,Nublado,Dupla,Reta,Sim,0.0,0.0,1.0,1.0,0.0,0.0,1.0,1.0,SPRF-ES,DEL02-ES,UOP01-DEL02-ES,0,moderado
2025-04-24,15:30,2025-04-24 15:30:00,2025.0,4.0,quinta,15.0,tarde,ES,SERRA,True,101.0,BR-101,265.0,-20.18240833,-40.26541,Pista esburacada,Tombamento,Com Vítimas Feridas,Pleno dia,Crescente,Nublado,Múltipla,Reta,Sim,0.0,1.0,1.0,2.0,0.0,0.0,1.0,2.0,SPRF-ES,DEL02-ES,UOP01-DEL02-ES,1,grave
2025-04-25,06:10,2025-04-25 06:10:00,2025.0,4.0,sexta,6.0,manha,ES,SERRA,True,101.0,BR-101,267.8,-20.20453,-40.26744,Condutor desrespeitou a iluminação vermelha do semáforo,Colisão transversal,Com Vítimas Feridas,Pleno dia,Crescente,Nublado,Múltipla,Reta;Interseção de Vias,Sim,0.0,1.0,0.0,1.0,2.0,0.0,2.0,3.0,SPRF-ES,DEL02-ES,UOP01-DEL02-ES,1,grave
2025-04-25,12:00,2025-04-25 12:00:00,2025.0,4.0,sexta,12.0,tarde,ES,SERRA,True,101.0,BR-101,268.8,-20.2147571,-40.27002007,Acessar a via sem observar a presença dos outros veículos,Atropelamento de Pedestre,Com Vítimas Feridas,Pleno dia,Crescente,Céu Claro,Dupla,Reta,Não,0.0,1.0,0.0,1.0,1.0,0.0,2.0,2.0,SPRF-ES,DEL02-ES,UOP01-DEL02-ES,1,grave
2025-04-25,18:10,2025-04-25 18:10:00,2025.0,4.0,sexta,18.0,noite,ES,VIANA,True,101.0,BR-101,298.5,-20.356822,-40.41918,Ausência de reação do condutor,Colisão traseira,Com Vítimas Feridas,Plena Noite,Crescente,Nublado,Simples,Reta,Sim,0.0,1.0,0.0,1.0,1.0,0.0,2.0,2.0,SPRF-ES,DEL01-ES,UOP01-DEL01-ES,1,grave
2025-04-25,20:15,2025-04-25 20:15:00,2025.0,4.0,sexta,20.0,noite,ES,CARIACICA,True,101.0,BR-101,292.0,-20.307885,-40.394741,Condutor deixou de manter distância do veículo da frente,Colisão traseira,Com Vítimas Feridas,Plena Noite,Decrescente,Chuva,Dupla,Reta;Declive,Sim,0.0,0.0,2.0,2.0,0.0,0.0,1.0,2.0,SPRF-ES,DEL01-ES,UOP01-DEL01-ES,0,moderado
2025-04-25,21:10,2025-04-25 21:10:00,2025.0,4.0,sexta,21.0,noite,ES,GUARAPARI,True,101.0,BR-101,325.0,-20.55633551,-40.48060656,Chuva,Queda de ocupante de veículo,Com Vítimas Feridas,Plena Noite,Crescente,Chuva,Dupla,Reta,Não,0.0,0.0,2.0,2.0,0.0,0.0,1.0,2.0,SPRF-ES,DEL03-ES,UOP01-DEL03-ES,0,moderado
2025-04-26,05:20,2025-04-26 05:20:00,2025.0,4.0,sabado,5.0,madrugada,ES,CARIACICA,True,101.0,BR-101,292.8,-20.32494571,-40.39555618,Reação tardia ou ineficiente do condutor,Queda de ocupante de veículo,Com Vítimas Feridas,Amanhecer,Decrescente,Céu Claro,Múltipla,Reta,Sim,0.0,0.0,1.0,1.0,0.0,0.0,1.0,1.0,SPRF-ES,DEL01-ES,UOP01-DEL01-ES,0,moderado
2025-04-27,02:30,2025-04-27 02:30:00,2025.0,4.0,domingo,2.0,madrugada,ES,SERRA,True,101.0,BR-101,255.0,-20.118736,-40.311946,Reação tardia ou ineficiente do condutor,Colisão lateral mesmo sentido,Com Vítimas Feridas,Plena Noite,Crescente,Céu Claro,Simples,Reta,Sim,0.0,0.0,2.0,2.0,0.0,0.0,2.0,2.0,SPRF-ES,DEL02-ES,UOP01-DEL02-ES,0,moderado
2025-02-22,22:40,2025-02-22 22:40:00,2025.0,2.0,sabado,22.0,noite,ES,SERRA,True,101.0,BR-101,257.3,-20.12832782,-40.29915935,Pedestre andava na pista,Atropelamento de Pedestre,Com Vítimas Feridas,Plena Noite,Decrescente,Ignorado,Dupla,Rotatória,Não,0.0,1.0,0.0,1.0,0.0,1.0,2.0,2.0,SPRF-ES,DEL02-ES,UOP01-DEL02-ES,1,grave
2025-04-28,09:45,2025-04-28 09:45:00,2025.0,4.0,segunda,9.0,manha,ES,SERRA,True,101.0,BR-101,270.8,-20.232365,-40.2745916,Manobra de mudança de faixa,Colisão lateral mesmo sentido,Com Vítimas Feridas,Pleno dia,Crescente,Nublado,Múltipla,Curva,Sim,0.0,2.0,2.0,4.0,2.0,0.0,2.0,6.0,SPRF-ES,DEL02-ES,UOP01-DEL02-ES,1,grave
2025-04-28,10:15,2025-04-28 10:15:00,2025.0,4.0,segunda,10.0,manha,ES,SERRA,True,101.0,BR-101,14.9,-20.18372,-40.339705,Demais falhas mecânicas ou elétricas,Tombamento,Com Vítimas Feridas,Pleno dia,Decrescente,Céu Claro,Dupla,Reta,Não,0.0,0.0,1.0,1.0,0.0,0.0,1.0,1.0,SPRF-ES,DEL02-ES,UOP01-DEL02-ES,0,moderado
2025-04-29,09:40,2025-04-29 09:40:00,2025.0,4.0,terca,9.0,manha,ES,CARIACICA,True,101.0,BR-101,296.0,-20.343261,-40.405925,Ausência de reação do condutor,Colisão traseira,Com Vítimas Feridas,Pleno dia,Decrescente,Nublado,Dupla,Aclive;Curva;Viaduto,Sim,0.0,1.0,0.0,1.0,1.0,0.0,2.0,2.0,SPRF-ES,DEL01-ES,UOP01-DEL01-ES,1,grave
2025-04-29,17:10,2025-04-29 17:10:00,2025.0,4.0,terca,17.0,tarde,ES,CARIACICA,True,101.0,BR-101,285.1,-20.25205,-40.37313,Acesso irregular,Colisão transversal,Com Vítimas Feridas,Anoitecer,Crescente,Céu Claro,Dupla,Reta;Declive;Interseção de Vias,Sim,0.0,1.0,1.0,2.0,0.0,0.0,2.0,2.0,SPRF-ES,DEL01-ES,UOP01-DEL01-ES,1,grave
2025-04-30,09:00,2025-04-30 09:00:00,2025.0,4.0,quarta,9.0,manha,ES,SERRA,True,101.0,BR-101,280.8,-20.22162017,-40.35751462,Afundamento ou ondulação no pavimento,Tombamento,Com Vítimas Feridas,Pleno dia,Decrescente,Nublado,Dupla,Reta;Aclive,Não,0.0,1.0,0.0,1.0,0.0,0.0,1.0,1.0,SPRF-ES,DEL02-ES,UOP01-DEL02-ES,1,grave
2025-04-30,16:15,2025-04-30 16:15:00,2025.0,4.0,quarta,16.0,tarde,ES,SERRA,True,101.0,BR-101,280.0,-20.217756,-40.352636,Manobra de mudança de faixa,Colisão lateral mesmo sentido,Com Vítimas Feridas,Pleno dia,Decrescente,Nublado,Dupla,Reta,Não,0.0,0.0,1.0,1.0,1.0,0.0,2.0,2.0,SPRF-ES,DEL02-ES,UOP01-DEL02-ES,0,moderado
2025-04-30,17:00,2025-04-30 17:00:00,2025.0,4.0,quarta,17.0,tarde,ES,CARIACICA,True,101.0,BR-101,295.2,-20.3341961,-40.4015379,Manobra de mudança de faixa,Colisão lateral mesmo sentido,Com Vítimas Feridas,Anoitecer,Crescente,Nublado,Múltipla,Reta,Sim,0.0,0.0,1.0,1.0,1.0,0.0,2.0,2.0,SPRF-ES,DEL01-ES,UOP01-DEL01-ES,0,moderado
2025-05-01,06:40,2025-05-01 06:40:00,2025.0,5.0,quinta,6.0,manha,ES,FUNDAO,True,101.0,BR-101,232.2,-19.95487046,-40.41010004,Ultrapassagem Indevida,Colisão frontal,Com Vítimas Feridas,Pleno dia,Crescente,Céu Claro,Simples,Reta,Não,0.0,0.0,3.0,3.0,2.0,0.0,2.0,5.0,SPRF-ES,DEL02-ES,UOP01-DEL02-ES,0,moderado
2025-04-03,10:25,2025-04-03 10:25:00,2025.0,4.0,quinta,10.0,manha,ES,SERRA,True,101.0,BR-101,264.9,-20.048847,-40.3866996,Condutor deixou de manter distância do veículo da frente,Colisão traseira,Com Vítimas Feridas,Pleno dia,Crescente,Céu Claro,Dupla,Reta,Sim,0.0,0.0,1.0,1.0,1.0,0.0,2.0,2.0,SPRF-ES,DEL02-ES,UOP01-DEL02-ES,0,moderado
2025-05-01,14:40,2025-05-01 14:40:00,2025.0,5.0,quinta,14.0,tarde,ES,VIANA,True,262.0,BR-262,21.0,-20.375805,-40.512829,Condutor Dormindo,Colisão frontal,Com Vítimas Feridas,Pleno dia,Crescente,Céu Claro,Simples,Reta;Declive,Não,0.0,0.0,6.0,6.0,0.0,0.0,2.0,6.0,SPRF-ES,DEL01-ES,UOP01-DEL01-ES,0,moderado
2025-05-01,14:50,2025-05-01 14:50:00,2025.0,5.0,quinta,14.0,tarde,ES,VILA VELHA,True,101.0,BR-101,311.0,-20.4363702,-40.45934558,Demais falhas mecânicas ou elétricas,Incêndio,Sem Vítimas,Pleno dia,Decrescente,Céu Claro,Dupla,Reta,Não,0.0,0.0,0.0,0.0,1.0,0.0,1.0,1.0,SPRF-ES,DEL01-ES,UOP01-DEL01-ES,0,baixo
2025-05-02,06:49,2025-05-02 06:49:00,2025.0,5.0,sexta,6.0,manha,ES,SERRA,True,101.0,BR-101,270.0,-20.228275,-40.271729,Reação tardia ou ineficiente do condutor,Colisão traseira,Com Vítimas Feridas,Pleno dia,Crescente,Céu Claro,Dupla,Reta,Sim,0.0,0.0,1.0,1.0,1.0,0.0,2.0,2.0,SPRF-ES,DEL02-ES,UOP01-DEL02-ES,0,moderado
2025-05-02,07:50,2025-05-02 07:50:00,2025.0,5.0,sexta,7.0,manha,ES,SERRA,True,101.0,BR-101,264.8,-20.18065333,-40.26532167,Reação tardia ou ineficiente do condutor,Tombamento,Com Vítimas Feridas,Pleno dia,Crescente,Sol,Múltipla,Curva,Sim,0.0,1.0,0.0,1.0,0.0,0.0,1.0,1.0,SPRF-ES,DEL02-ES,UOP01-DEL02-ES,1,grave
2025-05-02,10:15,2025-05-02 10:15:00,2025.0,5.0,sexta,10.0,manha,ES,VIANA,True,262.0,BR-262,27.3,-20.385803,-40.553105,Velocidade Incompatível,Tombamento,Com Vítimas Feridas,Pleno dia,Decrescente,Céu Claro,Simples,Curva,Não,0.0,1.0,0.0,1.0,0.0,0.0,1.0,1.0,SPRF-ES,DEL01-ES,UOP01-DEL01-ES,1,grave
2025-05-02,16:55,2025-05-02 16:55:00,2025.0,5.0,sexta,16.0,tarde,ES,SERRA,True,101.0,BR-101,266.3,-20.19353927,-40.26839018,Reação tardia ou ineficiente do condutor,Tombamento,Com Vítimas Feridas,Pleno dia,Crescente,Céu Claro,Múltipla,Reta;Interseção de Vias,Sim,0.0,0.0,2.0,2.0,0.0,0.0,1.0,2.0,SPRF-ES,DEL02-ES,UOP01-DEL02-ES,0,moderado
2025-05-03,10:35,2025-05-03 10:35:00,2025.0,5.0,sabado,10.0,manha,ES,SERRA,True,101.0,BR-101,281.0,-20.037632,-40.1965056,Velocidade Incompatível,Saída de leito carroçável,Com Vítimas Feridas,Pleno dia,Crescente,Céu Claro,Dupla,Curva,Não,0.0,1.0,0.0,1.0,0.0,0.0,1.0,1.0,SPRF-ES,DEL02-ES,UOP01-DEL02-ES,1,grave
2025-05-04,17:40,2025-05-04 17:40:00,2025.0,5.0,domingo,17.0,tarde,ES,SERRA,True,101.0,BR-101,275.5,-20.2095924,-40.2989186,Ausência de reação do condutor,Saída de leito carroçável,Com Vítimas Feridas,Anoitecer,Crescente,Nublado,Dupla,Curva,Não,0.0,0.0,2.0,2.0,1.0,0.0,1.0,3.0,SPRF-ES,DEL02-ES,UOP01-DEL02-ES,0,moderado
2025-05-04,22:10,2025-05-04 22:10:00,2025.0,5.0,domingo,22.0,noite,ES,SERRA,True,101.0,BR-101,278.0,-20.218008,-40.33775,Reação tardia ou ineficiente do condutor,Colisão com objeto,Com Vítimas Feridas,Plena Noite,Crescente,Céu Claro,Dupla,Reta,Não,0.0,0.0,1.0,1.0,2.0,0.0,1.0,3.0,SPRF-ES,DEL02-ES,UOP01-DEL02-ES,0,moderado
2025-05-05,09:55,2025-05-05 09:55:00,2025.0,5.0,segunda,9.0,manha,ES,GUARAPARI,True,101.0,BR-101,338.7,-20.64378,-40.55548,Avarias e/ou desgaste excessivo no pneu,Tombamento,Com Vítimas Feridas,Pleno dia,Crescente,Chuva,Dupla,Curva,Não,0.0,0.0,1.0,1.0,0.0,0.0,1.0,1.0,SPRF-ES,DEL03-ES,UOP01-DEL03-ES,0,moderado
2025-05-06,18:20,2025-05-06 18:20:00,2025.0,5.0,terca,18.0,noite,ES,CARIACICA,True,101.0,BR-101,288.0,-20.276634,-40.392539,Avarias e/ou desgaste excessivo no pneu,Queda de ocupante de veículo,Com Vítimas Feridas,Plena Noite,Decrescente,Céu Claro,Dupla,Reta;Declive,Sim,0.0,1.0,0.0,1.0,1.0,0.0,1.0,2.0,SPRF-ES,DEL01-ES,UOP01-DEL01-ES,1,grave
2025-05-06,18:20,2025-05-06 18:20:00,2025.0,5.0,terca,18.0,noite,ES,SERRA,True,101.0,BR-101,266.2,-20.1927205,-40.2684606,Trafegar com motocicleta (ou similar) entre as faixas,Tombamento,Com Vítimas Feridas,Plena Noite,Decrescente,Nublado,Múltipla,Reta,Sim,0.0,0.0,2.0,2.0,0.0,0.0,1.0,2.0,SPRF-ES,DEL02-ES,UOP01-DEL02-ES,0,moderado
2025-05-06,18:50,2025-05-06 18:50:00,2025.0,5.0,terca,18.0,noite,ES,SERRA,True,101.0,BR-101,264.6,-20.17882667,-40.26541,Condutor desrespeitou a iluminação vermelha do semáforo,Colisão transversal,Com Vítimas Feridas,Plena Noite,Crescente,Chuva,Múltipla,Reta,Sim,0.0,0.0,1.0,1.0,1.0,0.0,2.0,2.0,SPRF-ES,DEL02-ES,UOP01-DEL02-ES,0,moderado
2025-05-07,13:50,2025-05-07 13:50:00,2025.0,5.0,quarta,13.0,tarde,ES,VIANA,True,101.0,BR-101,298.0,-20.3827417,-40.4596019,Manobra de mudança de faixa,Colisão lateral mesmo sentido,Com Vítimas Feridas,Pleno dia,Crescente,Céu Claro,Simples,Reta,Sim,0.0,1.0,0.0,1.0,1.0,0.0,2.0,2.0,SPRF-ES,DEL01-ES,UOP01-DEL01-ES,1,grave
2025-05-07,16:30,2025-05-07 16:30:00,2025.0,5.0,quarta,16.0,tarde,ES,CARIACICA,True,101.0,BR-101,290.0,-20.29356942,-40.39275885,Reação tardia ou ineficiente do condutor,Colisão traseira,Com Vítimas Feridas,Pleno dia,Crescente,Nublado,Dupla,Reta,Sim,0.0,0.0,1.0,1.0,1.0,0.0,2.0,2.0,SPRF-ES,DEL01-ES,UOP01-DEL01-ES,0,moderado
2025-05-08,12:30,2025-05-08 12:30:00,2025.0,5.0,quinta,12.0,tarde,ES,FUNDAO,True,101.0,BR-101,232.0,-19.960886,-40.406994,Mal súbito do condutor,Colisão traseira,Com Vítimas Feridas,Pleno dia,Crescente,Chuva,Simples,Reta,Não,0.0,0.0,2.0,2.0,0.0,0.0,2.0,2.0,SPRF-ES,DEL02-ES,UOP01-DEL02-ES,0,moderado
2025-05-08,16:00,2025-05-08 16:00:00,2025.0,5.0,quinta,16.0,tarde,ES,CARIACICA,True,101.0,BR-101,295.2,-20.33479295,-40.4015979,Desrespeitar a preferência no cruzamento,Colisão transversal,Com Vítimas Feridas,Pleno dia,Crescente,Nublado,Múltipla,Interseção de Vias;Reta,Sim,0.0,0.0,1.0,1.0,1.0,0.0,2.0,2.0,SPRF-ES,DEL01-ES,UOP01-DEL01-ES,0,moderado
2025-05-08,21:00,2025-05-08 21:00:00,2025.0,5.0,quinta,21.0,noite,ES,VIANA,True,262.0,BR-262,48.0,-20.3827398,-40.4596022,Transitar na contramão,Colisão lateral sentido oposto,Sem Vítimas,Plena Noite,Crescente,Céu Claro,Simples,Reta,Não,0.0,0.0,0.0,0.0,1.0,1.0,2.0,2.0,SPRF-ES,DEL01-ES,UOP01-DEL01-ES,0,baixo
2025-05-09,07:00,2025-05-09 07:00:00,2025.0,5.0,sexta,7.0,manha,ES,CARIACICA,True,101.0,BR-101,295.6,-20.330171,-40.3987397,Desrespeitar a preferência no cruzamento,Colisão frontal,Com Vítimas Feridas,Pleno dia,Crescente,Céu Claro,Múltipla,Interseção de Vias,Sim,0.0,0.0,1.0,1.0,1.0,0.0,2.0,2.0,SPRF-ES,DEL01-ES,UOP01-DEL01-ES,0,moderado
2025-05-09,07:30,2025-05-09 07:30:00,2025.0,5.0,sexta,7.0,manha,ES,CARIACICA,True,101.0,BR-101,290.7,-20.29578,-40.393613,Manobra de mudança de faixa,Colisão lateral mesmo sentido,Com Vítimas Feridas,Pleno dia,Crescente,Céu Claro,Dupla,Reta,Sim,0.0,1.0,1.0,2.0,1.0,0.0,2.0,3.0,SPRF-ES,DEL01-ES,UOP01-DEL01-ES,1,grave
2025-05-09,08:21,2025-05-09 08:21:00,2025.0,5.0,sexta,8.0,manha,ES,SERRA,True,101.0,BR-101,268.5,-20.21232,-40.2698417,Acessar a via sem observar a presença dos outros veículos,Atropelamento de Pedestre,Sem Vítimas,Pleno dia,Crescente,Sol,Múltipla,Reta,Sim,0.0,0.0,0.0,0.0,1.0,1.0,2.0,2.0,SPRF-ES,DEL02-ES,UOP01-DEL02-ES,0,baixo
2025-05-09,11:25,2025-05-09 11:25:00,2025.0,5.0,sexta,11.0,manha,ES,VITORIA,True,0.0,BR-0,0.0,-20.30985721,-40.31447053,Reação tardia ou ineficiente do condutor,Colisão transversal,Sem Vítimas,Pleno dia,Não Informado,Céu Claro,Simples,Interseção de Vias,Sim,0.0,0.0,0.0,0.0,2.0,0.0,2.0,2.0,SPRF-ES,,,0,baixo
2025-05-09,13:50,2025-05-09 13:50:00,2025.0,5.0,sexta,13.0,tarde,ES,SERRA,True,101.0,BR-101,264.0,-20.1772261,-40.265721,Condutor deixou de manter distância do veículo da frente,Colisão traseira,Com Vítimas Feridas,Plena Noite,Decrescente,Céu Claro,Dupla,Reta,Sim,0.0,0.0,1.0,1.0,1.0,0.0,2.0,2.0,SPRF-ES,DEL02-ES,UOP01-DEL02-ES,0,moderado
2025-05-09,16:20,2025-05-09 16:20:00,2025.0,5.0,sexta,16.0,tarde,ES,VIANA,True,101.0,BR-101,303.4,-20.37810151,-40.44887066,Entrada inopinada do pedestre,Atropelamento de Pedestre,Com Vítimas Fatais,Pleno dia,Decrescente,Céu Claro,Dupla,Reta,Sim,2.0,0.0,0.0,0.0,0.0,1.0,2.0,3.0,SPRF-ES,DEL01-ES,UOP01-DEL01-ES,1,fatal
2025-05-10,01:20,2025-05-10 01:20:00,2025.0,5.0,sabado,1.0,madrugada,ES,SERRA,True,101.0,BR-101,269.8,-20.21232,-40.2698417,Condutor desrespeitou a iluminação vermelha do semáforo,Colisão transversal,Com Vítimas Feridas,Plena Noite,Decrescente,Nublado,Múltipla,Interseção de Vias,Sim,0.0,1.0,1.0,2.0,2.0,0.0,2.0,4.0,SPRF-ES,DEL02-ES,UOP01-DEL02-ES,1,grave
2025-05-10,17:00,2025-05-10 17:00:00,2025.0,5.0,sabado,17.0,tarde,ES,SERRA,True,101.0,BR-101,262.0,-20.16678641,-40.27208598,Condutor desrespeitou a iluminação vermelha do semáforo,Colisão transversal,Sem Vítimas,Pleno dia,Crescente,Céu Claro,Dupla,Retorno Regulamentado,Sim,0.0,0.0,0.0,0.0,2.0,0.0,2.0,2.0,SPRF-ES,DEL02-ES,UOP01-DEL02-ES,0,baixo
2025-05-10,18:05,2025-05-10 18:05:00,2025.0,5.0,sabado,18.0,noite,ES,VIANA,True,101.0,BR-101,304.4,-20.382732,-40.459658,Condutor deixou de manter distância do veículo da frente,Colisão traseira,Com Vítimas Feridas,Plena Noite,Decrescente,Céu Claro,Dupla,Reta;Viaduto,Sim,0.0,0.0,2.0,2.0,1.0,0.0,2.0,3.0,SPRF-ES,DEL01-ES,UOP01-DEL01-ES,0,moderado
2025-05-10,20:00,2025-05-10 20:00:00,2025.0,5.0,sabado,20.0,noite,ES,GUARAPARI,True,101.0,BR-101,331.8,-20.606,-40.506,Reação tardia ou ineficiente do condutor,Colisão com objeto,Com Vítimas Feridas,Plena Noite,Crescente,Céu Claro,Dupla,Curva,Não,0.0,0.0,1.0,1.0,0.0,0.0,1.0,1.0,SPRF-ES,DEL03-ES,UOP01-DEL03-ES,0,moderado
2025-05-11,06:40,2025-05-11 06:40:00,2025.0,5.0,domingo,6.0,manha,ES,CARIACICA,True,101.0,BR-101,288.0,-20.26962672,-40.38980265,Ausência de reação do condutor,Colisão com objeto,Sem Vítimas,Amanhecer,Decrescente,Céu Claro,Dupla,Reta,Sim,0.0,0.0,0.0,0.0,1.0,0.0,1.0,1.0,SPRF-ES,DEL01-ES,UOP01-DEL01-ES,0,baixo
2025-05-11,18:00,2025-05-11 18:00:00,2025.0,5.0,domingo,18.0,noite,ES,GUARAPARI,True,101.0,BR-101,327.0,-20.5732622,-40.4852525,Chuva,Queda de ocupante de veículo,Com Vítimas Feridas,Plena Noite,Crescente,Chuva,Dupla,Reta,Não,0.0,0.0,2.0,2.0,0.0,0.0,1.0,2.0,SPRF-ES,DEL03-ES,UOP01-DEL03-ES,0,moderado
2025-05-12,19:20,2025-05-12 19:20:00,2025.0,5.0,segunda,19.0,noite,ES,FUNDAO,True,101.0,BR-101,229.6,-19.93429833,-40.40494167,Pedestre cruzava a pista fora da faixa,Atropelamento de Pedestre,Com Vítimas Feridas,Plena Noite,Crescente,Chuva,Múltipla,Reta,Sim,0.0,0.0,1.0,1.0,0.0,1.0,2.0,2.0,SPRF-ES,DEL02-ES,UOP01-DEL02-ES,0,moderado
2025-05-13,09:20,2025-05-13 09:20:00,2025.0,5.0,terca,9.0,manha,ES,SERRA,True,101.0,BR-101,262.1,-20.04884974,-40.38639807,Acessar a via sem observar a presença dos outros veículos,Colisão lateral mesmo sentido,Com Vítimas Feridas,Pleno dia,Crescente,Céu Claro,Dupla,Reta,Sim,0.0,1.0,0.0,1.0,3.0,0.0,2.0,4.0,SPRF-ES,DEL02-ES,UOP01-DEL02-ES,1,grave
2025-05-13,14:00,2025-05-13 14:00:00,2025.0,5.0,terca,14.0,tarde,ES,SERRA,True,101.0,BR-101,267.5,-20.2049518,-40.26888,Manobra de mudança de faixa,Saída de leito carroçável,Com Vítimas Feridas,Pleno dia,Decrescente,Sol,Múltipla,Reta,Sim,0.0,0.0,1.0,1.0,1.0,0.0,1.0,2.0,SPRF-ES,DEL02-ES,UOP01-DEL02-ES,0,moderado