data,hora,data_hora,ano,mes,dia_semana,hora_dia,periodo_dia,uf,municipio,regiao_grande_vitoria,rodovia,rodovia_label,km,latitude,longitude,causa,tipo_acidente,classificacao,fase_dia,sentido_via,condicao_metereologica,tipo_pista,tracado_via,uso_solo,mortos,feridos_graves,feridos_leves,feridos,ilesos,ignorados,veiculos,pessoas,regional,delegacia,uop,risco_alto,nivel_risco
2025-05-13,19:40,2025-05-13 19:40:00,2025.0,5.0,terca,19.0,noite,ES,SERRA,True,101.0,BR-101,257.5,-20.12848049,-40.29900802,Acessar a via sem observar a presença dos outros veículos,Colisão transversal,Com Vítimas Feridas,Pleno dia,Crescente,Nublado,Dupla,Reta,Sim,0.0,1.0,0.0,1.0,1.0,0.0,2.0,2.0,SPRF-ES,DEL02-ES,UOP01-DEL02-ES,1,grave
2025-05-14,07:28,2025-05-14 07:28:00,2025.0,5.0,quarta,7.0,manha,ES,GUARAPARI,True,101.0,BR-101,322.0,-20.52694351,-40.48180668,Demais falhas mecânicas ou elétricas,Incêndio,Sem Vítimas,Pleno dia,Crescente,Nublado,Dupla,Reta,Não,0.0,0.0,0.0,0.0,1.0,0.0,1.0,1.0,SPRF-ES,DEL03-ES,UOP01-DEL03-ES,0,baixo
2025-05-14,15:30,2025-05-14 15:30:00,2025.0,5.0,quarta,15.0,tarde,ES,SERRA,True,101.0,BR-101,266.5,-20.19551333,-40.26872333,Condutor desrespeitou a iluminação vermelha do semáforo,Colisão transversal,Com Vítimas Feridas,Anoitecer,Crescente,Chuva,Múltipla,Reta,Não,0.0,1.0,1.0,2.0,0.0,0.0,2.0,2.0,SPRF-ES,DEL02-ES,UOP01-DEL02-ES,1,grave
2025-05-15,08:35,2025-05-15 08:35:00,2025.0,5.0,quinta,8.0,manha,ES,SERRA,True,101.0,BR-101,252.3,-20.0999583,-40.337041,Animais na Pista,Tombamento,Com Vítimas Feridas,Pleno dia,Crescente,Céu Claro,Simples,Reta,Não,0.0,1.0,0.0,1.0,0.0,0.0,1.0,1.0,SPRF-ES,DEL02-ES,UOP01-DEL02-ES,1,grave
2025-05-15,10:50,2025-05-15 10:50:00,2025.0,5.0,quinta,10.0,manha,ES,CARIACICA,True,101.0,BR-101,289.0,-20.270987,-40.3905461,Ausência de reação do condutor,Queda de ocupante de veículo,Com Vítimas Feridas,Pleno dia,Decrescente,Céu Claro,Dupla,Reta,Sim,0.0,0.0,1.0,1.0,0.0,0.0,1.0,1.0,SPRF-ES,DEL01-ES,UOP01-DEL01-ES,0,moderado
2025-05-15,16:20,2025-05-15 16:20:00,2025.0,5.0,quinta,16.0,tarde,ES,SERRA,True,101.0,BR-101,255.0,-20.048857,-40.3866912,Reação tardia ou ineficiente do condutor,Colisão traseira,Com Vítimas Feridas,Pleno dia,Crescente,Céu Claro,Simples,Reta,Não,0.0,0.0,1.0,1.0,1.0,0.0,2.0,2.0,SPRF-ES,DEL02-ES,UOP01-DEL02-ES,0,moderado
2025-05-15,20:20,2025-05-15 20:20:00,2025.0,5.0,quinta,20.0,noite,ES,SERRA,True,101.0,BR-101,265.0,-20.18178891,-40.26542191,Deficiência do Sistema de Iluminação/Sinalização,Atropelamento de Pedestre,Com Vítimas Feridas,Plena Noite,Crescente,Chuva,Dupla,Reta,Sim,0.0,0.0,2.0,2.0,0.0,1.0,2.0,3.0,SPRF-ES,DEL02-ES,UOP01-DEL02-ES,0,moderado
2025-05-16,08:30,2025-05-16 08:30:00,2025.0,5.0,sexta,8.0,manha,ES,VIANA,True,101.0,BR-101,299.2,-20.35814639,-40.42076111,Reação tardia ou ineficiente do condutor,Colisão lateral mesmo sentido,Com Vítimas Feridas,Pleno dia,Crescente,Nublado,Múltipla,Reta,Sim,0.0,0.0,1.0,1.0,1.0,0.0,2.0,2.0,SPRF-ES,DEL01-ES,UOP01-DEL01-ES,0,moderado
2025-05-16,12:45,2025-05-16 12:45:00,2025.0,5.0,sexta,12.0,tarde,ES,SERRA,True,101.0,BR-101,270.6,-20.23085183,-40.27316451,Condutor desrespeitou a iluminação vermelha do semáforo,Colisão transversal,Com Vítimas Feridas,Pleno dia,Decrescente,Céu Claro,Múltipla,Interseção de Vias,Sim,0.0,1.0,2.0,3.0,1.0,0.0,2.0,4.0,SPRF-ES,DEL02-ES,UOP01-DEL02-ES,1,grave
2025-05-17,03:00,2025-05-17 03:00:00,2025.0,5.0,sabado,3.0,madrugada,ES,CARIACICA,True,101.0,BR-101,295.0,-20.33691812,-40.40232253,Velocidade Incompatível,Capotamento,Com Vítimas Feridas,Plena Noite,Decrescente,Nublado,Dupla,Reta,Sim,0.0,1.0,0.0,1.0,0.0,0.0,1.0,1.0,SPRF-ES,DEL01-ES,UOP01-DEL01-ES,1,grave
2025-05-17,09:00,2025-05-17 09:00:00,2025.0,5.0,sabado,9.0,manha,ES,SERRA,True,101.0,BR-101,270.7,-20.23272427,-40.2755785,Velocidade Incompatível,Colisão com objeto,Com Vítimas Feridas,Pleno dia,Crescente,Nublado,Múltipla,Curva,Sim,0.0,0.0,1.0,1.0,0.0,0.0,1.0,1.0,SPRF-ES,DEL02-ES,UOP01-DEL02-ES,0,moderado
2025-05-17,14:00,2025-05-17 14:00:00,2025.0,5.0,sabado,14.0,tarde,ES,SERRA,True,101.0,BR-101,269.9,-20.0488618,-40.3866904,Manobra de mudança de faixa,Colisão lateral mesmo sentido,Com Vítimas Feridas,Pleno dia,Decrescente,Céu Claro,Dupla,Reta,Sim,0.0,0.0,1.0,1.0,1.0,0.0,2.0,2.0,SPRF-ES,DEL02-ES,UOP01-DEL02-ES,0,moderado
2025-05-17,16:51,2025-05-17 16:51:00,2025.0,5.0,sabado,16.0,tarde,ES,SERRA,True,101.0,BR-101,270.4,-20.0488623,-40.386691,Condutor desrespeitou a iluminação vermelha do semáforo,Colisão transversal,Com Vítimas Feridas,Pleno dia,Decrescente,Céu Claro,Múltipla,Reta,Sim,0.0,1.0,0.0,1.0,4.0,0.0,2.0,5.0,SPRF-ES,DEL02-ES,UOP01-DEL02-ES,1,grave
2025-05-17,22:00,2025-05-17 22:00:00,2025.0,5.0,sabado,22.0,noite,ES,SERRA,True,101.0,BR-101,265.4,-20.20495438,-40.26906983,Entrada inopinada do pedestre,Atropelamento de Pedestre,Com Vítimas Feridas,Plena Noite,Decrescente,Nublado,Múltipla,Declive;Reta,Sim,0.0,0.0,1.0,1.0,1.0,2.0,2.0,4.0,SPRF-ES,DEL02-ES,UOP01-DEL02-ES,0,moderado
2025-05-18,10:00,2025-05-18 10:00:00,2025.0,5.0,domingo,10.0,manha,ES,GUARAPARI,True,101.0,BR-101,344.7,-20.66136735,-40.60512543,Reação tardia ou ineficiente do condutor,Colisão com objeto,Com Vítimas Feridas,Pleno dia,Decrescente,Nublado,Dupla,Reta,Não,0.0,0.0,1.0,1.0,0.0,0.0,1.0,1.0,SPRF-ES,DEL03-ES,UOP01-DEL03-ES,0,moderado
2025-05-18,19:30,2025-05-18 19:30:00,2025.0,5.0,domingo,19.0,noite,ES,SERRA,True,101.0,BR-101,265.2,-20.18479,-40.26783,Reação tardia ou ineficiente do condutor,Engavetamento,Com Vítimas Feridas,Plena Noite,Crescente,Céu Claro,Dupla,Reta,Sim,0.0,0.0,2.0,2.0,4.0,0.0,3.0,6.0,SPRF-ES,DEL02-ES,UOP01-DEL02-ES,0,moderado
2025-05-19,07:15,2025-05-19 07:15:00,2025.0,5.0,segunda,7.0,manha,ES,SERRA,True,101.0,BR-101,245.9,-20.0488636,-40.3866951,Demais falhas mecânicas ou elétricas,Incêndio,Sem Vítimas,Pleno dia,Crescente,Nublado,Dupla,Reta,Não,0.0,0.0,0.0,0.0,1.0,0.0,1.0,1.0,SPRF-ES,DEL02-ES,UOP01-DEL02-ES,0,baixo
2025-05-20,08:20,2025-05-20 08:20:00,2025.0,5.0,terca,8.0,manha,ES,CARIACICA,True,101.0,BR-101,288.0,-20.27164276,-40.39123535,Manobra de mudança de faixa,Colisão lateral mesmo sentido,Com Vítimas Feridas,Pleno dia,Decrescente,Sol,Dupla,Reta;Declive,Sim,0.0,1.0,0.0,1.0,1.0,0.0,2.0,2.0,SPRF-ES,DEL01-ES,UOP01-DEL01-ES,1,grave
2025-05-20,15:00,2025-05-20 15:00:00,2025.0,5.0,terca,15.0,tarde,ES,CARIACICA,True,101.0,BR-101,282.9,-20.23265836,-40.36839215,Pista esburacada,Colisão com objeto,Com Vítimas Feridas,Pleno dia,Decrescente,Céu Claro,Múltipla,Retorno Regulamentado;Reta,Não,0.0,1.0,0.0,1.0,0.0,1.0,2.0,2.0,SPRF-ES,DEL01-ES,UOP01-DEL01-ES,1,grave
2025-05-21,17:26,2025-05-21 17:26:00,2025.0,5.0,quarta,17.0,tarde,ES,SERRA,True,101.0,BR-101,263.1,-20.17453061,-40.2669688,Manobra de mudança de faixa,Colisão lateral mesmo sentido,Com Vítimas Feridas,Pleno dia,Decrescente,Céu Claro,Simples,Reta,Sim,0.0,0.0,1.0,1.0,1.0,0.0,2.0,2.0,SPRF-ES,DEL02-ES,UOP01-DEL02-ES,0,moderado
2025-05-21,17:30,2025-05-21 17:30:00,2025.0,5.0,quarta,17.0,tarde,ES,SERRA,True,101.0,BR-101,263.1,-20.16776216,-40.27132315,Manobra de mudança de faixa,Colisão lateral mesmo sentido,Com Vítimas Feridas,Anoitecer,Decrescente,Nublado,Dupla,Reta,Sim,0.0,1.0,1.0,2.0,1.0,0.0,2.0,3.0,SPRF-ES,DEL02-ES,UOP01-DEL02-ES,1,grave
2025-05-22,01:00,2025-05-22 01:00:00,2025.0,5.0,quinta,1.0,madrugada,ES,SERRA,True,101.0,BR-101,279.0,-20.21737431,-40.3303037,Ausência de reação do condutor,Saída de leito carroçável,Com Vítimas Feridas,Plena Noite,Crescente,Céu Claro,Dupla,Reta,Não,0.0,1.0,0.0,1.0,0.0,0.0,1.0,1.0,SPRF-ES,DEL02-ES,UOP01-DEL02-ES,1,grave
2025-05-22,13:08,2025-05-22 13:08:00,2025.0,5.0,quinta,13.0,tarde,ES,CARIACICA,True,101.0,BR-101,289.7,-20.291155,-40.391728,Manobra de mudança de faixa,Tombamento,Com Vítimas Feridas,Pleno dia,Decrescente,Céu Claro,Dupla,Reta,Não,0.0,1.0,0.0,1.0,0.0,0.0,1.0,1.0,SPRF-ES,DEL01-ES,UOP01-DEL01-ES,1,grave
2025-05-22,14:50,2025-05-22 14:50:00,2025.0,5.0,quinta,14.0,tarde,ES,CARIACICA,True,101.0,BR-101,294.7,-20.330453,-40.399162,Manobra de mudança de faixa,Colisão lateral mesmo sentido,Com Vítimas Feridas,Pleno dia,Decrescente,Céu Claro,Múltipla,Reta,Sim,0.0,0.0,2.0,2.0,1.0,0.0,2.0,3.0,SPRF-ES,DEL01-ES,UOP01-DEL01-ES,0,moderado
2025-05-22,15:40,2025-05-22 15:40:00,2025.0,5.0,quinta,15.0,tarde,ES,GUARAPARI,True,101.0,BR-101,337.8,-20.6063591,-40.50693154,Acessar a via sem observar a presença dos outros veículos,Tombamento,Com Vítimas Feridas,Pleno dia,Crescente,Nublado,Dupla,Reta,Não,0.0,1.0,0.0,1.0,0.0,0.0,1.0,1.0,SPRF-ES,DEL03-ES,UOP01-DEL03-ES,1,grave
2025-05-22,16:00,2025-05-22 16:00:00,2025.0,5.0,quinta,16.0,tarde,ES,SERRA,True,101.0,BR-101,10.5,-20.14814211,-40.34507811,Demais falhas mecânicas ou elétricas,Incêndio,Sem Vítimas,Pleno dia,Crescente,Nublado,Dupla,Reta,Não,0.0,0.0,0.0,0.0,1.0,0.0,1.0,1.0,SPRF-ES,DEL02-ES,UOP01-DEL02-ES,0,baixo
2025-04-14,15:10,2025-04-14 15:10:00,2025.0,4.0,segunda,15.0,tarde,ES,SERRA,True,101.0,BR-101,264.0,-20.17698542,-40.2658784,Semáforo com defeito,Colisão transversal,Com Vítimas Feridas,Pleno dia,Crescente,Nublado,Múltipla,Interseção de Vias,Sim,0.0,1.0,0.0,1.0,1.0,0.0,2.0,2.0,SPRF-ES,DEL02-ES,UOP01-DEL02-ES,1,grave
2025-05-22,21:10,2025-05-22 21:10:00,2025.0,5.0,quinta,21.0,noite,ES,SERRA,True,101.0,BR-101,270.2,-20.230815,-40.273087,Reação tardia ou ineficiente do condutor,Colisão transversal,Com Vítimas Feridas,Plena Noite,Crescente,Céu Claro,Dupla,Interseção de Vias,Sim,0.0,0.0,1.0,1.0,2.0,0.0,2.0,3.0,SPRF-ES,DEL02-ES,UOP01-DEL02-ES,0,moderado
2025-05-23,06:30,2025-05-23 06:30:00,2025.0,5.0,sexta,6.0,manha,ES,CARIACICA,True,101.0,BR-101,284.0,-20.2473824,-40.3706038,Ausência de reação do condutor,Queda de ocupante de veículo,Com Vítimas Feridas,Pleno dia,Crescente,Céu Claro,Dupla,Aclive;Curva,Não,0.0,0.0,2.0,2.0,0.0,0.0,1.0,2.0,SPRF-ES,DEL01-ES,UOP01-DEL01-ES,0,moderado
2025-05-23,08:10,2025-05-23 08:10:00,2025.0,5.0,sexta,8.0,manha,ES,SERRA,True,101.0,BR-101,268.0,-20.21692066,-40.27014792,Ausência de reação do condutor,Colisão traseira,Com Vítimas Feridas,Pleno dia,Crescente,Céu Claro,Dupla,Reta,Sim,0.0,0.0,2.0,2.0,1.0,0.0,2.0,3.0,SPRF-ES,DEL02-ES,UOP01-DEL02-ES,0,moderado
2025-05-23,13:35,2025-05-23 13:35:00,2025.0,5.0,sexta,13.0,tarde,ES,SERRA,True,101.0,BR-101,259.2,-20.140411,-40.2923,Retorno proibido,Colisão transversal,Com Vítimas Feridas,Pleno dia,Decrescente,Céu Claro,Dupla,Reta;Declive,Sim,0.0,1.0,0.0,1.0,1.0,0.0,2.0,2.0,SPRF-ES,DEL02-ES,UOP01-DEL02-ES,1,grave
2025-05-23,19:30,2025-05-23 19:30:00,2025.0,5.0,sexta,19.0,noite,ES,VIANA,True,262.0,BR-262,21.0,-20.3805859,-40.505194,Ausência de reação do condutor,Tombamento,Com Vítimas Feridas,Plena Noite,Crescente,Céu Claro,Simples,Reta,Não,0.0,0.0,1.0,1.0,0.0,0.0,1.0,1.0,SPRF-ES,DEL01-ES,UOP01-DEL01-ES,0,moderado
2025-05-24,07:20,2025-05-24 07:20:00,2025.0,5.0,sabado,7.0,manha,ES,SERRA,True,101.0,BR-101,272.0,-20.22724888,-40.28426988,Acumulo de água sobre o pavimento,Queda de ocupante de veículo,Com Vítimas Feridas,Pleno dia,Crescente,Chuva,Dupla,Reta,Não,0.0,0.0,1.0,1.0,0.0,0.0,1.0,1.0,SPRF-ES,DEL02-ES,UOP01-DEL02-ES,0,moderado
2025-05-24,17:40,2025-05-24 17:40:00,2025.0,5.0,sabado,17.0,tarde,ES,SERRA,True,101.0,BR-101,255.0,-20.117527,-40.314354,Reação tardia ou ineficiente do condutor,Atropelamento de Pedestre,Com Vítimas Feridas,Anoitecer,Crescente,Chuva,Simples,Reta,Sim,0.0,1.0,0.0,1.0,0.0,1.0,2.0,2.0,SPRF-ES,DEL02-ES,UOP01-DEL02-ES,1,grave
2025-05-09,11:25,2025-05-09 11:25:00,2025.0,5.0,sexta,11.0,manha,ES,SERRA,True,101.0,BR-101,265.5,-20.1906852,-40.26840712,Condutor desrespeitou a iluminação vermelha do semáforo,Colisão transversal,Com Vítimas Feridas,Pleno dia,Crescente,Céu Claro,Múltipla,Reta,Sim,0.0,0.0,2.0,2.0,0.0,0.0,2.0,2.0,SPRF-ES,DEL02-ES,UOP01-DEL02-ES,0,moderado
2025-05-25,17:56,2025-05-25 17:56:00,2025.0,5.0,domingo,17.0,tarde,ES,SERRA,True,101.0,BR-101,271.0,-20.23044915,-40.28023481,Condutor deixou de manter distância do veículo da frente,Colisão traseira,Com Vítimas Feridas,Anoitecer,Decrescente,Céu Claro,Dupla,Reta,Sim,0.0,0.0,1.0,1.0,1.0,1.0,2.0,3.0,SPRF-ES,DEL02-ES,UOP01-DEL02-ES,0,moderado
2025-05-25,23:55,2025-05-25 23:55:00,2025.0,5.0,domingo,23.0,noite,ES,VIANA,True,101.0,BR-101,304.8,-20.38267822,-40.45925617,Ausência de reação do condutor,Tombamento,Com Vítimas Feridas,Plena Noite,Crescente,Chuva,Dupla,Reta,Sim,0.0,0.0,1.0,1.0,0.0,0.0,1.0,1.0,SPRF-ES,DEL01-ES,UOP01-DEL01-ES,0,moderado
2025-05-18,20:30,2025-05-18 20:30:00,2025.0,5.0,domingo,20.0,noite,ES,SERRA,True,101.0,BR-101,255.5,-20.11732584,-40.31478167,Condutor desrespeitou a iluminação vermelha do semáforo,Colisão transversal,Com Vítimas Feridas,Plena Noite,Crescente,Céu Claro,Simples,Interseção de Vias,Sim,0.0,0.0,3.0,3.0,0.0,1.0,3.0,4.0,SPRF-ES,DEL02-ES,UOP01-DEL02-ES,0,moderado
2025-05-14,17:20,2025-05-14 17:20:00,2025.0,5.0,quarta,17.0,tarde,ES,SERRA,True,101.0,BR-101,270.0,-20.229368,-40.272189,Reação tardia ou ineficiente do condutor,Colisão traseira,Com Vítimas Feridas,Anoitecer,Decrescente,Chuva,Múltipla,Reta,Sim,0.0,0.0,1.0,1.0,1.0,0.0,2.0,2.0,SPRF-ES,DEL02-ES,UOP01-DEL02-ES,0,moderado
2025-05-27,22:15,2025-05-27 22:15:00,2025.0,5.0,terca,22.0,noite,ES,SERRA,True,101.0,BR-101,251.9,-20.09685719,-40.33920818,Reação tardia ou ineficiente do condutor,Colisão com objeto,Com Vítimas Feridas,Plena Noite,Decrescente,Céu Claro,Simples,Reta,Não,0.0,0.0,1.0,1.0,0.0,0.0,1.0,1.0,SPRF-ES,DEL02-ES,UOP01-DEL02-ES,0,moderado
2025-05-28,02:40,2025-05-28 02:40:00,2025.0,5.0,quarta,2.0,madrugada,ES,SERRA,True,101.0,BR-101,265.0,-20.18453806,-40.26700526,Ausência de reação do condutor,Capotamento,Com Vítimas Feridas,Plena Noite,Decrescente,Ignorado,Dupla,Reta,Sim,0.0,1.0,0.0,1.0,0.0,0.0,1.0,1.0,SPRF-ES,DEL02-ES,UOP01-DEL02-ES,1,grave
2025-05-28,18:00,2025-05-28 18:00:00,2025.0,5.0,quarta,18.0,noite,ES,SERRA,True,101.0,BR-101,264.0,-20.17804445,-40.26562982,Ausência de reação do condutor,Colisão traseira,Com Vítimas Feridas,Anoitecer,Decrescente,Chuva,Múltipla,Interseção de Vias,Sim,0.0,1.0,0.0,1.0,1.0,0.0,2.0,2.0,SPRF-ES,DEL02-ES,UOP01-DEL02-ES,1,grave
2025-05-29,17:20,2025-05-29 17:20:00,2025.0,5.0,quinta,17.0,tarde,ES,CARIACICA,True,101.0,BR-101,287.3,-20.26685007,-40.386986,Manobra de mudança de faixa,Colisão lateral mesmo sentido,Com Vítimas Feridas,Anoitecer,Crescente,Nublado,Dupla,Reta,Sim,0.0,0.0,1.0,1.0,1.0,0.0,2.0,2.0,SPRF-ES,DEL01-ES,UOP01-DEL01-ES,0,moderado
2025-05-30,14:40,2025-05-30 14:40:00,2025.0,5.0,sexta,14.0,tarde,ES,SERRA,True,101.0,BR-101,264.4,-20.176,-40.265,Retorno proibido,Colisão transversal,Com Vítimas Feridas,Pleno dia,Decrescente,Nublado,Dupla,Reta,Não,0.0,1.0,0.0,1.0,2.0,0.0,2.0,3.0,SPRF-ES,DEL02-ES,UOP01-DEL02-ES,1,grave
2025-05-30,16:30,2025-05-30 16:30:00,2025.0,5.0,sexta,16.0,tarde,ES,SERRA,True,101.0,BR-101,271.0,-20.231522,-40.278382,Acessar a via sem observar a presença dos outros veículos,Colisão transversal,Com Vítimas Feridas,Pleno dia,Crescente,Céu Claro,Múltipla,Reta,Sim,0.0,0.0,2.0,2.0,1.0,0.0,2.0,3.0,SPRF-ES,DEL02-ES,UOP01-DEL02-ES,0,moderado
2025-05-31,06:42,2025-05-31 06:42:00,2025.0,5.0,sabado,6.0,manha,ES,GUARAPARI,True,101.0,BR-101,342.5,-20.65842407,-40.58503501,Velocidade Incompatível,Saída de leito carroçável,Sem Vítimas,Pleno dia,Crescente,Chuva,Dupla,Curva;Aclive,Não,0.0,0.0,0.0,0.0,1.0,0.0,1.0,1.0,SPRF-ES,DEL03-ES,UOP01-DEL03-ES,0,baixo
2025-05-31,08:47,2025-05-31 08:47:00,2025.0,5.0,sabado,8.0,manha,ES,SERRA,True,101.0,BR-101,259.4,-20.0369655,-40.4089556,Acesso irregular,Atropelamento de Pedestre,Com Vítimas Fatais,Pleno dia,Crescente,Céu Claro,Dupla,Reta,Sim,1.0,0.0,0.0,0.0,1.0,0.0,2.0,2.0,SPRF-ES,DEL02-ES,UOP01-DEL02-ES,1,fatal
2025-05-31,06:10,2025-05-31 06:10:00,2025.0,5.0,sabado,6.0,manha,ES,SERRA,True,101.0,BR-101,280.0,-20.2214658,-40.3580904,Manobra de mudança de faixa,Colisão com objeto,Sem Vítimas,Pleno dia,Crescente,Céu Claro,Simples,Reta,Não,0.0,0.0,0.0,0.0,0.0,1.0,1.0,1.0,SPRF-ES,DEL02-ES,UOP01-DEL02-ES,0,baixo
2025-05-31,12:55,2025-05-31 12:55:00,2025.0,5.0,sabado,12.0,tarde,ES,CARIACICA,True,101.0,BR-101,289.8,-20.28480583,-40.39270369,Velocidade Incompatível,Saída de leito carroçável,Com Vítimas Feridas,Pleno dia,Decrescente,Nublado,Simples,Reta;Declive,Não,0.0,0.0,2.0,2.0,0.0,0.0,1.0,2.0,SPRF-ES,DEL01-ES,UOP01-DEL01-ES,0,moderado
2025-05-31,15:30,2025-05-31 15:30:00,2025.0,5.0,sabado,15.0,tarde,ES,GUARAPARI,True,101.0,BR-101,333.0,-20.6149111,-40.5152516,Avarias e/ou desgaste excessivo no pneu,Queda de ocupante de veículo,Com Vítimas Feridas,Pleno dia,Crescente,Nublado,Dupla,Reta,Não,0.0,0.0,2.0,2.0,0.0,0.0,1.0,2.0,SPRF-ES,DEL03-ES,UOP01-DEL03-ES,0,moderado
2025-05-31,22:10,2025-05-31 22:10:00,2025.0,5.0,sabado,22.0,noite,ES,SERRA,True,101.0,BR-101,264.0,-20.18374253,-40.26641518,Ausência de reação do condutor,Queda de ocupante de veículo,Com Vítimas Feridas,Plena Noite,Crescente,Céu Claro,Múltipla,Reta,Sim,0.0,0.0,1.0,1.0,0.0,0.0,1.0,1.0,SPRF-ES,DEL02-ES,UOP01-DEL02-ES,0,moderado
2025-03-05,20:30,2025-03-05 20:30:00,2025.0,3.0,quarta,20.0,noite,ES,VIANA,True,101.0,BR-101,298.0,-20.354248,-40.41616,Ausência de reação do condutor,Queda de ocupante de veículo,Com Vítimas Feridas,Plena Noite,Decrescente,Ignorado,Dupla,Curva,Não,0.0,1.0,0.0,1.0,0.0,0.0,1.0,1.0,SPRF-ES,DEL01-ES,UOP01-DEL01-ES,1,grave
2025-06-02,07:40,2025-06-02 07:40:00,2025.0,6.0,segunda,7.0,manha,ES,CARIACICA,True,101.0,BR-101,294.7,-20.32902159,-40.39848089,Ausência de reação do condutor,Colisão lateral mesmo sentido,Com Vítimas Feridas,Pleno dia,Crescente,Céu Claro,Dupla,Reta,Sim,0.0,0.0,1.0,1.0,0.0,1.0,2.0,2.0,SPRF-ES,DEL01-ES,UOP01-DEL01-ES,0,moderado
2025-06-02,13:15,2025-06-02 13:15:00,2025.0,6.0,segunda,13.0,tarde,ES,SERRA,True,101.0,BR-101,265.8,-20.1880472,-40.2687369,Reação tardia ou ineficiente do condutor,Colisão lateral mesmo sentido,Com Vítimas Feridas,Pleno dia,Decrescente,Nublado,Múltipla,Reta,Sim,0.0,0.0,2.0,2.0,0.0,0.0,2.0,2.0,SPRF-ES,DEL02-ES,UOP01-DEL02-ES,0,moderado
2025-06-03,02:00,2025-06-03 02:00:00,2025.0,6.0,terca,2.0,madrugada,ES,SERRA,True,101.0,BR-101,265.0,-20.18679475,-40.26808083,Entrada inopinada do pedestre,Atropelamento de Pedestre,Com Vítimas Feridas,Plena Noite,Crescente,Chuva,Dupla,Reta,Sim,0.0,1.0,0.0,1.0,1.0,0.0,2.0,2.0,SPRF-ES,DEL02-ES,UOP01-DEL02-ES,1,grave
2025-06-03,17:00,2025-06-03 17:00:00,2025.0,6.0,terca,17.0,tarde,ES,SERRA,True,101.0,BR-101,266.0,-20.194865,-40.268418,Manobra de mudança de faixa,Colisão lateral mesmo sentido,Com Vítimas Feridas,Anoitecer,Decrescente,Nublado,Dupla,Reta,Sim,0.0,0.0,1.0,1.0,1.0,0.0,2.0,2.0,SPRF-ES,DEL02-ES,UOP01-DEL02-ES,0,moderado
2025-06-03,18:55,2025-06-03 18:55:00,2025.0,6.0,terca,18.0,noite,ES,SERRA,True,101.0,BR-101,267.8,-20.2066465,-40.2691885,Manobra de mudança de faixa,Colisão traseira,Sem Vítimas,Plena Noite,Decrescente,Chuva,Múltipla,Reta,Sim,0.0,0.0,0.0,0.0,2.0,0.0,2.0,2.0,SPRF-ES,DEL02-ES,UOP01-DEL02-ES,0,baixo
2025-06-04,05:55,2025-06-04 05:55:00,2025.0,6.0,quarta,5.0,madrugada,ES,SERRA,True,101.0,BR-101,265.7,-20.196453,-40.268785,Ausência de reação do condutor,Colisão lateral mesmo sentido,Com Vítimas Feridas,Amanhecer,Crescente,Ignorado,Dupla,Reta,Sim,0.0,0.0,1.0,1.0,1.0,0.0,2.0,2.0,SPRF-ES,DEL02-ES,UOP01-DEL02-ES,0,moderado
2025-06-04,08:35,2025-06-04 08:35:00,2025.0,6.0,quarta,8.0,manha,ES,CARIACICA,True,101.0,BR-101,297.8,-20.34842595,-40.41178107,Manobra de mudança de faixa,Colisão lateral mesmo sentido,Com Vítimas Feridas,Pleno dia,Crescente,Sol,Dupla,Reta,Sim,0.0,0.0,2.0,2.0,1.0,0.0,2.0,3.0,SPRF-ES,DEL01-ES,UOP01-DEL01-ES,0,moderado
2025-06-04,14:40,2025-06-04 14:40:00,2025.0,6.0,quarta,14.0,tarde,ES,CARIACICA,True,262.0,BR-262,0.7,-20.32699,-40.35472,Reação tardia ou ineficiente do condutor,Colisão traseira,Com Vítimas Feridas,Pleno dia,Decrescente,Céu Claro,Dupla,Ponte,Não,0.0,0.0,1.0,1.0,1.0,0.0,2.0,2.0,SPRF-ES,DEL01-ES,UOP01-DEL01-ES,0,moderado
2025-04-05,18:15,2025-04-05 18:15:00,2025.0,4.0,sabado,18.0,noite,ES,CARIACICA,True,101.0,BR-101,285.1,-20.253721,-40.374341,Pedestre cruzava a pista fora da faixa,Atropelamento de Pedestre,Com Vítimas Feridas,Plena Noite,Crescente,Nublado,Dupla,Reta,Sim,0.0,1.0,0.0,1.0,1.0,0.0,2.0,2.0,SPRF-ES,DEL01-ES,UOP01-DEL01-ES,1,grave