data,hora,data_hora,ano,mes,dia_semana,hora_dia,periodo_dia,uf,municipio,regiao_grande_vitoria,rodovia,rodovia_label,km,latitude,longitude,causa,tipo_acidente,classificacao,fase_dia,sentido_via,condicao_metereologica,tipo_pista,tracado_via,uso_solo,mortos,feridos_graves,feridos_leves,feridos,ilesos,ignorados,veiculos,pessoas,regional,delegacia,uop,risco_alto,nivel_risco
2025-06-05,18:09,2025-06-05 18:09:00,2025.0,6.0,quinta,18.0,noite,ES,SERRA,True,101.0,BR-101,264.0,-20.179607,-40.265201,Reação tardia ou ineficiente do condutor,Colisão lateral mesmo sentido,Com Vítimas Feridas,Plena Noite,Decrescente,Céu Claro,Dupla,Reta,Sim,0.0,1.0,0.0,1.0,0.0,1.0,2.0,2.0,SPRF-ES,DEL02-ES,UOP01-DEL02-ES,1,grave
2025-06-05,18:00,2025-06-05 18:00:00,2025.0,6.0,quinta,18.0,noite,ES,VIANA,True,262.0,BR-262,26.9,-20.38294909,-40.55124521,Manobra de mudança de faixa,Colisão lateral mesmo sentido,Com Vítimas Feridas,Anoitecer,Decrescente,Nublado,Simples,Curva,Não,0.0,0.0,1.0,1.0,0.0,1.0,2.0,2.0,SPRF-ES,DEL01-ES,UOP01-DEL01-ES,0,moderado
2025-06-05,20:15,2025-06-05 20:15:00,2025.0,6.0,quinta,20.0,noite,ES,SERRA,True,101.0,BR-101,259.0,-20.13930636,-40.29233694,Ausência de reação do condutor,Queda de ocupante de veículo,Com Vítimas Fatais,Plena Noite,Decrescente,Nublado,Dupla,Reta,Sim,2.0,0.0,0.0,0.0,1.0,0.0,2.0,3.0,SPRF-ES,DEL02-ES,UOP01-DEL02-ES,1,fatal
2025-06-06,03:00,2025-06-06 03:00:00,2025.0,6.0,sexta,3.0,madrugada,ES,SERRA,True,101.0,BR-101,264.0,-20.17789511,-40.26540667,Ingestão de álcool pelo condutor,Colisão com objeto,Sem Vítimas,Plena Noite,Crescente,Céu Claro,Múltipla,Interseção de Vias,Sim,0.0,0.0,0.0,0.0,1.0,0.0,1.0,1.0,SPRF-ES,DEL02-ES,UOP01-DEL02-ES,0,baixo
2025-06-06,22:50,2025-06-06 22:50:00,2025.0,6.0,sexta,22.0,noite,ES,SERRA,True,101.0,BR-101,269.0,-20.21919388,-40.27021408,Manobra de mudança de faixa,Tombamento,Com Vítimas Feridas,Pleno dia,Decrescente,Céu Claro,Dupla,Reta,Sim,0.0,0.0,1.0,1.0,0.0,0.0,1.0,1.0,SPRF-ES,DEL02-ES,UOP01-DEL02-ES,0,moderado
2025-06-07,06:45,2025-06-07 06:45:00,2025.0,6.0,sabado,6.0,manha,ES,SERRA,True,101.0,BR-101,252.9,-20.10481,-40.33258,Acessar a via sem observar a presença dos outros veículos,Tombamento,Com Vítimas Feridas,Pleno dia,Crescente,Céu Claro,Simples,Reta;Interseção de Vias,Não,0.0,1.0,0.0,1.0,0.0,0.0,1.0,1.0,SPRF-ES,DEL02-ES,UOP01-DEL02-ES,1,grave
2025-06-07,08:30,2025-06-07 08:30:00,2025.0,6.0,sabado,8.0,manha,ES,SERRA,True,101.0,BR-101,264.2,-20.17582,-40.26622,Manobra de mudança de faixa,Colisão lateral mesmo sentido,Com Vítimas Feridas,Pleno dia,Crescente,Céu Claro,Dupla,Reta,Não,0.0,1.0,0.0,1.0,1.0,0.0,2.0,2.0,SPRF-ES,DEL02-ES,UOP01-DEL02-ES,1,grave
2025-06-07,08:30,2025-06-07 08:30:00,2025.0,6.0,sabado,8.0,manha,ES,SERRA,True,101.0,BR-101,13.0,-20.170852,-40.347757,Reação tardia ou ineficiente do condutor,Tombamento,Sem Vítimas,Pleno dia,Crescente,Céu Claro,Dupla,Reta,Não,0.0,0.0,0.0,0.0,0.0,1.0,1.0,1.0,SPRF-ES,DEL02-ES,UOP01-DEL02-ES,0,baixo
2025-06-07,16:30,2025-06-07 16:30:00,2025.0,6.0,sabado,16.0,tarde,ES,CARIACICA,True,101.0,BR-101,282.4,-20.22700071,-40.36444394,Avarias e/ou desgaste excessivo no pneu,Queda de ocupante de veículo,Com Vítimas Feridas,Pleno dia,Decrescente,Nublado,Dupla,Reta,Não,0.0,0.0,1.0,1.0,1.0,0.0,1.0,2.0,SPRF-ES,DEL01-ES,UOP01-DEL01-ES,0,moderado
2025-06-07,17:30,2025-06-07 17:30:00,2025.0,6.0,sabado,17.0,tarde,ES,SERRA,True,101.0,BR-101,14.0,-20.20632,-40.333585,Avarias e/ou desgaste excessivo no pneu,Tombamento,Com Vítimas Feridas,Anoitecer,Crescente,Céu Claro,Dupla,Curva,Não,0.0,1.0,1.0,2.0,0.0,0.0,1.0,2.0,SPRF-ES,DEL02-ES,UOP01-DEL02-ES,1,grave
2025-06-08,05:00,2025-06-08 05:00:00,2025.0,6.0,domingo,5.0,madrugada,ES,CARIACICA,True,101.0,BR-101,289.8,-20.2873756,-40.3919448,Reação tardia ou ineficiente do condutor,Saída de leito carroçável,Sem Vítimas,Plena Noite,Decrescente,Nublado,Dupla,Reta;Declive,Sim,0.0,0.0,0.0,0.0,1.0,0.0,1.0,1.0,SPRF-ES,DEL01-ES,UOP01-DEL01-ES,0,baixo
2025-06-09,12:00,2025-06-09 12:00:00,2025.0,6.0,segunda,12.0,tarde,ES,CARIACICA,True,101.0,BR-101,290.7,-20.29494211,-40.39327383,Manobra de mudança de faixa,Colisão lateral mesmo sentido,Com Vítimas Feridas,Pleno dia,Crescente,Céu Claro,Dupla,Reta,Sim,0.0,2.0,0.0,2.0,1.0,0.0,2.0,3.0,SPRF-ES,DEL01-ES,UOP01-DEL01-ES,1,grave
2025-06-09,12:00,2025-06-09 12:00:00,2025.0,6.0,segunda,12.0,tarde,ES,SERRA,True,101.0,BR-101,266.9,-20.129886,-40.296982,Reação tardia ou ineficiente do condutor,Queda de ocupante de veículo,Com Vítimas Feridas,Pleno dia,Crescente,Céu Claro,Dupla,Reta,Sim,0.0,0.0,1.0,1.0,0.0,0.0,1.0,1.0,SPRF-ES,DEL02-ES,UOP01-DEL02-ES,0,moderado
2025-06-09,19:30,2025-06-09 19:30:00,2025.0,6.0,segunda,19.0,noite,ES,CARIACICA,True,101.0,BR-101,294.7,-20.32992924,-40.39880991,Condutor desrespeitou a iluminação vermelha do semáforo,Colisão lateral mesmo sentido,Sem Vítimas,Plena Noite,Decrescente,Nublado,Múltipla,Interseção de Vias,Sim,0.0,0.0,0.0,0.0,2.0,0.0,2.0,2.0,SPRF-ES,DEL01-ES,UOP01-DEL01-ES,0,baixo
2025-06-10,05:40,2025-06-10 05:40:00,2025.0,6.0,terca,5.0,madrugada,ES,VITORIA,True,101.0,BR-101,274.0,-20.2604544,-40.2784256,Demais falhas mecânicas ou elétricas,Queda de ocupante de veículo,Com Vítimas Feridas,Amanhecer,Decrescente,Nublado,Dupla,Reta,Não,0.0,0.0,2.0,2.0,0.0,0.0,1.0,2.0,SPRF-ES,DEL02-ES,UOP01-DEL02-ES,0,moderado
2025-06-10,07:20,2025-06-10 07:20:00,2025.0,6.0,terca,7.0,manha,ES,SERRA,True,101.0,BR-101,268.9,-20.22076653,-40.27025521,Manobra de mudança de faixa,Colisão lateral mesmo sentido,Com Vítimas Feridas,Pleno dia,Crescente,Nublado,Dupla,Reta,Sim,0.0,0.0,1.0,1.0,0.0,1.0,2.0,2.0,SPRF-ES,DEL02-ES,UOP01-DEL02-ES,0,moderado
2025-06-10,09:00,2025-06-10 09:00:00,2025.0,6.0,terca,9.0,manha,ES,SERRA,True,101.0,BR-101,269.4,-20.22176196,-40.2701962,Condutor deixou de manter distância do veículo da frente,Colisão traseira,Com Vítimas Feridas,Pleno dia,Decrescente,Céu Claro,Múltipla,Reta,Não,0.0,0.0,1.0,1.0,1.0,0.0,2.0,2.0,SPRF-ES,DEL02-ES,UOP01-DEL02-ES,0,moderado
2025-06-10,09:52,2025-06-10 09:52:00,2025.0,6.0,terca,9.0,manha,ES,SERRA,True,101.0,BR-101,268.7,-20.0488571,-40.3866823,Trafegar com motocicleta (ou similar) entre as faixas,Tombamento,Com Vítimas Feridas,Pleno dia,Crescente,Céu Claro,Múltipla,Reta,Sim,0.0,1.0,0.0,1.0,0.0,0.0,1.0,1.0,SPRF-ES,DEL02-ES,UOP01-DEL02-ES,1,grave
2025-06-10,11:43,2025-06-10 11:43:00,2025.0,6.0,terca,11.0,manha,ES,SERRA,True,101.0,BR-101,269.5,-20.22198245,-40.2702551,Ausência de reação do condutor,Colisão traseira,Com Vítimas Feridas,Pleno dia,Decrescente,Sol,Múltipla,Reta;Interseção de Vias,Sim,0.0,0.0,1.0,1.0,1.0,0.0,2.0,2.0,SPRF-ES,DEL02-ES,UOP01-DEL02-ES,0,moderado
2025-06-10,08:00,2025-06-10 08:00:00,2025.0,6.0,terca,8.0,manha,ES,CARIACICA,True,101.0,BR-101,296.0,-20.34169572,-40.40556084,Acessar a via sem observar a presença dos outros veículos,Colisão traseira,Com Vítimas Feridas,Pleno dia,Crescente,Chuva,Dupla,Curva;Retorno Regulamentado;Viaduto,Sim,0.0,0.0,2.0,2.0,3.0,0.0,3.0,5.0,SPRF-ES,DEL01-ES,UOP01-DEL01-ES,0,moderado
2025-06-11,07:10,2025-06-11 07:10:00,2025.0,6.0,quarta,7.0,manha,ES,SERRA,True,101.0,BR-101,267.9,-20.207284,-40.269528,Ausência de reação do condutor,Tombamento,Com Vítimas Feridas,Pleno dia,Crescente,Nublado,Múltipla,Reta,Sim,0.0,0.0,1.0,1.0,0.0,0.0,1.0,1.0,SPRF-ES,DEL02-ES,UOP01-DEL02-ES,0,moderado
2025-06-11,14:19,2025-06-11 14:19:00,2025.0,6.0,quarta,14.0,tarde,ES,CARIACICA,True,101.0,BR-101,287.0,-20.26612129,-40.38619341,Velocidade Incompatível,Colisão traseira,Com Vítimas Feridas,Pleno dia,Decrescente,Garoa/Chuvisco,Dupla,Retorno Regulamentado,Sim,0.0,1.0,1.0,2.0,1.0,0.0,2.0,3.0,SPRF-ES,DEL01-ES,UOP01-DEL01-ES,1,grave
2025-06-11,19:00,2025-06-11 19:00:00,2025.0,6.0,quarta,19.0,noite,ES,CARIACICA,True,101.0,BR-101,290.6,-20.294183,-40.393092,Manobra de mudança de faixa,Colisão traseira,Com Vítimas Feridas,Plena Noite,Decrescente,Nublado,Dupla,Reta;Retorno Regulamentado,Não,0.0,0.0,2.0,2.0,1.0,0.0,2.0,3.0,SPRF-ES,DEL01-ES,UOP01-DEL01-ES,0,moderado
2025-06-11,19:50,2025-06-11 19:50:00,2025.0,6.0,quarta,19.0,noite,ES,VIANA,True,101.0,BR-101,305.1,-20.38654947,-40.46307564,Chuva,Saída de leito carroçável,Com Vítimas Feridas,Plena Noite,Decrescente,Chuva,Múltipla,Reta,Não,0.0,0.0,1.0,1.0,0.0,0.0,1.0,1.0,SPRF-ES,DEL01-ES,UOP01-DEL01-ES,0,moderado
2025-06-11,21:29,2025-06-11 21:29:00,2025.0,6.0,quarta,21.0,noite,ES,CARIACICA,True,101.0,BR-101,296.9,-20.34577373,-40.41070819,Ausência de reação do condutor,Tombamento,Com Vítimas Feridas,Plena Noite,Crescente,Nublado,Dupla,Reta,Sim,0.0,0.0,1.0,1.0,1.0,0.0,1.0,2.0,SPRF-ES,DEL01-ES,UOP01-DEL01-ES,0,moderado
2025-06-12,09:50,2025-06-12 09:50:00,2025.0,6.0,quinta,9.0,manha,ES,SERRA,True,101.0,BR-101,8.0,-20.04887441,-40.3865193,Ausência de reação do condutor,Queda de ocupante de veículo,Com Vítimas Feridas,Pleno dia,Crescente,Céu Claro,Dupla,Reta,Não,0.0,1.0,0.0,1.0,0.0,0.0,1.0,1.0,SPRF-ES,DEL02-ES,UOP01-DEL02-ES,1,grave
2025-06-12,15:30,2025-06-12 15:30:00,2025.0,6.0,quinta,15.0,tarde,ES,VIANA,True,262.0,BR-262,20.0,-20.3885841,-40.4949076,Condutor desrespeitou a iluminação vermelha do semáforo,Colisão transversal,Com Vítimas Feridas,Pleno dia,Crescente,Céu Claro,Simples,Reta,Sim,0.0,0.0,1.0,1.0,1.0,0.0,2.0,2.0,SPRF-ES,DEL01-ES,UOP01-DEL01-ES,0,moderado
2025-06-12,20:55,2025-06-12 20:55:00,2025.0,6.0,quinta,20.0,noite,ES,VIANA,True,262.0,BR-262,18.0,-20.38815306,-40.47669975,Ausência de reação do condutor,Tombamento,Com Vítimas Feridas,Plena Noite,Crescente,Céu Claro,Simples,Reta,Sim,0.0,0.0,1.0,1.0,0.0,0.0,1.0,1.0,SPRF-ES,DEL01-ES,UOP01-DEL01-ES,0,moderado
2025-06-13,18:20,2025-06-13 18:20:00,2025.0,6.0,sexta,18.0,noite,ES,SERRA,True,101.0,BR-101,266.2,-20.04889234,-40.38647665,Pedestre cruzava a pista fora da faixa,Atropelamento de Pedestre,Com Vítimas Fatais,Plena Noite,Crescente,Nublado,Dupla,Reta,Sim,1.0,0.0,1.0,1.0,0.0,0.0,2.0,2.0,SPRF-ES,DEL02-ES,UOP01-DEL02-ES,1,fatal
2025-06-13,23:30,2025-06-13 23:30:00,2025.0,6.0,sexta,23.0,noite,ES,SERRA,True,101.0,BR-101,260.6,-20.14718146,-40.28093577,Acesso irregular,Colisão transversal,Com Vítimas Feridas,Plena Noite,Decrescente,Céu Claro,Dupla,Curva,Não,0.0,1.0,0.0,1.0,1.0,0.0,2.0,2.0,SPRF-ES,DEL02-ES,UOP01-DEL02-ES,1,grave
2025-06-14,12:00,2025-06-14 12:00:00,2025.0,6.0,sabado,12.0,tarde,ES,SERRA,True,101.0,BR-101,281.0,-20.22353411,-40.36114296,Reação tardia ou ineficiente do condutor,Tombamento,Com Vítimas Feridas,Pleno dia,Crescente,Céu Claro,Dupla,Reta,Não,0.0,0.0,2.0,2.0,0.0,0.0,1.0,2.0,SPRF-ES,DEL02-ES,UOP01-DEL02-ES,0,moderado
2025-06-14,13:30,2025-06-14 13:30:00,2025.0,6.0,sabado,13.0,tarde,ES,CARIACICA,True,101.0,BR-101,289.9,-20.28341071,-40.39319706,Manobra de mudança de faixa,Colisão lateral mesmo sentido,Com Vítimas Feridas,Pleno dia,Crescente,Nublado,Dupla,Reta,Não,0.0,0.0,1.0,1.0,0.0,1.0,2.0,2.0,SPRF-ES,DEL01-ES,UOP01-DEL01-ES,0,moderado
2025-06-14,14:20,2025-06-14 14:20:00,2025.0,6.0,sabado,14.0,tarde,ES,SERRA,True,101.0,BR-101,267.5,-20.19987382,-40.26886135,Condutor deixou de manter distância do veículo da frente,Colisão traseira,Com Vítimas Feridas,Pleno dia,Decrescente,Céu Claro,Múltipla,Reta,Sim,0.0,0.0,1.0,1.0,1.0,0.0,2.0,2.0,SPRF-ES,DEL02-ES,UOP01-DEL02-ES,0,moderado
2025-06-14,16:00,2025-06-14 16:00:00,2025.0,6.0,sabado,16.0,tarde,ES,SERRA,True,101.0,BR-101,262.1,-20.04888827,-40.38647878,Trafegar com motocicleta (ou similar) entre as faixas,Queda de ocupante de veículo,Com Vítimas Feridas,Pleno dia,Decrescente,Céu Claro,Dupla,Reta,Sim,0.0,1.0,1.0,2.0,0.0,0.0,1.0,2.0,SPRF-ES,DEL02-ES,UOP01-DEL02-ES,1,grave
2025-06-15,12:25,2025-06-15 12:25:00,2025.0,6.0,domingo,12.0,tarde,ES,SERRA,True,101.0,BR-101,270.6,-20.23076167,-40.27322667,Conversão proibida,Colisão traseira,Com Vítimas Feridas,Pleno dia,Decrescente,Nublado,Múltipla,Reta,Não,0.0,0.0,1.0,1.0,2.0,0.0,2.0,3.0,SPRF-ES,DEL02-ES,UOP01-DEL02-ES,0,moderado
2025-06-15,14:15,2025-06-15 14:15:00,2025.0,6.0,domingo,14.0,tarde,ES,SERRA,True,101.0,BR-101,260.1,-20.146443,-40.285803,Condutor deixou de manter distância do veículo da frente,Colisão traseira,Com Vítimas Feridas,Pleno dia,Decrescente,Céu Claro,Simples,Reta;Aclive,Não,0.0,0.0,1.0,1.0,2.0,0.0,2.0,3.0,SPRF-ES,DEL02-ES,UOP01-DEL02-ES,0,moderado
2025-06-15,15:00,2025-06-15 15:00:00,2025.0,6.0,domingo,15.0,tarde,ES,VIANA,True,101.0,BR-101,308.6,-20.4102156,-40.4581576,Ausência de reação do condutor,Colisão transversal,Com Vítimas Fatais,Pleno dia,Crescente,Céu Claro,Dupla,Reta,Não,1.0,0.0,0.0,0.0,2.0,0.0,2.0,3.0,SPRF-ES,DEL01-ES,UOP01-DEL01-ES,1,fatal
2025-06-16,00:00,2025-06-16 00:00:00,2025.0,6.0,segunda,0.0,madrugada,ES,SERRA,True,101.0,BR-101,266.7,-20.197344,-40.268765,Demais falhas mecânicas ou elétricas,Tombamento,Com Vítimas Feridas,Plena Noite,Crescente,Nublado,Múltipla,Reta,Sim,0.0,2.0,0.0,2.0,0.0,0.0,1.0,2.0,SPRF-ES,DEL02-ES,UOP01-DEL02-ES,1,grave
2025-06-16,12:00,2025-06-16 12:00:00,2025.0,6.0,segunda,12.0,tarde,ES,CARIACICA,True,101.0,BR-101,296.0,-20.34305,-40.406438,Ausência de reação do condutor,Queda de ocupante de veículo,Com Vítimas Feridas,Pleno dia,Crescente,Céu Claro,Dupla,Curva,Sim,0.0,0.0,1.0,1.0,0.0,0.0,1.0,1.0,SPRF-ES,DEL01-ES,UOP01-DEL01-ES,0,moderado
2025-06-16,15:30,2025-06-16 15:30:00,2025.0,6.0,segunda,15.0,tarde,ES,CARIACICA,True,101.0,BR-101,282.2,-20.22997223,-40.36681652,Avarias e/ou desgaste excessivo no pneu,Queda de ocupante de veículo,Com Vítimas Feridas,Pleno dia,Decrescente,Nublado,Dupla,Reta,Sim,0.0,0.0,2.0,2.0,0.0,0.0,1.0,2.0,SPRF-ES,DEL01-ES,UOP01-DEL01-ES,0,moderado
2025-06-16,18:00,2025-06-16 18:00:00,2025.0,6.0,segunda,18.0,noite,ES,SERRA,True,101.0,BR-101,269.4,-20.0488644,-40.3866806,Acumulo de óleo sobre o pavimento,Queda de ocupante de veículo,Com Vítimas Feridas,Plena Noite,Crescente,Céu Claro,Dupla,Reta,Não,0.0,1.0,0.0,1.0,0.0,0.0,1.0,1.0,SPRF-ES,DEL02-ES,UOP01-DEL02-ES,1,grave
2025-06-16,18:10,2025-06-16 18:10:00,2025.0,6.0,segunda,18.0,noite,ES,CARIACICA,True,101.0,BR-101,285.0,-20.253575,-40.373956,Pedestre cruzava a pista fora da faixa,Atropelamento de Pedestre,Com Vítimas Feridas,Plena Noite,Crescente,Céu Claro,Múltipla,Reta,Não,0.0,1.0,0.0,1.0,1.0,0.0,2.0,2.0,SPRF-ES,DEL01-ES,UOP01-DEL01-ES,1,grave
2025-06-16,18:30,2025-06-16 18:30:00,2025.0,6.0,segunda,18.0,noite,ES,SERRA,True,101.0,BR-101,270.0,-20.22378325,-40.2703618,Ausência de reação do condutor,Colisão lateral mesmo sentido,Com Vítimas Feridas,Plena Noite,Decrescente,Céu Claro,Dupla,Reta,Sim,0.0,2.0,0.0,2.0,1.0,0.0,2.0,3.0,SPRF-ES,DEL02-ES,UOP01-DEL02-ES,1,grave
2025-06-16,20:20,2025-06-16 20:20:00,2025.0,6.0,segunda,20.0,noite,ES,CARIACICA,True,101.0,BR-101,296.0,-20.34234973,-40.40584028,Animais na Pista,Atropelamento de Animal,Com Vítimas Feridas,Plena Noite,Crescente,Céu Claro,Dupla,Curva;Declive,Sim,0.0,0.0,1.0,1.0,0.0,0.0,1.0,1.0,SPRF-ES,DEL01-ES,UOP01-DEL01-ES,0,moderado
2025-06-17,08:30,2025-06-17 08:30:00,2025.0,6.0,terca,8.0,manha,ES,CARIACICA,True,101.0,BR-101,289.8,-20.2856396,-40.39245266,Ausência de reação do condutor,Tombamento,Com Vítimas Feridas,Pleno dia,Decrescente,Céu Claro,Dupla,Reta,Sim,0.0,0.0,1.0,1.0,0.0,0.0,1.0,1.0,SPRF-ES,DEL01-ES,UOP01-DEL01-ES,0,moderado
2025-06-18,06:30,2025-06-18 06:30:00,2025.0,6.0,quarta,6.0,manha,ES,SERRA,True,101.0,BR-101,268.0,-20.21091801,-40.26978493,Ausência de reação do condutor,Colisão traseira,Com Vítimas Feridas,Pleno dia,Crescente,Céu Claro,Múltipla,Reta,Sim,0.0,1.0,0.0,1.0,0.0,1.0,2.0,2.0,SPRF-ES,DEL02-ES,UOP01-DEL02-ES,1,grave
2025-06-18,16:00,2025-06-18 16:00:00,2025.0,6.0,quarta,16.0,tarde,ES,SERRA,True,101.0,BR-101,239.9,-20.02819355,-40.39878845,Falta de elemento de contenção que evite a saída do leito carroçável,Capotamento,Sem Vítimas,Pleno dia,Decrescente,Céu Claro,Simples,Reta,Não,0.0,0.0,0.0,0.0,0.0,1.0,1.0,1.0,SPRF-ES,DEL02-ES,UOP01-DEL02-ES,0,baixo
2025-06-18,18:00,2025-06-18 18:00:00,2025.0,6.0,quarta,18.0,noite,ES,SERRA,True,101.0,BR-101,259.0,-20.13230003,-40.29399557,Ausência de reação do condutor,Tombamento,Com Vítimas Feridas,Plena Noite,Decrescente,Céu Claro,Simples,Reta,Não,0.0,0.0,1.0,1.0,0.0,0.0,1.0,1.0,SPRF-ES,DEL02-ES,UOP01-DEL02-ES,0,moderado
2025-06-19,08:25,2025-06-19 08:25:00,2025.0,6.0,quinta,8.0,manha,ES,CARIACICA,True,101.0,BR-101,292.0,-20.30675,-40.395132,Acessar a via sem observar a presença dos outros veículos,Colisão com objeto,Sem Vítimas,Pleno dia,Decrescente,Céu Claro,Simples,Reta,Sim,0.0,0.0,0.0,0.0,1.0,1.0,2.0,2.0,SPRF-ES,DEL01-ES,UOP01-DEL01-ES,0,baixo
2025-06-19,16:20,2025-06-19 16:20:00,2025.0,6.0,quinta,16.0,tarde,ES,VIANA,True,101.0,BR-101,299.9,-20.3571773,-40.43008447,Condutor desrespeitou a iluminação vermelha do semáforo,Colisão transversal,Com Vítimas Feridas,Pleno dia,Crescente,Céu Claro,Múltipla,Declive;Reta,Sim,0.0,0.0,3.0,3.0,1.0,0.0,2.0,4.0,SPRF-ES,DEL01-ES,UOP01-DEL01-ES,0,moderado
2025-06-20,08:30,2025-06-20 08:30:00,2025.0,6.0,sexta,8.0,manha,ES,CARIACICA,True,101.0,BR-101,288.3,-20.2728368,-40.39127214,Ausência de reação do condutor,Queda de ocupante de veículo,Com Vítimas Feridas,Pleno dia,Decrescente,Céu Claro,Dupla,Reta,Sim,0.0,0.0,1.0,1.0,0.0,0.0,1.0,1.0,SPRF-ES,DEL01-ES,UOP01-DEL01-ES,0,moderado
2025-06-20,17:10,2025-06-20 17:10:00,2025.0,6.0,sexta,17.0,tarde,ES,VIANA,True,101.0,BR-101,300.1,-20.35945765,-40.43340984,Reação tardia ou ineficiente do condutor,Colisão traseira,Com Vítimas Feridas,Anoitecer,Crescente,Céu Claro,Múltipla,Declive;Interseção de Vias,Sim,0.0,1.0,0.0,1.0,2.0,0.0,2.0,3.0,SPRF-ES,DEL01-ES,UOP01-DEL01-ES,1,grave
2025-06-21,16:18,2025-06-21 16:18:00,2025.0,6.0,sabado,16.0,tarde,ES,CARIACICA,True,101.0,BR-101,282.4,-20.2304138,-40.3672913,Manobra de mudança de faixa,Queda de ocupante de veículo,Com Vítimas Feridas,Pleno dia,Crescente,Céu Claro,Dupla,Reta,Sim,0.0,0.0,1.0,1.0,1.0,0.0,2.0,2.0,SPRF-ES,DEL01-ES,UOP01-DEL01-ES,0,moderado
2025-06-09,08:00,2025-06-09 08:00:00,2025.0,6.0,segunda,8.0,manha,ES,SERRA,True,101.0,BR-101,276.9,-20.2128425,-40.3208445,Carga excessiva e/ou mal acondicionada,Derramamento de carga,Com Vítimas Feridas,Pleno dia,Decrescente,Sol,Dupla,Reta,Sim,0.0,0.0,1.0,1.0,1.0,1.0,3.0,3.0,SPRF-ES,DEL02-ES,UOP01-DEL02-ES,0,moderado
2025-06-22,06:00,2025-06-22 06:00:00,2025.0,6.0,domingo,6.0,manha,ES,SERRA,True,101.0,BR-101,280.5,-20.04888867,-40.38648021,Demais falhas mecânicas ou elétricas,Queda de ocupante de veículo,Com Vítimas Feridas,Amanhecer,Decrescente,Nublado,Dupla,Reta,Não,0.0,0.0,1.0,1.0,0.0,0.0,1.0,1.0,SPRF-ES,DEL02-ES,UOP01-DEL02-ES,0,moderado
2025-06-22,13:30,2025-06-22 13:30:00,2025.0,6.0,domingo,13.0,tarde,ES,GUARAPARI,True,101.0,BR-101,335.6,-20.62791666,-40.53403166,Reação tardia ou ineficiente do condutor,Colisão transversal,Com Vítimas Feridas,Pleno dia,Crescente,Céu Claro,Dupla,Curva,Não,0.0,0.0,1.0,1.0,2.0,0.0,2.0,3.0,SPRF-ES,DEL03-ES,UOP01-DEL03-ES,0,moderado
2025-06-22,14:30,2025-06-22 14:30:00,2025.0,6.0,domingo,14.0,tarde,ES,VIANA,True,101.0,BR-101,301.0,-20.36924731,-40.44430939,Velocidade Incompatível,Capotamento,Com Vítimas Feridas,Pleno dia,Crescente,Céu Claro,Simples,Declive;Curva,Não,0.0,0.0,1.0,1.0,1.0,0.0,1.0,2.0,SPRF-ES,DEL01-ES,UOP01-DEL01-ES,0,moderado
2025-06-22,17:55,2025-06-22 17:55:00,2025.0,6.0,domingo,17.0,tarde,ES,SERRA,True,101.0,BR-101,240.6,-20.03132299,-40.39736941,Entrada inopinada do pedestre,Atropelamento de Pedestre,Com Vítimas Fatais,Anoitecer,Crescente,Céu Claro,Dupla,Reta,Não,1.0,0.0,0.0,0.0,1.0,0.0,2.0,2.0,SPRF-ES,DEL02-ES,UOP01-DEL02-ES,1,fatal
2025-06-23,08:34,2025-06-23 08:34:00,2025.0,6.0,segunda,8.0,manha,ES,CARIACICA,True,101.0,BR-101,284.6,-20.24802,-40.370447,Afundamento ou ondulação no pavimento,Tombamento,Com Vítimas Feridas,Pleno dia,Decrescente,Céu Claro,Simples,Declive,Sim,0.0,1.0,1.0,2.0,0.0,0.0,1.0,2.0,SPRF-ES,DEL01-ES,UOP01-DEL01-ES,1,grave
2025-06-23,13:00,2025-06-23 13:00:00,2025.0,6.0,segunda,13.0,tarde,ES,SERRA,True,101.0,BR-101,257.6,-20.12782145,-40.29941549,Acessar a via sem observar a presença dos outros veículos,Colisão transversal,Com Vítimas Feridas,Pleno dia,Decrescente,Sol,Dupla,Rotatória,Sim,0.0,1.0,0.0,1.0,1.0,0.0,2.0,2.0,SPRF-ES,DEL02-ES,UOP01-DEL02-ES,1,grave
2025-06-23,14:40,2025-06-23 14:40:00,2025.0,6.0,segunda,14.0,tarde,ES,SERRA,True,101.0,BR-101,256.9,-20.12534476,-40.30265808,Velocidade Incompatível,Colisão lateral mesmo sentido,Com Vítimas Feridas,Pleno dia,Crescente,Céu Claro,Múltipla,Reta;Declive,Sim,0.0,0.0,2.0,2.0,2.0,0.0,2.0,4.0,SPRF-ES,DEL02-ES,UOP01-DEL02-ES,0,moderado