data,hora,data_hora,ano,mes,dia_semana,hora_dia,periodo_dia,uf,municipio,regiao_grande_vitoria,rodovia,rodovia_label,km,latitude,longitude,causa,tipo_acidente,classificacao,fase_dia,sentido_via,condicao_metereologica,tipo_pista,tracado_via,uso_solo,mortos,feridos_graves,feridos_leves,feridos,ilesos,ignorados,veiculos,pessoas,regional,delegacia,uop,risco_alto,nivel_risco
2025-06-23,17:15,2025-06-23 17:15:00,2025.0,6.0,segunda,17.0,tarde,ES,SERRA,True,101.0,BR-101,270.6,-20.230926,-40.27346,Acessar a via sem observar a presença dos outros veículos,Colisão transversal,Com Vítimas Feridas,Anoitecer,Crescente,Céu Claro,Múltipla,Reta,Sim,0.0,0.0,1.0,1.0,1.0,0.0,2.0,2.0,SPRF-ES,DEL02-ES,UOP01-DEL02-ES,0,moderado
2025-06-23,21:10,2025-06-23 21:10:00,2025.0,6.0,segunda,21.0,noite,ES,SERRA,True,101.0,BR-101,270.2,-20.23091223,-40.2733469,Condutor desrespeitou a iluminação vermelha do semáforo,Colisão transversal,Com Vítimas Feridas,Plena Noite,Crescente,Céu Claro,Múltipla,Reta,Não,0.0,0.0,1.0,1.0,1.0,0.0,2.0,2.0,SPRF-ES,DEL02-ES,UOP01-DEL02-ES,0,moderado
2025-06-24,14:50,2025-06-24 14:50:00,2025.0,6.0,terca,14.0,tarde,ES,CARIACICA,True,101.0,BR-101,295.0,-20.3318546,-40.3999901,Ausência de reação do condutor,Colisão lateral mesmo sentido,Com Vítimas Feridas,Pleno dia,Crescente,Sol,Dupla,Em Obras,Não,0.0,0.0,1.0,1.0,1.0,0.0,2.0,2.0,SPRF-ES,DEL01-ES,UOP01-DEL01-ES,0,moderado
2025-06-25,06:50,2025-06-25 06:50:00,2025.0,6.0,quarta,6.0,manha,ES,SERRA,True,101.0,BR-101,262.7,-20.16054717,-40.27570583,Condutor deixou de manter distância do veículo da frente,Colisão traseira,Com Vítimas Feridas,Pleno dia,Decrescente,Céu Claro,Dupla,Reta,Não,0.0,0.0,2.0,2.0,0.0,1.0,3.0,3.0,SPRF-ES,DEL02-ES,UOP01-DEL02-ES,0,moderado
2025-06-25,10:00,2025-06-25 10:00:00,2025.0,6.0,quarta,10.0,manha,ES,SERRA,True,101.0,BR-101,269.3,-20.2205119,-40.2704562,Manobra de mudança de faixa,Colisão lateral mesmo sentido,Com Vítimas Feridas,Pleno dia,Crescente,Nublado,Múltipla,Reta,Sim,0.0,0.0,1.0,1.0,1.0,0.0,2.0,2.0,SPRF-ES,DEL02-ES,UOP01-DEL02-ES,0,moderado
2025-06-25,17:55,2025-06-25 17:55:00,2025.0,6.0,quarta,17.0,tarde,ES,CARIACICA,True,101.0,BR-101,283.1,-20.23517757,-40.36965815,Manobra de mudança de faixa,Colisão lateral mesmo sentido,Com Vítimas Feridas,Anoitecer,Crescente,Nublado,Dupla,Reta,Sim,0.0,0.0,1.0,1.0,1.0,1.0,3.0,3.0,SPRF-ES,DEL01-ES,UOP01-DEL01-ES,0,moderado
2025-06-25,22:00,2025-06-25 22:00:00,2025.0,6.0,quarta,22.0,noite,ES,SERRA,True,101.0,BR-101,17.9,-20.215975,-40.334882,Condutor deixou de manter distância do veículo da frente,Colisão traseira,Com Vítimas Feridas,Plena Noite,Crescente,Céu Claro,Dupla,Reta,Não,0.0,0.0,1.0,1.0,1.0,1.0,2.0,3.0,SPRF-ES,DEL02-ES,UOP01-DEL02-ES,0,moderado
2025-06-26,07:06,2025-06-26 07:06:00,2025.0,6.0,quinta,7.0,manha,ES,GUARAPARI,True,101.0,BR-101,335.0,-20.62744994,-40.52738118,Acumulo de areia ou detritos sobre o pavimento,Queda de ocupante de veículo,Com Vítimas Feridas,Pleno dia,Decrescente,Céu Claro,Simples,Curva,Sim,0.0,0.0,1.0,1.0,0.0,0.0,1.0,1.0,SPRF-ES,DEL03-ES,UOP01-DEL03-ES,0,moderado
2025-06-26,13:15,2025-06-26 13:15:00,2025.0,6.0,quinta,13.0,tarde,ES,SERRA,True,101.0,BR-101,281.0,-20.21891645,-40.35015663,Demais falhas mecânicas ou elétricas,Tombamento,Com Vítimas Feridas,Pleno dia,Crescente,Céu Claro,Simples,Reta,Não,0.0,0.0,2.0,2.0,0.0,0.0,1.0,2.0,SPRF-ES,DEL02-ES,UOP01-DEL02-ES,0,moderado
2025-06-26,15:00,2025-06-26 15:00:00,2025.0,6.0,quinta,15.0,tarde,ES,SERRA,True,101.0,BR-101,14.9,-20.210955,-40.334542,Reação tardia ou ineficiente do condutor,Colisão traseira,Com Vítimas Feridas,Pleno dia,Crescente,Céu Claro,Dupla,Reta,Não,0.0,1.0,1.0,2.0,1.0,0.0,3.0,3.0,SPRF-ES,DEL02-ES,UOP01-DEL02-ES,1,grave
2025-06-26,17:45,2025-06-26 17:45:00,2025.0,6.0,quinta,17.0,tarde,ES,VIANA,True,101.0,BR-101,301.0,-20.3610942,-40.4361423,Pedestre andava na pista,Atropelamento de Pedestre,Com Vítimas Feridas,Plena Noite,Decrescente,Céu Claro,Dupla,Reta,Sim,0.0,0.0,1.0,1.0,1.0,0.0,2.0,2.0,SPRF-ES,DEL01-ES,UOP01-DEL01-ES,0,moderado
2025-06-26,18:00,2025-06-26 18:00:00,2025.0,6.0,quinta,18.0,noite,ES,VIANA,True,101.0,BR-101,298.0,-20.3547459,-40.4168813,Objeto estático sobre o leito carroçável,Colisão com objeto,Com Vítimas Feridas,Pleno dia,Crescente,Céu Claro,Dupla,Reta;Viaduto,Sim,0.0,0.0,1.0,1.0,0.0,0.0,1.0,1.0,SPRF-ES,DEL01-ES,UOP01-DEL01-ES,0,moderado
2025-06-26,19:34,2025-06-26 19:34:00,2025.0,6.0,quinta,19.0,noite,ES,SERRA,True,101.0,BR-101,271.5,-20.22702858,-40.28503696,Condutor desrespeitou a iluminação vermelha do semáforo,Colisão transversal,Com Vítimas Feridas,Plena Noite,Crescente,Céu Claro,Simples,Reta,Não,0.0,1.0,0.0,1.0,1.0,0.0,2.0,2.0,SPRF-ES,DEL02-ES,UOP01-DEL02-ES,1,grave
2025-06-26,21:00,2025-06-26 21:00:00,2025.0,6.0,quinta,21.0,noite,ES,SERRA,True,101.0,BR-101,262.2,-20.160828,-40.27547,Reação tardia ou ineficiente do condutor,Colisão transversal,Com Vítimas Feridas,Plena Noite,Crescente,Céu Claro,Dupla,Reta,Não,0.0,0.0,1.0,1.0,4.0,0.0,2.0,5.0,SPRF-ES,DEL02-ES,UOP01-DEL02-ES,0,moderado
2025-06-27,05:50,2025-06-27 05:50:00,2025.0,6.0,sexta,5.0,madrugada,ES,VIANA,True,101.0,BR-101,298.0,-20.3554354,-40.4168915,Animais na Pista,Atropelamento de Animal,Com Vítimas Feridas,Amanhecer,Decrescente,Nublado,Simples,Reta,Sim,0.0,2.0,0.0,2.0,0.0,0.0,1.0,2.0,SPRF-ES,DEL01-ES,UOP01-DEL01-ES,1,grave
2025-06-28,06:00,2025-06-28 06:00:00,2025.0,6.0,sabado,6.0,manha,ES,SERRA,True,101.0,BR-101,267.0,-20.2050693,-40.26933342,Manobra de mudança de faixa,Colisão lateral mesmo sentido,Com Vítimas Feridas,Pleno dia,Crescente,Sol,Múltipla,Reta,Sim,0.0,0.0,2.0,2.0,0.0,1.0,2.0,3.0,SPRF-ES,DEL02-ES,UOP01-DEL02-ES,0,moderado
2025-06-28,11:56,2025-06-28 11:56:00,2025.0,6.0,sabado,11.0,manha,ES,SERRA,True,101.0,BR-101,266.0,-20.1932524,-40.2682186,Ausência de reação do condutor,Queda de ocupante de veículo,Com Vítimas Feridas,Pleno dia,Crescente,Sol,Dupla,Reta,Sim,0.0,1.0,0.0,1.0,0.0,0.0,1.0,1.0,SPRF-ES,DEL02-ES,UOP01-DEL02-ES,1,grave
2025-06-28,19:07,2025-06-28 19:07:00,2025.0,6.0,sabado,19.0,noite,ES,SERRA,True,101.0,BR-101,256.0,-20.0488693,-40.3866778,Acessar a via sem observar a presença dos outros veículos,Atropelamento de Pedestre,Com Vítimas Feridas,Plena Noite,Crescente,Céu Claro,Simples,Reta,Sim,0.0,0.0,2.0,2.0,1.0,0.0,2.0,3.0,SPRF-ES,DEL02-ES,UOP01-DEL02-ES,0,moderado
2025-06-28,19:20,2025-06-28 19:20:00,2025.0,6.0,sabado,19.0,noite,ES,SERRA,True,101.0,BR-101,262.0,-20.160472,-40.275685,Acessar a via sem observar a presença dos outros veículos,Colisão traseira,Sem Vítimas,Plena Noite,Decrescente,Céu Claro,Dupla,Reta,Não,0.0,0.0,0.0,0.0,2.0,0.0,2.0,2.0,SPRF-ES,DEL02-ES,UOP01-DEL02-ES,0,baixo
2025-06-29,00:10,2025-06-29 00:10:00,2025.0,6.0,domingo,0.0,madrugada,ES,SERRA,True,101.0,BR-101,258.5,-20.13689998,-40.29217511,Condutor deixou de manter distância do veículo da frente,Colisão traseira,Com Vítimas Feridas,Plena Noite,Decrescente,Céu Claro,Dupla,Reta,Sim,0.0,0.0,2.0,2.0,0.0,1.0,2.0,3.0,SPRF-ES,DEL02-ES,UOP01-DEL02-ES,0,moderado
2025-06-29,04:38,2025-06-29 04:38:00,2025.0,6.0,domingo,4.0,madrugada,ES,FUNDAO,True,101.0,BR-101,233.0,-19.96177,-40.40434,Condutor deixou de manter distância do veículo da frente,Colisão traseira,Com Vítimas Feridas,Plena Noite,Decrescente,Nublado,Simples,Reta,Não,0.0,0.0,2.0,2.0,0.0,2.0,2.0,4.0,SPRF-ES,DEL02-ES,UOP01-DEL02-ES,0,moderado
2025-06-29,09:30,2025-06-29 09:30:00,2025.0,6.0,domingo,9.0,manha,ES,SERRA,True,101.0,BR-101,266.1,-20.2244,-40.273,Condutor desrespeitou a iluminação vermelha do semáforo,Colisão transversal,Com Vítimas Feridas,Pleno dia,Crescente,Sol,Dupla,Retorno Regulamentado,Sim,0.0,0.0,1.0,1.0,2.0,0.0,2.0,3.0,SPRF-ES,DEL02-ES,UOP01-DEL02-ES,0,moderado
2025-06-29,14:35,2025-06-29 14:35:00,2025.0,6.0,domingo,14.0,tarde,ES,CARIACICA,True,101.0,BR-101,292.0,-20.306112,-40.395107,Ingestão de álcool pelo condutor,Colisão traseira,Com Vítimas Feridas,Pleno dia,Crescente,Sol,Dupla,Declive;Reta,Sim,0.0,0.0,1.0,1.0,1.0,0.0,2.0,2.0,SPRF-ES,DEL01-ES,UOP01-DEL01-ES,0,moderado
2025-06-29,17:00,2025-06-29 17:00:00,2025.0,6.0,domingo,17.0,tarde,ES,SERRA,True,101.0,BR-101,266.0,-20.19649061,-40.26859313,Ausência de reação do condutor,Colisão traseira,Com Vítimas Feridas,Pleno dia,Decrescente,Céu Claro,Múltipla,Reta,Não,0.0,0.0,1.0,1.0,1.0,0.0,2.0,2.0,SPRF-ES,DEL02-ES,UOP01-DEL02-ES,0,moderado
2025-06-29,18:55,2025-06-29 18:55:00,2025.0,6.0,domingo,18.0,noite,ES,SERRA,True,101.0,BR-101,264.9,-20.1822104,-40.2656856,Condutor desrespeitou a iluminação vermelha do semáforo,Atropelamento de Pedestre,Com Vítimas Feridas,Plena Noite,Crescente,Céu Claro,Múltipla,Reta,Sim,0.0,0.0,1.0,1.0,1.0,0.0,2.0,2.0,SPRF-ES,DEL02-ES,UOP01-DEL02-ES,0,moderado
2025-06-29,19:00,2025-06-29 19:00:00,2025.0,6.0,domingo,19.0,noite,ES,SERRA,True,101.0,BR-101,267.9,-20.205374,-40.269542,Ausência de reação do condutor,Colisão traseira,Com Vítimas Feridas,Plena Noite,Crescente,Céu Claro,Dupla,Reta,Não,0.0,0.0,1.0,1.0,0.0,1.0,2.0,2.0,SPRF-ES,DEL02-ES,UOP01-DEL02-ES,0,moderado
2025-06-29,18:00,2025-06-29 18:00:00,2025.0,6.0,domingo,18.0,noite,ES,VIANA,True,101.0,BR-101,305.7,-20.39097441,-40.46310425,Ausência de reação do condutor,Atropelamento de Pedestre,Com Vítimas Feridas,Plena Noite,Decrescente,Céu Claro,Dupla,Reta,Não,0.0,1.0,0.0,1.0,0.0,1.0,2.0,2.0,SPRF-ES,DEL01-ES,UOP01-DEL01-ES,1,grave
2025-06-29,20:10,2025-06-29 20:10:00,2025.0,6.0,domingo,20.0,noite,ES,SERRA,True,101.0,BR-101,269.1,-20.04887489,-40.38651095,Ausência de reação do condutor,Colisão traseira,Com Vítimas Feridas,Plena Noite,Crescente,Céu Claro,Dupla,Interseção de Vias,Sim,0.0,0.0,1.0,1.0,1.0,0.0,2.0,2.0,SPRF-ES,DEL02-ES,UOP01-DEL02-ES,0,moderado
2025-06-30,07:47,2025-06-30 07:47:00,2025.0,6.0,segunda,7.0,manha,ES,SERRA,True,101.0,BR-101,262.0,-20.15941505,-40.27609197,Condutor desrespeitou a iluminação vermelha do semáforo,Colisão transversal,Com Vítimas Feridas,Pleno dia,Crescente,Céu Claro,Dupla,Reta;Retorno Regulamentado,Sim,0.0,1.0,0.0,1.0,1.0,0.0,2.0,2.0,SPRF-ES,DEL02-ES,UOP01-DEL02-ES,1,grave
2025-06-30,08:00,2025-06-30 08:00:00,2025.0,6.0,segunda,8.0,manha,ES,VIANA,True,101.0,BR-101,298.0,-20.35785519,-40.42080657,Condutor deixou de manter distância do veículo da frente,Colisão traseira,Com Vítimas Feridas,Pleno dia,Crescente,Céu Claro,Dupla,Reta,Não,0.0,1.0,0.0,1.0,1.0,0.0,2.0,2.0,SPRF-ES,DEL01-ES,UOP01-DEL01-ES,1,grave
2025-06-30,10:30,2025-06-30 10:30:00,2025.0,6.0,segunda,10.0,manha,ES,CARIACICA,True,101.0,BR-101,296.0,-20.34255516,-40.4051532,Ingestão de álcool pelo condutor,Colisão com objeto,Com Vítimas Feridas,Pleno dia,Crescente,Céu Claro,Dupla,Declive;Curva,Não,0.0,0.0,1.0,1.0,0.0,0.0,1.0,1.0,SPRF-ES,DEL01-ES,UOP01-DEL01-ES,0,moderado
2025-06-30,13:10,2025-06-30 13:10:00,2025.0,6.0,segunda,13.0,tarde,ES,CARIACICA,True,0.0,BR-0,0.0,-20.33532091,-40.37543631,Reação tardia ou ineficiente do condutor,Colisão transversal,Sem Vítimas,Pleno dia,Não Informado,Sol,Dupla,Reta,Sim,0.0,0.0,0.0,0.0,1.0,1.0,2.0,2.0,SPRF-ES,DEL01-ES,UOP01-DEL01-ES,0,baixo
2025-06-30,17:20,2025-06-30 17:20:00,2025.0,6.0,segunda,17.0,tarde,ES,CARIACICA,True,101.0,BR-101,288.3,-20.27616,-40.391613,Ausência de reação do condutor,Colisão lateral mesmo sentido,Com Vítimas Feridas,Pleno dia,Crescente,Nublado,Dupla,Reta,Não,0.0,1.0,0.0,1.0,1.0,0.0,2.0,2.0,SPRF-ES,DEL01-ES,UOP01-DEL01-ES,1,grave
2025-07-01,07:09,2025-07-01 07:09:00,2025.0,7.0,terca,7.0,manha,ES,CARIACICA,True,101.0,BR-101,295.2,-20.335002,-40.400952,Manobra de mudança de faixa,Colisão lateral mesmo sentido,Com Vítimas Feridas,Pleno dia,Decrescente,Céu Claro,Múltipla,Reta;Declive,Sim,0.0,0.0,1.0,1.0,1.0,0.0,2.0,2.0,SPRF-ES,DEL01-ES,UOP01-DEL01-ES,0,moderado
2025-07-01,07:07,2025-07-01 07:07:00,2025.0,7.0,terca,7.0,manha,ES,SERRA,True,101.0,BR-101,270.2,-20.228948,-40.272239,Ausência de reação do condutor,Colisão com objeto,Com Vítimas Feridas,Pleno dia,Decrescente,Céu Claro,Dupla,Reta,Sim,0.0,0.0,1.0,1.0,1.0,1.0,3.0,3.0,SPRF-ES,DEL02-ES,UOP01-DEL02-ES,0,moderado
2025-07-02,08:10,2025-07-02 08:10:00,2025.0,7.0,quarta,8.0,manha,ES,SERRA,True,101.0,BR-101,265.9,-20.054016,-40.3767296,Reação tardia ou ineficiente do condutor,Colisão lateral mesmo sentido,Com Vítimas Feridas,Pleno dia,Crescente,Céu Claro,Dupla,Reta,Sim,0.0,0.0,1.0,1.0,2.0,0.0,2.0,3.0,SPRF-ES,DEL02-ES,UOP01-DEL02-ES,0,moderado
2025-07-02,21:00,2025-07-02 21:00:00,2025.0,7.0,quarta,21.0,noite,ES,VIANA,True,101.0,BR-101,297.8,-20.3508415,-40.414221,Demais falhas mecânicas ou elétricas,Queda de ocupante de veículo,Com Vítimas Feridas,Plena Noite,Crescente,Ignorado,Dupla,Reta,Sim,0.0,0.0,1.0,1.0,0.0,0.0,1.0,1.0,SPRF-ES,DEL01-ES,UOP01-DEL01-ES,0,moderado
2025-06-16,06:30,2025-06-16 06:30:00,2025.0,6.0,segunda,6.0,manha,ES,SERRA,True,101.0,BR-101,267.0,-20.2130726,-40.26987076,Conversão proibida,Colisão lateral mesmo sentido,Com Vítimas Feridas,Amanhecer,Crescente,Céu Claro,Dupla,Reta,Sim,0.0,0.0,1.0,1.0,1.0,0.0,2.0,2.0,SPRF-ES,DEL02-ES,UOP01-DEL02-ES,0,moderado
2025-07-03,07:15,2025-07-03 07:15:00,2025.0,7.0,quinta,7.0,manha,ES,SERRA,True,101.0,BR-101,263.1,-20.16703657,-40.27190745,Condutor deixou de manter distância do veículo da frente,Colisão traseira,Com Vítimas Feridas,Pleno dia,Crescente,Chuva,Dupla,Reta,Sim,0.0,0.0,1.0,1.0,1.0,0.0,2.0,2.0,SPRF-ES,DEL02-ES,UOP01-DEL02-ES,0,moderado
2025-07-03,12:30,2025-07-03 12:30:00,2025.0,7.0,quinta,12.0,tarde,ES,SERRA,True,101.0,BR-101,255.9,-20.1198544,-40.3096446,Chuva,Saída de leito carroçável,Sem Vítimas,Pleno dia,Crescente,Chuva,Simples,Reta,Sim,0.0,0.0,0.0,0.0,1.0,0.0,1.0,1.0,SPRF-ES,DEL02-ES,UOP01-DEL02-ES,0,baixo
2025-07-04,16:00,2025-07-04 16:00:00,2025.0,7.0,sexta,16.0,tarde,ES,SERRA,True,101.0,BR-101,256.0,-20.04886866,-40.38653706,Transitar no Acostamento,Queda de ocupante de veículo,Com Vítimas Feridas,Pleno dia,Decrescente,Céu Claro,Simples,Reta,Sim,0.0,0.0,1.0,1.0,0.0,0.0,1.0,1.0,SPRF-ES,DEL02-ES,UOP01-DEL02-ES,0,moderado
2025-07-05,10:30,2025-07-05 10:30:00,2025.0,7.0,sabado,10.0,manha,ES,SERRA,True,101.0,BR-101,265.8,-20.18824,-40.268035,Ausência de reação do condutor,Colisão traseira,Com Vítimas Feridas,Pleno dia,Decrescente,Céu Claro,Dupla,Reta,Sim,0.0,0.0,1.0,1.0,1.0,0.0,2.0,2.0,SPRF-ES,DEL02-ES,UOP01-DEL02-ES,0,moderado
2025-07-05,13:35,2025-07-05 13:35:00,2025.0,7.0,sabado,13.0,tarde,ES,SERRA,True,101.0,BR-101,253.7,-20.109502,-40.328113,Reação tardia ou ineficiente do condutor,Saída de leito carroçável,Sem Vítimas,Pleno dia,Crescente,Céu Claro,Simples,Reta,Não,0.0,0.0,0.0,0.0,0.0,1.0,1.0,1.0,SPRF-ES,DEL02-ES,UOP01-DEL02-ES,0,baixo
2025-07-05,15:50,2025-07-05 15:50:00,2025.0,7.0,sabado,15.0,tarde,ES,SERRA,True,101.0,BR-101,264.3,-20.178604,-40.265467,Reação tardia ou ineficiente do condutor,Colisão transversal,Com Vítimas Feridas,Pleno dia,Crescente,Céu Claro,Múltipla,Interseção de Vias,Sim,0.0,2.0,1.0,3.0,1.0,0.0,3.0,4.0,SPRF-ES,DEL02-ES,UOP01-DEL02-ES,1,grave
2025-07-05,17:00,2025-07-05 17:00:00,2025.0,7.0,sabado,17.0,tarde,ES,FUNDAO,True,101.0,BR-101,236.2,-19.9899069,-40.4134209,Conversão proibida,Colisão transversal,Com Vítimas Feridas,Anoitecer,Decrescente,Céu Claro,Simples,Curva,Não,0.0,0.0,2.0,2.0,1.0,0.0,2.0,3.0,SPRF-ES,DEL02-ES,UOP01-DEL02-ES,0,moderado
2025-07-06,15:49,2025-07-06 15:49:00,2025.0,7.0,domingo,15.0,tarde,ES,SERRA,True,101.0,BR-101,259.0,-20.138375,-40.292264,Conversão proibida,Colisão transversal,Com Vítimas Feridas,Pleno dia,Decrescente,Céu Claro,Dupla,Reta,Sim,0.0,0.0,1.0,1.0,1.0,0.0,2.0,2.0,SPRF-ES,DEL02-ES,UOP01-DEL02-ES,0,moderado
2025-07-07,05:27,2025-07-07 05:27:00,2025.0,7.0,segunda,5.0,madrugada,ES,SERRA,True,101.0,BR-101,264.0,-20.178502,-40.265286,Condutor desrespeitou a iluminação vermelha do semáforo,Colisão transversal,Com Vítimas Feridas,Pleno dia,Decrescente,Céu Claro,Múltipla,Interseção de Vias,Sim,0.0,0.0,1.0,1.0,2.0,0.0,2.0,3.0,SPRF-ES,DEL02-ES,UOP01-DEL02-ES,0,moderado
2025-07-07,14:17,2025-07-07 14:17:00,2025.0,7.0,segunda,14.0,tarde,ES,GUARAPARI,True,101.0,BR-101,335.0,-20.6281024,-40.5331143,Condutor Dormindo,Saída de leito carroçável,Com Vítimas Feridas,Pleno dia,Crescente,Céu Claro,Dupla,Reta;Declive,Não,0.0,0.0,1.0,1.0,0.0,0.0,1.0,1.0,SPRF-ES,DEL03-ES,UOP01-DEL03-ES,0,moderado
2025-07-07,14:45,2025-07-07 14:45:00,2025.0,7.0,segunda,14.0,tarde,ES,CARIACICA,True,101.0,BR-101,293.2,-20.316122,-40.3954811,Pista Escorregadia,Tombamento,Com Vítimas Feridas,Pleno dia,Decrescente,Céu Claro,Múltipla,Reta,Sim,0.0,0.0,1.0,1.0,0.0,0.0,1.0,1.0,SPRF-ES,DEL01-ES,UOP01-DEL01-ES,0,moderado
2025-06-14,18:00,2025-06-14 18:00:00,2025.0,6.0,sabado,18.0,noite,ES,SERRA,True,101.0,BR-101,270.4,-20.22967735,-40.2719907,Ausência de reação do condutor,Colisão traseira,Com Vítimas Feridas,Plena Noite,Decrescente,Céu Claro,Simples,Reta,Não,0.0,0.0,1.0,1.0,2.0,2.0,4.0,5.0,SPRF-ES,DEL02-ES,UOP01-DEL02-ES,0,moderado
2025-07-09,07:04,2025-07-09 07:04:00,2025.0,7.0,quarta,7.0,manha,ES,GUARAPARI,True,101.0,BR-101,320.8,-20.518841,-40.4783309,Manobra de mudança de faixa,Colisão lateral mesmo sentido,Com Vítimas Feridas,Pleno dia,Crescente,Céu Claro,Múltipla,Reta,Não,0.0,1.0,0.0,1.0,1.0,0.0,2.0,2.0,SPRF-ES,DEL03-ES,UOP01-DEL03-ES,1,grave
2025-07-09,08:45,2025-07-09 08:45:00,2025.0,7.0,quarta,8.0,manha,ES,SERRA,True,101.0,BR-101,262.1,-20.1594149,-40.2761924,Condutor desrespeitou a iluminação vermelha do semáforo,Colisão transversal,Com Vítimas Fatais,Pleno dia,Crescente,Chuva,Múltipla,Interseção de Vias;Retorno Regulamentado;Reta,Sim,1.0,0.0,1.0,1.0,1.0,0.0,2.0,3.0,SPRF-ES,DEL02-ES,UOP01-DEL02-ES,1,fatal
2025-07-09,12:40,2025-07-09 12:40:00,2025.0,7.0,quarta,12.0,tarde,ES,SERRA,True,101.0,BR-101,266.4,-20.19357,-40.26849,Desrespeitar a preferência no cruzamento,Colisão transversal,Com Vítimas Feridas,Pleno dia,Crescente,Céu Claro,Múltipla,Interseção de Vias,Sim,0.0,0.0,1.0,1.0,1.0,0.0,2.0,2.0,SPRF-ES,DEL02-ES,UOP01-DEL02-ES,0,moderado
2025-07-09,19:35,2025-07-09 19:35:00,2025.0,7.0,quarta,19.0,noite,ES,VIANA,True,101.0,BR-101,306.0,-20.39556767,-40.45908158,Ausência de reação do condutor,Colisão frontal,Com Vítimas Feridas,Plena Noite,Decrescente,Nublado,Dupla,Reta,Não,0.0,0.0,1.0,1.0,1.0,0.0,2.0,2.0,SPRF-ES,DEL01-ES,UOP01-DEL01-ES,0,moderado
2025-07-10,08:40,2025-07-10 08:40:00,2025.0,7.0,quinta,8.0,manha,ES,SERRA,True,101.0,BR-101,270.0,-20.22608585,-40.27072194,Manobra de mudança de faixa,Colisão lateral mesmo sentido,Com Vítimas Feridas,Pleno dia,Crescente,Nublado,Dupla,Reta,Sim,0.0,0.0,1.0,1.0,1.0,0.0,2.0,2.0,SPRF-ES,DEL02-ES,UOP01-DEL02-ES,0,moderado
2025-06-16,01:20,2025-06-16 01:20:00,2025.0,6.0,segunda,1.0,madrugada,ES,CARIACICA,True,101.0,BR-101,291.1,-20.29190589,-40.39200783,Transitar na contramão,Colisão frontal,Com Vítimas Feridas,Plena Noite,Decrescente,Céu Claro,Dupla,Reta,Não,0.0,2.0,0.0,2.0,1.0,0.0,2.0,3.0,SPRF-ES,DEL01-ES,UOP01-DEL01-ES,1,grave
2025-06-24,18:20,2025-06-24 18:20:00,2025.0,6.0,terca,18.0,noite,ES,SERRA,True,101.0,BR-101,266.2,-20.192634,-40.26846,Reação tardia ou ineficiente do condutor,Colisão traseira,Com Vítimas Feridas,Plena Noite,Decrescente,Nublado,Simples,Reta,Não,0.0,0.0,2.0,2.0,0.0,1.0,2.0,3.0,SPRF-ES,DEL02-ES,UOP01-DEL02-ES,0,moderado
2025-07-10,18:10,2025-07-10 18:10:00,2025.0,7.0,quinta,18.0,noite,ES,VITORIA,True,262.0,BR-262,0.3,-20.3219121,-40.3538621,Pista esburacada,Tombamento,Com Vítimas Feridas,Plena Noite,Crescente,Céu Claro,Dupla,Reta;Ponte,Sim,0.0,0.0,2.0,2.0,0.0,0.0,1.0,2.0,SPRF-ES,DEL01-ES,UOP01-DEL01-ES,0,moderado
2025-07-11,06:50,2025-07-11 06:50:00,2025.0,7.0,sexta,6.0,manha,ES,CARIACICA,True,101.0,BR-101,290.1,-20.2908053,-40.3917302,Acostamento em desnível,Colisão lateral mesmo sentido,Com Vítimas Feridas,Pleno dia,Decrescente,Nublado,Dupla,Curva,Não,0.0,1.0,0.0,1.0,1.0,0.0,2.0,2.0,SPRF-ES,DEL01-ES,UOP01-DEL01-ES,1,grave
2025-07-11,12:00,2025-07-11 12:00:00,2025.0,7.0,sexta,12.0,tarde,ES,SERRA,True,101.0,BR-101,269.5,-20.22174203,-40.27035266,Acessar a via sem observar a presença dos outros veículos,Atropelamento de Pedestre,Com Vítimas Feridas,Pleno dia,Crescente,Garoa/Chuvisco,Dupla,Interseção de Vias,Sim,0.0,0.0,1.0,1.0,1.0,0.0,2.0,2.0,SPRF-ES,DEL02-ES,UOP01-DEL02-ES,0,moderado