data,hora,data_hora,ano,mes,dia_semana,hora_dia,periodo_dia,uf,municipio,regiao_grande_vitoria,rodovia,rodovia_label,km,latitude,longitude,causa,tipo_acidente,classificacao,fase_dia,sentido_via,condicao_metereologica,tipo_pista,tracado_via,uso_solo,mortos,feridos_graves,feridos_leves,feridos,ilesos,ignorados,veiculos,pessoas,regional,delegacia,uop,risco_alto,nivel_risco
2025-08-31,21:00,2025-08-31 21:00:00,2025.0,8.0,domingo,21.0,noite,ES,CARIACICA,True,101.0,BR-101,295.1,-20.33411089,-40.40103078,Condutor deixou de manter distância do veículo da frente,Colisão lateral mesmo sentido,Com Vítimas Feridas,Plena Noite,Crescente,Chuva,Múltipla,Reta,Sim,0.0,0.0,1.0,1.0,0.0,1.0,2.0,2.0,SPRF-ES,DEL01-ES,UOP01-DEL01-ES,0,moderado
2025-09-01,00:20,2025-09-01 00:20:00,2025.0,9.0,segunda,0.0,madrugada,ES,FUNDAO,True,101.0,BR-101,232.3,-19.95504667,-40.408055,Acumulo de água sobre o pavimento,Capotamento,Com Vítimas Feridas,Plena Noite,Crescente,Chuva,Simples,Reta,Não,0.0,1.0,1.0,2.0,0.0,0.0,1.0,2.0,SPRF-ES,DEL02-ES,UOP01-DEL02-ES,1,grave
2025-09-02,06:45,2025-09-02 06:45:00,2025.0,9.0,terca,6.0,manha,ES,CARIACICA,True,101.0,BR-101,282.3,-20.22867736,-40.3660655,Chuva,Tombamento,Com Vítimas Feridas,Pleno dia,Crescente,Chuva,Múltipla,Retorno Regulamentado,Não,0.0,0.0,1.0,1.0,0.0,0.0,1.0,1.0,SPRF-ES,DEL01-ES,UOP01-DEL01-ES,0,moderado
2025-09-02,11:05,2025-09-02 11:05:00,2025.0,9.0,terca,11.0,manha,ES,VIANA,True,101.0,BR-101,298.3,-20.35540428,-40.41762471,Reação tardia ou ineficiente do condutor,Tombamento,Com Vítimas Feridas,Pleno dia,Crescente,Chuva,Múltipla,Reta,Sim,0.0,1.0,0.0,1.0,0.0,0.0,1.0,1.0,SPRF-ES,DEL01-ES,UOP01-DEL01-ES,1,grave
2025-08-10,23:30,2025-08-10 23:30:00,2025.0,8.0,domingo,23.0,noite,ES,SERRA,True,101.0,BR-101,10.8,-20.14954166,-40.345588,Transitar na contramão,Colisão frontal,Com Vítimas Fatais,Plena Noite,Crescente,Nublado,Dupla,Reta;Ponte,Não,1.0,0.0,1.0,1.0,1.0,0.0,2.0,3.0,SPRF-ES,DEL02-ES,UOP01-DEL02-ES,1,fatal
2025-09-03,18:45,2025-09-03 18:45:00,2025.0,9.0,quarta,18.0,noite,ES,SERRA,True,101.0,BR-101,269.5,-20.22213167,-40.27024833,Reação tardia ou ineficiente do condutor,Colisão traseira,Com Vítimas Feridas,Pleno dia,Crescente,Nublado,Múltipla,Reta,Sim,0.0,1.0,1.0,2.0,2.0,0.0,3.0,4.0,SPRF-ES,DEL02-ES,UOP01-DEL02-ES,1,grave
2025-09-03,20:40,2025-09-03 20:40:00,2025.0,9.0,quarta,20.0,noite,ES,CARIACICA,True,101.0,BR-101,292.0,-20.30689907,-40.39478586,Acessar a via sem observar a presença dos outros veículos,Colisão transversal,Com Vítimas Feridas,Plena Noite,Crescente,Garoa/Chuvisco,Dupla,Reta;Interseção de Vias,Sim,0.0,0.0,1.0,1.0,1.0,0.0,2.0,2.0,SPRF-ES,DEL01-ES,UOP01-DEL01-ES,0,moderado
2025-09-03,21:45,2025-09-03 21:45:00,2025.0,9.0,quarta,21.0,noite,ES,SERRA,True,101.0,BR-101,262.5,-20.16429,-40.2741,Manobra de mudança de faixa,Tombamento,Com Vítimas Feridas,Plena Noite,Crescente,Garoa/Chuvisco,Dupla,Reta;Declive,Não,0.0,0.0,1.0,1.0,1.0,0.0,2.0,2.0,SPRF-ES,DEL02-ES,UOP01-DEL02-ES,0,moderado
2025-09-04,07:15,2025-09-04 07:15:00,2025.0,9.0,quinta,7.0,manha,ES,CARIACICA,True,101.0,BR-101,291.0,-20.297934,-40.394587,Reação tardia ou ineficiente do condutor,Tombamento,Com Vítimas Feridas,Pleno dia,Decrescente,Céu Claro,Dupla,Reta,Sim,0.0,0.0,1.0,1.0,0.0,0.0,1.0,1.0,SPRF-ES,DEL01-ES,UOP01-DEL01-ES,0,moderado
2025-09-04,07:30,2025-09-04 07:30:00,2025.0,9.0,quinta,7.0,manha,ES,CARIACICA,True,101.0,BR-101,291.2,-20.3039005,-40.39587021,Ausência de reação do condutor,Saída de leito carroçável,Com Vítimas Feridas,Pleno dia,Crescente,Nublado,Dupla,Reta,Não,0.0,0.0,2.0,2.0,0.0,0.0,1.0,2.0,SPRF-ES,DEL01-ES,UOP01-DEL01-ES,0,moderado
2025-09-04,15:00,2025-09-04 15:00:00,2025.0,9.0,quinta,15.0,tarde,ES,SERRA,True,101.0,BR-101,263.0,-20.1695432,-40.27002007,Acessar a via sem observar a presença dos outros veículos,Colisão traseira,Com Vítimas Feridas,Pleno dia,Decrescente,Nublado,Dupla,Declive;Reta,Sim,0.0,0.0,2.0,2.0,0.0,0.0,2.0,2.0,SPRF-ES,DEL02-ES,UOP01-DEL02-ES,0,moderado
2025-09-04,18:44,2025-09-04 18:44:00,2025.0,9.0,quinta,18.0,noite,ES,CARIACICA,True,262.0,BR-262,0.9,-20.32638444,-40.35470366,Manobra de mudança de faixa,Colisão lateral mesmo sentido,Com Vítimas Feridas,Plena Noite,Crescente,Nublado,Dupla,Ponte,Sim,0.0,0.0,1.0,1.0,1.0,0.0,2.0,2.0,SPRF-ES,DEL01-ES,UOP01-DEL01-ES,0,moderado
2025-09-05,08:00,2025-09-05 08:00:00,2025.0,9.0,sexta,8.0,manha,ES,CARIACICA,True,101.0,BR-101,297.5,-20.34786385,-40.41160202,Trafegar com motocicleta (ou similar) entre as faixas,Colisão traseira,Com Vítimas Feridas,Pleno dia,Crescente,Céu Claro,Dupla,Reta,Sim,0.0,1.0,0.0,1.0,1.0,0.0,2.0,2.0,SPRF-ES,DEL01-ES,UOP01-DEL01-ES,1,grave
2025-09-05,15:10,2025-09-05 15:10:00,2025.0,9.0,sexta,15.0,tarde,ES,SERRA,True,101.0,BR-101,257.0,-20.12369122,-40.30423274,Acessar a via sem observar a presença dos outros veículos,Colisão frontal,Com Vítimas Feridas,Pleno dia,Decrescente,Céu Claro,Dupla,Interseção de Vias,Sim,0.0,0.0,1.0,1.0,1.0,0.0,2.0,2.0,SPRF-ES,DEL02-ES,UOP01-DEL02-ES,0,moderado
2025-09-05,17:45,2025-09-05 17:45:00,2025.0,9.0,sexta,17.0,tarde,ES,CARIACICA,True,101.0,BR-101,297.2,-20.347605,-40.411545,Trafegar com motocicleta (ou similar) entre as faixas,Colisão traseira,Com Vítimas Feridas,Anoitecer,Crescente,Céu Claro,Dupla,Reta,Sim,0.0,0.0,1.0,1.0,1.0,0.0,2.0,2.0,SPRF-ES,DEL01-ES,UOP01-DEL01-ES,0,moderado
2025-09-06,08:00,2025-09-06 08:00:00,2025.0,9.0,sabado,8.0,manha,ES,CARIACICA,True,101.0,BR-101,288.8,-20.2800659,-40.3924427,Condutor deixou de manter distância do veículo da frente,Colisão traseira,Com Vítimas Feridas,Pleno dia,Decrescente,Céu Claro,Múltipla,Interseção de Vias,Sim,0.0,0.0,1.0,1.0,1.0,0.0,2.0,2.0,SPRF-ES,DEL01-ES,UOP01-DEL01-ES,0,moderado
2025-09-06,13:10,2025-09-06 13:10:00,2025.0,9.0,sabado,13.0,tarde,ES,GUARAPARI,True,101.0,BR-101,331.0,-20.6013553,-40.5042874,Avarias e/ou desgaste excessivo no pneu,Tombamento,Com Vítimas Feridas,Pleno dia,Decrescente,Céu Claro,Dupla,Curva,Não,0.0,1.0,1.0,2.0,0.0,0.0,1.0,2.0,SPRF-ES,DEL03-ES,UOP01-DEL03-ES,1,grave
2025-09-07,10:20,2025-09-07 10:20:00,2025.0,9.0,domingo,10.0,manha,ES,SERRA,True,101.0,BR-101,241.9,-20.03295,-40.39673,Demais falhas na via,Colisão com objeto,Com Vítimas Feridas,Pleno dia,Crescente,Céu Claro,Múltipla,Reta,Não,0.0,0.0,1.0,1.0,0.0,0.0,1.0,1.0,SPRF-ES,DEL02-ES,UOP01-DEL02-ES,0,moderado
2025-09-08,16:57,2025-09-08 16:57:00,2025.0,9.0,segunda,16.0,tarde,ES,CARIACICA,True,101.0,BR-101,286.0,-20.265964,-40.385661,Acessar a via sem observar a presença dos outros veículos,Colisão lateral mesmo sentido,Com Vítimas Feridas,Plena Noite,Crescente,Céu Claro,Dupla,Reta,Não,0.0,0.0,1.0,1.0,1.0,0.0,2.0,2.0,SPRF-ES,DEL01-ES,UOP01-DEL01-ES,0,moderado
2025-09-08,17:14,2025-09-08 17:14:00,2025.0,9.0,segunda,17.0,tarde,ES,SERRA,True,101.0,BR-101,276.4,-20.209032,-40.315957,Acessar a via sem observar a presença dos outros veículos,Colisão transversal,Com Vítimas Feridas,Anoitecer,Crescente,Nublado,Dupla,Retorno Regulamentado;Reta,Não,0.0,1.0,0.0,1.0,1.0,0.0,2.0,2.0,SPRF-ES,DEL02-ES,UOP01-DEL02-ES,1,grave
2025-09-09,16:30,2025-09-09 16:30:00,2025.0,9.0,terca,16.0,tarde,ES,VIANA,True,101.0,BR-101,297.6,-20.35077321,-40.41291833,Condutor deixou de manter distância do veículo da frente,Colisão traseira,Com Vítimas Feridas,Pleno dia,Decrescente,Céu Claro,Dupla,Curva,Sim,0.0,1.0,0.0,1.0,1.0,0.0,2.0,2.0,SPRF-ES,DEL01-ES,UOP01-DEL01-ES,1,grave
2025-09-09,18:20,2025-09-09 18:20:00,2025.0,9.0,terca,18.0,noite,ES,VIANA,True,101.0,BR-101,299.0,-20.357599,-40.427582,Entrada inopinada do pedestre,Atropelamento de Pedestre,Com Vítimas Feridas,Plena Noite,Decrescente,Céu Claro,Múltipla,Reta,Sim,0.0,0.0,3.0,3.0,0.0,0.0,2.0,3.0,SPRF-ES,DEL01-ES,UOP01-DEL01-ES,0,moderado
2025-09-10,13:10,2025-09-10 13:10:00,2025.0,9.0,quarta,13.0,tarde,ES,VIANA,True,262.0,BR-262,17.0,-20.386885,-40.473821,Condutor deixou de manter distância do veículo da frente,Colisão traseira,Com Vítimas Feridas,Pleno dia,Decrescente,Céu Claro,Simples,Reta,Sim,0.0,0.0,1.0,1.0,1.0,0.0,2.0,2.0,SPRF-ES,DEL01-ES,UOP01-DEL01-ES,0,moderado
2025-09-10,14:40,2025-09-10 14:40:00,2025.0,9.0,quarta,14.0,tarde,ES,SERRA,True,101.0,BR-101,267.0,-20.1992787,-40.26899099,Avarias e/ou desgaste excessivo no pneu,Tombamento,Com Vítimas Feridas,Pleno dia,Crescente,Sol,Múltipla,Reta,Sim,0.0,0.0,1.0,1.0,0.0,1.0,1.0,2.0,SPRF-ES,DEL02-ES,UOP01-DEL02-ES,0,moderado
2025-09-11,09:15,2025-09-11 09:15:00,2025.0,9.0,quinta,9.0,manha,ES,GUARAPARI,True,101.0,BR-101,340.7,-20.6507953,-40.569761,Reação tardia ou ineficiente do condutor,Saída de leito carroçável,Com Vítimas Feridas,Pleno dia,Decrescente,Céu Claro,Dupla,Reta,Não,0.0,1.0,1.0,2.0,0.0,0.0,1.0,2.0,SPRF-ES,DEL03-ES,UOP01-DEL03-ES,1,grave
2025-09-11,18:30,2025-09-11 18:30:00,2025.0,9.0,quinta,18.0,noite,ES,SERRA,True,101.0,BR-101,279.0,-20.21856,-40.34559,Acessar a via sem observar a presença dos outros veículos,Colisão transversal,Com Vítimas Feridas,Plena Noite,Decrescente,Céu Claro,Dupla,Retorno Regulamentado;Reta,Não,0.0,0.0,2.0,2.0,2.0,0.0,2.0,4.0,SPRF-ES,DEL02-ES,UOP01-DEL02-ES,0,moderado
2025-09-12,08:20,2025-09-12 08:20:00,2025.0,9.0,sexta,8.0,manha,ES,SERRA,True,101.0,BR-101,270.1,-20.2276829,-40.2713021,Condutor deixou de manter distância do veículo da frente,Colisão traseira,Com Vítimas Feridas,Pleno dia,Decrescente,Nublado,Múltipla,Reta,Sim,0.0,0.0,1.0,1.0,1.0,0.0,2.0,2.0,SPRF-ES,DEL02-ES,UOP01-DEL02-ES,0,moderado
2025-09-12,10:55,2025-09-12 10:55:00,2025.0,9.0,sexta,10.0,manha,ES,SERRA,True,101.0,BR-101,273.3,-20.125707,-40.34259922,Reação tardia ou ineficiente do condutor,Tombamento,Com Vítimas Feridas,Pleno dia,Crescente,Céu Claro,Dupla,Reta,Não,0.0,1.0,0.0,1.0,0.0,0.0,1.0,1.0,SPRF-ES,DEL02-ES,UOP01-DEL02-ES,1,grave
2025-09-12,20:30,2025-09-12 20:30:00,2025.0,9.0,sexta,20.0,noite,ES,VIANA,True,262.0,BR-262,17.2,-20.3879314,-40.476268,Ausência de reação do condutor,Colisão transversal,Com Vítimas Feridas,Plena Noite,Decrescente,Céu Claro,Simples,Reta,Sim,0.0,1.0,0.0,1.0,2.0,0.0,3.0,3.0,SPRF-ES,DEL01-ES,UOP01-DEL01-ES,1,grave
2025-09-12,22:20,2025-09-12 22:20:00,2025.0,9.0,sexta,22.0,noite,ES,CARIACICA,True,101.0,BR-101,289.0,-20.2800176,-40.39296269,Velocidade Incompatível,Colisão com objeto,Sem Vítimas,Plena Noite,Crescente,Chuva,Dupla,Reta,Sim,0.0,0.0,0.0,0.0,0.0,1.0,1.0,1.0,SPRF-ES,DEL01-ES,UOP01-DEL01-ES,0,baixo
2025-09-13,03:05,2025-09-13 03:05:00,2025.0,9.0,sabado,3.0,madrugada,ES,SERRA,True,101.0,BR-101,4.3,-20.0987588,-40.3533874,Ausência de reação do condutor,Saída de leito carroçável,Sem Vítimas,Plena Noite,Decrescente,Nublado,Dupla,Curva,Não,0.0,0.0,0.0,0.0,2.0,1.0,1.0,3.0,SPRF-ES,DEL04-ES,UOP02-DEL04-ES,0,baixo
2025-09-13,13:50,2025-09-13 13:50:00,2025.0,9.0,sabado,13.0,tarde,ES,GUARAPARI,True,101.0,BR-101,331.8,-20.60633483,-40.50646305,Acumulo de água sobre o pavimento,Saída de leito carroçável,Com Vítimas Feridas,Pleno dia,Crescente,Chuva,Dupla,Reta,Não,0.0,0.0,1.0,1.0,0.0,0.0,1.0,1.0,SPRF-ES,DEL03-ES,UOP01-DEL03-ES,0,moderado
2025-09-13,14:50,2025-09-13 14:50:00,2025.0,9.0,sabado,14.0,tarde,ES,CARIACICA,True,101.0,BR-101,284.0,-20.246943,-40.369971,Reação tardia ou ineficiente do condutor,Colisão traseira,Com Vítimas Feridas,Pleno dia,Crescente,Chuva,Dupla,Reta;Declive,Não,0.0,0.0,1.0,1.0,1.0,0.0,2.0,2.0,SPRF-ES,DEL01-ES,UOP01-DEL01-ES,0,moderado
2025-09-14,04:50,2025-09-14 04:50:00,2025.0,9.0,domingo,4.0,madrugada,ES,CARIACICA,True,101.0,BR-101,293.2,-20.3186199,-40.3969695,Velocidade Incompatível,Saída de leito carroçável,Com Vítimas Feridas,Plena Noite,Decrescente,Céu Claro,Múltipla,Reta,Não,0.0,1.0,0.0,1.0,0.0,0.0,1.0,1.0,SPRF-ES,DEL01-ES,UOP01-DEL01-ES,1,grave
2025-09-14,19:10,2025-09-14 19:10:00,2025.0,9.0,domingo,19.0,noite,ES,SERRA,True,101.0,BR-101,266.4,-20.19440188,-40.26848317,Pedestre cruzava a pista fora da faixa,Atropelamento de Pedestre,Com Vítimas Feridas,Plena Noite,Crescente,Céu Claro,Dupla,Reta,Sim,0.0,0.0,1.0,1.0,0.0,0.0,1.0,1.0,SPRF-ES,DEL02-ES,UOP01-DEL02-ES,0,moderado
2025-09-14,19:00,2025-09-14 19:00:00,2025.0,9.0,domingo,19.0,noite,ES,CARIACICA,True,101.0,BR-101,287.5,-20.27904545,-40.39281964,Reação tardia ou ineficiente do condutor,Colisão com objeto,Sem Vítimas,Plena Noite,Crescente,Nublado,Dupla,Reta,Sim,0.0,0.0,0.0,0.0,1.0,0.0,1.0,1.0,SPRF-ES,DEL01-ES,UOP01-DEL01-ES,0,baixo
2025-09-16,10:10,2025-09-16 10:10:00,2025.0,9.0,terca,10.0,manha,ES,SERRA,True,101.0,BR-101,264.5,-20.17825181,-40.26548018,Acesso irregular,Colisão transversal,Com Vítimas Feridas,Pleno dia,Crescente,Garoa/Chuvisco,Dupla,Reta,Não,0.0,0.0,1.0,1.0,0.0,1.0,2.0,2.0,SPRF-ES,DEL02-ES,UOP01-DEL02-ES,0,moderado
2025-09-16,12:15,2025-09-16 12:15:00,2025.0,9.0,terca,12.0,tarde,ES,VILA VELHA,True,447.0,BR-447,13.9,-20.35011936,-40.33327818,Condutor deixou de manter distância do veículo da frente,Colisão traseira,Com Vítimas Feridas,Pleno dia,Crescente,Céu Claro,Dupla,Reta,Sim,0.0,0.0,1.0,1.0,1.0,0.0,2.0,2.0,SPRF-ES,DEL01-ES,UOP01-DEL01-ES,0,moderado
2025-09-16,13:00,2025-09-16 13:00:00,2025.0,9.0,terca,13.0,tarde,ES,VIANA,True,262.0,BR-262,17.0,-20.38662993,-40.47324657,Acessar a via sem observar a presença dos outros veículos,Colisão transversal,Com Vítimas Feridas,Pleno dia,Decrescente,Sol,Simples,Reta,Sim,0.0,0.0,1.0,1.0,1.0,0.0,2.0,2.0,SPRF-ES,DEL01-ES,UOP01-DEL01-ES,0,moderado
2025-09-18,07:00,2025-09-18 07:00:00,2025.0,9.0,quinta,7.0,manha,ES,VIANA,True,262.0,BR-262,16.0,-20.38418159,-40.46709438,Acessar a via sem observar a presença dos outros veículos,Colisão transversal,Com Vítimas Feridas,Pleno dia,Crescente,Nublado,Simples,Curva,Não,0.0,0.0,1.0,1.0,1.0,0.0,2.0,2.0,SPRF-ES,DEL01-ES,UOP01-DEL01-ES,0,moderado
2025-09-18,07:40,2025-09-18 07:40:00,2025.0,9.0,quinta,7.0,manha,ES,FUNDAO,True,101.0,BR-101,236.5,-19.991428,-40.414103,Ausência de reação do condutor,Colisão lateral sentido oposto,Com Vítimas Feridas,Pleno dia,Crescente,Chuva,Simples,Curva,Não,0.0,1.0,0.0,1.0,1.0,0.0,2.0,2.0,SPRF-ES,DEL02-ES,UOP01-DEL02-ES,1,grave
2025-09-18,19:10,2025-09-18 19:10:00,2025.0,9.0,quinta,19.0,noite,ES,SERRA,True,101.0,BR-101,268.9,-20.216857,-40.270283,Acessar a via sem observar a presença dos outros veículos,Colisão traseira,Com Vítimas Feridas,Plena Noite,Crescente,Céu Claro,Dupla,Reta,Sim,0.0,0.0,2.0,2.0,2.0,0.0,3.0,4.0,SPRF-ES,DEL02-ES,UOP01-DEL02-ES,0,moderado
2025-09-19,06:40,2025-09-19 06:40:00,2025.0,9.0,sexta,6.0,manha,ES,SERRA,True,101.0,BR-101,268.5,-20.21246,-40.26983,Trafegar com motocicleta (ou similar) entre as faixas,Colisão lateral mesmo sentido,Com Vítimas Feridas,Pleno dia,Crescente,Nublado,Múltipla,Reta,Não,0.0,0.0,3.0,3.0,1.0,0.0,4.0,4.0,SPRF-ES,DEL02-ES,UOP01-DEL02-ES,0,moderado
2025-09-19,08:41,2025-09-19 08:41:00,2025.0,9.0,sexta,8.0,manha,ES,CARIACICA,True,101.0,BR-101,291.8,-20.30533515,-40.3951149,Manobra de mudança de faixa,Colisão lateral mesmo sentido,Com Vítimas Feridas,Pleno dia,Decrescente,Céu Claro,Dupla,Reta,Sim,0.0,0.0,1.0,1.0,1.0,0.0,2.0,2.0,SPRF-ES,DEL01-ES,UOP01-DEL01-ES,0,moderado
2025-09-19,11:40,2025-09-19 11:40:00,2025.0,9.0,sexta,11.0,manha,ES,SERRA,True,101.0,BR-101,259.2,-20.1434,-40.2921,Reação tardia ou ineficiente do condutor,Tombamento,Com Vítimas Feridas,Pleno dia,Decrescente,Chuva,Simples,Curva;Declive,Sim,0.0,0.0,1.0,1.0,0.0,0.0,1.0,1.0,SPRF-ES,DEL02-ES,UOP01-DEL02-ES,0,moderado
2025-08-30,11:10,2025-08-30 11:10:00,2025.0,8.0,sabado,11.0,manha,ES,CARIACICA,True,101.0,BR-101,295.6,-20.33713308,-40.40256354,Objeto estático sobre o leito carroçável,Tombamento,Com Vítimas Feridas,Pleno dia,Decrescente,Nublado,Dupla,Reta,Sim,0.0,0.0,1.0,1.0,0.0,0.0,1.0,1.0,SPRF-ES,DEL01-ES,UOP01-DEL01-ES,0,moderado
2025-09-20,11:48,2025-09-20 11:48:00,2025.0,9.0,sabado,11.0,manha,ES,CARIACICA,True,101.0,BR-101,285.7,-20.25761892,-40.37724458,Velocidade Incompatível,Colisão com objeto,Com Vítimas Feridas,Pleno dia,Crescente,Nublado,Dupla,Curva,Sim,0.0,0.0,2.0,2.0,2.0,0.0,1.0,4.0,SPRF-ES,DEL01-ES,UOP01-DEL01-ES,0,moderado
2025-09-20,21:50,2025-09-20 21:50:00,2025.0,9.0,sabado,21.0,noite,ES,SERRA,True,101.0,BR-101,263.0,-20.0538237,-40.3802811,Manobra de mudança de faixa,Colisão lateral mesmo sentido,Com Vítimas Feridas,Plena Noite,Crescente,Garoa/Chuvisco,Dupla,Reta,Não,0.0,1.0,0.0,1.0,0.0,1.0,2.0,2.0,SPRF-ES,DEL02-ES,UOP01-DEL02-ES,1,grave
2025-09-21,01:15,2025-09-21 01:15:00,2025.0,9.0,domingo,1.0,madrugada,ES,GUARAPARI,True,101.0,BR-101,337.4,-20.63816595,-40.54384232,Animais na Pista,Atropelamento de Animal,Com Vítimas Feridas,Plena Noite,Crescente,Céu Claro,Dupla,Reta,Não,0.0,1.0,0.0,1.0,0.0,0.0,1.0,1.0,SPRF-ES,DEL03-ES,UOP01-DEL03-ES,1,grave
2025-09-21,01:45,2025-09-21 01:45:00,2025.0,9.0,domingo,1.0,madrugada,ES,SERRA,True,101.0,BR-101,10.0,-20.14201594,-40.34145355,Sinalização mal posicionada,Tombamento,Com Vítimas Feridas,Plena Noite,Crescente,Céu Claro,Dupla,Em Obras;Reta,Não,0.0,0.0,1.0,1.0,1.0,0.0,1.0,2.0,SPRF-ES,DEL02-ES,UOP01-DEL02-ES,0,moderado
2025-09-21,04:45,2025-09-21 04:45:00,2025.0,9.0,domingo,4.0,madrugada,ES,VIANA,True,101.0,BR-101,297.5,-20.349968,-40.412722,Reação tardia ou ineficiente do condutor,Saída de leito carroçável,Com Vítimas Feridas,Amanhecer,Crescente,Céu Claro,Dupla,Reta,Sim,0.0,1.0,0.0,1.0,1.0,0.0,1.0,2.0,SPRF-ES,DEL01-ES,UOP01-DEL01-ES,1,grave
2025-09-21,03:45,2025-09-21 03:45:00,2025.0,9.0,domingo,3.0,madrugada,ES,FUNDAO,True,101.0,BR-101,239.0,-20.01000923,-40.4068771,Velocidade Incompatível,Capotamento,Sem Vítimas,Plena Noite,Crescente,Nublado,Simples,Curva,Não,0.0,0.0,0.0,0.0,0.0,1.0,1.0,1.0,SPRF-ES,DEL02-ES,UOP01-DEL02-ES,0,baixo
2025-09-21,10:20,2025-09-21 10:20:00,2025.0,9.0,domingo,10.0,manha,ES,SERRA,True,101.0,BR-101,263.0,-20.169558,-40.269888,Avarias e/ou desgaste excessivo no pneu,Queda de ocupante de veículo,Com Vítimas Feridas,Pleno dia,Decrescente,Céu Claro,Dupla,Reta,Sim,0.0,0.0,1.0,1.0,1.0,0.0,1.0,2.0,SPRF-ES,DEL02-ES,UOP01-DEL02-ES,0,moderado
2025-09-21,10:45,2025-09-21 10:45:00,2025.0,9.0,domingo,10.0,manha,ES,VIANA,True,262.0,BR-262,19.0,-20.392183,-40.489528,Desrespeitar a preferência no cruzamento,Colisão transversal,Com Vítimas Feridas,Pleno dia,Crescente,Céu Claro,Simples,Reta,Sim,0.0,2.0,0.0,2.0,1.0,0.0,2.0,3.0,SPRF-ES,DEL01-ES,UOP01-DEL01-ES,1,grave
2025-09-21,20:00,2025-09-21 20:00:00,2025.0,9.0,domingo,20.0,noite,ES,VIANA,True,262.0,BR-262,26.0,-20.38249,-40.55027,Velocidade Incompatível,Colisão lateral sentido oposto,Com Vítimas Feridas,Plena Noite,Crescente,Céu Claro,Simples,Curva;Declive,Não,0.0,0.0,2.0,2.0,2.0,0.0,2.0,4.0,SPRF-ES,DEL01-ES,UOP01-DEL01-ES,0,moderado
2025-09-21,22:10,2025-09-21 22:10:00,2025.0,9.0,domingo,22.0,noite,ES,SERRA,True,101.0,BR-101,266.0,-20.195246,-40.26891,Acessar a via sem observar a presença dos outros veículos,Colisão transversal,Com Vítimas Feridas,Plena Noite,Crescente,Nublado,Dupla,Reta,Sim,0.0,0.0,3.0,3.0,1.0,0.0,2.0,4.0,SPRF-ES,DEL02-ES,UOP01-DEL02-ES,0,moderado
2025-09-22,06:50,2025-09-22 06:50:00,2025.0,9.0,segunda,6.0,manha,ES,VIANA,True,101.0,BR-101,298.0,-20.3530172,-40.417406,Demais falhas mecânicas ou elétricas,Queda de ocupante de veículo,Com Vítimas Feridas,Pleno dia,Decrescente,Céu Claro,Dupla,Reta,Sim,0.0,0.0,2.0,2.0,0.0,0.0,1.0,2.0,SPRF-ES,DEL01-ES,UOP01-DEL01-ES,0,moderado
2025-09-22,13:40,2025-09-22 13:40:00,2025.0,9.0,segunda,13.0,tarde,ES,SERRA,True,101.0,BR-101,270.0,-20.22996,-40.273005,Condutor deixou de manter distância do veículo da frente,Colisão traseira,Com Vítimas Feridas,Pleno dia,Crescente,Céu Claro,Múltipla,Reta,Sim,0.0,0.0,1.0,1.0,3.0,0.0,2.0,4.0,SPRF-ES,DEL02-ES,UOP01-DEL02-ES,0,moderado
2025-09-23,01:10,2025-09-23 01:10:00,2025.0,9.0,terca,1.0,madrugada,ES,GUARAPARI,True,101.0,BR-101,335.0,-20.6270669,-40.5281334,Acumulo de água sobre o pavimento,Saída de leito carroçável,Com Vítimas Feridas,Plena Noite,Decrescente,Chuva,Dupla,Reta,Não,0.0,1.0,0.0,1.0,0.0,0.0,1.0,1.0,SPRF-ES,DEL03-ES,UOP01-DEL03-ES,1,grave
2025-09-23,11:40,2025-09-23 11:40:00,2025.0,9.0,terca,11.0,manha,ES,SERRA,True,101.0,BR-101,266.5,-20.19568333,-40.268765,Condutor desrespeitou a iluminação vermelha do semáforo,Colisão transversal,Com Vítimas Feridas,Pleno dia,Decrescente,Nublado,Múltipla,Reta,Sim,0.0,0.0,1.0,1.0,1.0,0.0,2.0,2.0,SPRF-ES,DEL02-ES,UOP01-DEL02-ES,0,moderado