data,hora,data_hora,ano,mes,dia_semana,hora_dia,periodo_dia,uf,municipio,regiao_grande_vitoria,rodovia,rodovia_label,km,latitude,longitude,causa,tipo_acidente,classificacao,fase_dia,sentido_via,condicao_metereologica,tipo_pista,tracado_via,uso_solo,mortos,feridos_graves,feridos_leves,feridos,ilesos,ignorados,veiculos,pessoas,regional,delegacia,uop,risco_alto,nivel_risco
2025-08-18,20:35,2025-08-18 20:35:00,2025.0,8.0,segunda,20.0,noite,ES,CARIACICA,True,101.0,BR-101,292.0,-20.30832089,-40.39475441,Reação tardia ou ineficiente do condutor,Tombamento,Com Vítimas Feridas,Plena Noite,Decrescente,Céu Claro,Dupla,Reta,Não,0.0,0.0,2.0,2.0,0.0,0.0,1.0,2.0,SPRF-ES,DEL01-ES,UOP01-DEL01-ES,0,moderado
2025-09-24,08:30,2025-09-24 08:30:00,2025.0,9.0,quarta,8.0,manha,ES,VIANA,True,101.0,BR-101,298.0,-20.34983965,-40.41262719,Demais falhas mecânicas ou elétricas,Incêndio,Sem Vítimas,Pleno dia,Crescente,Céu Claro,Dupla,Reta,Sim,0.0,0.0,0.0,0.0,1.0,0.0,1.0,1.0,SPRF-ES,DEL01-ES,UOP01-DEL01-ES,0,baixo
2025-09-27,05:50,2025-09-27 05:50:00,2025.0,9.0,sabado,5.0,madrugada,ES,SERRA,True,101.0,BR-101,264.0,-20.17831568,-40.26548052,Ausência de reação do condutor,Colisão traseira,Sem Vítimas,Pleno dia,Decrescente,Céu Claro,Múltipla,Reta,Sim,0.0,0.0,0.0,0.0,0.0,1.0,1.0,1.0,SPRF-ES,DEL02-ES,UOP01-DEL02-ES,0,baixo
2025-09-27,06:50,2025-09-27 06:50:00,2025.0,9.0,sabado,6.0,manha,ES,CARIACICA,True,101.0,BR-101,293.8,-20.321424,-40.395868,Reação tardia ou ineficiente do condutor,Capotamento,Sem Vítimas,Amanhecer,Crescente,Céu Claro,Múltipla,Curva,Não,0.0,0.0,0.0,0.0,0.0,1.0,1.0,1.0,SPRF-ES,DEL01-ES,UOP01-DEL01-ES,0,baixo
2025-09-27,17:45,2025-09-27 17:45:00,2025.0,9.0,sabado,17.0,tarde,ES,SERRA,True,101.0,BR-101,265.0,-20.18478,-40.26714,Reação tardia ou ineficiente do condutor,Colisão com objeto,Com Vítimas Feridas,Anoitecer,Decrescente,Nublado,Dupla,Reta,Sim,0.0,1.0,0.0,1.0,0.0,0.0,1.0,1.0,SPRF-ES,DEL02-ES,UOP01-DEL02-ES,1,grave
2025-09-28,07:30,2025-09-28 07:30:00,2025.0,9.0,domingo,7.0,manha,ES,CARIACICA,True,101.0,BR-101,294.0,-20.32386263,-40.39518356,Velocidade Incompatível,Colisão com objeto,Sem Vítimas,Pleno dia,Decrescente,Sol,Dupla,Curva,Sim,0.0,0.0,0.0,0.0,1.0,0.0,1.0,1.0,SPRF-ES,DEL01-ES,UOP01-DEL01-ES,0,baixo
2025-09-28,15:54,2025-09-28 15:54:00,2025.0,9.0,domingo,15.0,tarde,ES,CARIACICA,True,101.0,BR-101,276.0,-20.22936695,-40.36693812,Conversão proibida,Colisão transversal,Com Vítimas Feridas,Pleno dia,Crescente,Céu Claro,Dupla,Reta,Sim,0.0,1.0,0.0,1.0,1.0,0.0,2.0,2.0,SPRF-ES,DEL02-ES,UOP01-DEL02-ES,1,grave
2025-09-28,17:55,2025-09-28 17:55:00,2025.0,9.0,domingo,17.0,tarde,ES,SERRA,True,101.0,BR-101,247.0,-20.05661658,-40.38008809,Reação tardia ou ineficiente do condutor,Tombamento,Com Vítimas Feridas,Anoitecer,Crescente,Céu Claro,Dupla,Curva;Declive;Em Obras,Não,0.0,0.0,1.0,1.0,0.0,0.0,1.0,1.0,SPRF-ES,DEL02-ES,UOP01-DEL02-ES,0,moderado
2025-09-29,17:48,2025-09-29 17:48:00,2025.0,9.0,segunda,17.0,tarde,ES,SERRA,True,101.0,BR-101,255.0,-20.11771261,-40.3145078,Ausência de reação do condutor,Colisão frontal,Com Vítimas Feridas,Anoitecer,Crescente,Céu Claro,Simples,Retorno Regulamentado;Interseção de Vias,Sim,0.0,0.0,2.0,2.0,0.0,0.0,2.0,2.0,SPRF-ES,DEL02-ES,UOP01-DEL02-ES,0,moderado
2025-09-30,06:30,2025-09-30 06:30:00,2025.0,9.0,terca,6.0,manha,ES,SERRA,True,101.0,BR-101,276.0,-20.21362718,-40.32226682,Condutor deixou de manter distância do veículo da frente,Colisão traseira,Com Vítimas Feridas,Pleno dia,Crescente,Céu Claro,Dupla,Reta,Não,0.0,2.0,2.0,4.0,0.0,0.0,3.0,4.0,SPRF-ES,DEL02-ES,UOP01-DEL02-ES,1,grave
2025-09-30,18:15,2025-09-30 18:15:00,2025.0,9.0,terca,18.0,noite,ES,VIANA,True,101.0,BR-101,298.0,-20.353535,-40.415369,Reação tardia ou ineficiente do condutor,Colisão traseira,Com Vítimas Feridas,Plena Noite,Decrescente,Céu Claro,Simples,Aclive;Reta,Sim,0.0,0.0,1.0,1.0,2.0,0.0,2.0,3.0,SPRF-ES,DEL01-ES,UOP01-DEL01-ES,0,moderado
2025-10-01,18:40,2025-10-01 18:40:00,2025.0,10.0,quarta,18.0,noite,ES,CARIACICA,True,101.0,BR-101,285.1,-20.252243,-40.373105,Transitar na contramão,Atropelamento de Pedestre,Com Vítimas Feridas,Plena Noite,Decrescente,Nublado,Dupla,Reta;Interseção de Vias,Sim,0.0,1.0,0.0,1.0,0.0,1.0,2.0,2.0,SPRF-ES,DEL01-ES,UOP01-DEL01-ES,1,grave
2025-10-02,06:55,2025-10-02 06:55:00,2025.0,10.0,quinta,6.0,manha,ES,SERRA,True,101.0,BR-101,269.0,-20.21652,-40.27011,Condutor deixou de manter distância do veículo da frente,Colisão traseira,Com Vítimas Feridas,Pleno dia,Crescente,Céu Claro,Dupla,Reta,Sim,0.0,0.0,2.0,2.0,1.0,0.0,3.0,3.0,SPRF-ES,DEL02-ES,UOP01-DEL02-ES,0,moderado
2025-10-02,10:48,2025-10-02 10:48:00,2025.0,10.0,quinta,10.0,manha,ES,CARIACICA,True,101.0,BR-101,282.1,-20.2277112,-40.3653903,Ausência de reação do condutor,Colisão traseira,Com Vítimas Feridas,Pleno dia,Crescente,Sol,Dupla,Reta,Sim,0.0,1.0,0.0,1.0,1.0,0.0,2.0,2.0,SPRF-ES,DEL01-ES,UOP01-DEL01-ES,1,grave
2025-09-16,18:30,2025-09-16 18:30:00,2025.0,9.0,terca,18.0,noite,ES,VIANA,True,101.0,BR-101,301.0,-20.3632875,-40.4422094,Pedestre cruzava a pista fora da faixa,Atropelamento de Pedestre,Com Vítimas Fatais,Plena Noite,Decrescente,Céu Claro,Dupla,Curva,Sim,1.0,0.0,0.0,0.0,1.0,0.0,2.0,2.0,SPRF-ES,DEL01-ES,UOP01-DEL01-ES,1,fatal
2025-10-03,13:30,2025-10-03 13:30:00,2025.0,10.0,sexta,13.0,tarde,ES,SERRA,True,101.0,BR-101,266.0,-20.190199,-40.26828891,Manobra de mudança de faixa,Colisão lateral mesmo sentido,Com Vítimas Feridas,Pleno dia,Crescente,Sol,Dupla,Reta,Sim,0.0,0.0,1.0,1.0,1.0,0.0,2.0,2.0,SPRF-ES,DEL02-ES,UOP01-DEL02-ES,0,moderado
2025-10-03,19:45,2025-10-03 19:45:00,2025.0,10.0,sexta,19.0,noite,ES,SERRA,True,101.0,BR-101,262.0,-20.15858567,-40.27607113,Acessar a via sem observar a presença dos outros veículos,Colisão frontal,Com Vítimas Feridas,Plena Noite,Decrescente,Nublado,Múltipla,Interseção de Vias,Não,0.0,1.0,0.0,1.0,1.0,0.0,2.0,2.0,SPRF-ES,DEL02-ES,UOP01-DEL02-ES,1,grave
2025-10-03,22:10,2025-10-03 22:10:00,2025.0,10.0,sexta,22.0,noite,ES,SERRA,True,101.0,BR-101,260.0,-20.14650934,-40.28729349,Velocidade Incompatível,Colisão com objeto,Com Vítimas Feridas,Plena Noite,Decrescente,Chuva,Dupla,Curva;Declive,Sim,0.0,0.0,3.0,3.0,0.0,0.0,1.0,3.0,SPRF-ES,DEL02-ES,UOP01-DEL02-ES,0,moderado
2025-10-04,07:25,2025-10-04 07:25:00,2025.0,10.0,sabado,7.0,manha,ES,VIANA,True,262.0,BR-262,17.0,-20.392064,-40.482477,Ultrapassagem Indevida,Queda de ocupante de veículo,Com Vítimas Feridas,Pleno dia,Crescente,Garoa/Chuvisco,Simples,Reta;Rotatória,Não,0.0,0.0,1.0,1.0,1.0,0.0,2.0,2.0,SPRF-ES,DEL01-ES,UOP01-DEL01-ES,0,moderado
2025-10-04,20:00,2025-10-04 20:00:00,2025.0,10.0,sabado,20.0,noite,ES,SERRA,True,101.0,BR-101,257.0,-20.12292536,-40.30531168,Manobra de mudança de faixa,Colisão lateral mesmo sentido,Com Vítimas Feridas,Plena Noite,Crescente,Céu Claro,Simples,Reta,Não,0.0,0.0,1.0,1.0,0.0,1.0,2.0,2.0,SPRF-ES,DEL02-ES,UOP01-DEL02-ES,0,moderado
2025-10-04,20:30,2025-10-04 20:30:00,2025.0,10.0,sabado,20.0,noite,ES,SERRA,True,101.0,BR-101,237.0,-20.0441856,-40.3898368,Conversão proibida,Colisão frontal,Com Vítimas Feridas,Plena Noite,Crescente,Chuva,Dupla,Reta,Não,0.0,0.0,1.0,1.0,3.0,0.0,2.0,4.0,SPRF-ES,DEL02-ES,UOP01-DEL02-ES,0,moderado
2025-10-04,20:00,2025-10-04 20:00:00,2025.0,10.0,sabado,20.0,noite,ES,SERRA,True,101.0,BR-101,5.5,-20.18950877,-40.33862753,Chuva,Colisão lateral mesmo sentido,Sem Vítimas,Plena Noite,Crescente,Chuva,Dupla,Reta,Não,0.0,0.0,0.0,0.0,2.0,0.0,2.0,2.0,SPRF-ES,DEL02-ES,UOP01-DEL02-ES,0,baixo
2025-06-09,18:30,2025-06-09 18:30:00,2025.0,6.0,segunda,18.0,noite,ES,CARIACICA,True,101.0,BR-101,296.0,-20.34350734,-40.40700523,Acessar a via sem observar a presença dos outros veículos,Colisão lateral mesmo sentido,Com Vítimas Feridas,Plena Noite,Crescente,Chuva,Múltipla,Interseção de Vias;Declive;Viaduto,Sim,0.0,1.0,0.0,1.0,1.0,0.0,2.0,2.0,SPRF-ES,DEL01-ES,UOP01-DEL01-ES,1,grave
2025-10-04,20:30,2025-10-04 20:30:00,2025.0,10.0,sabado,20.0,noite,ES,CARIACICA,True,262.0,BR-262,1.0,-20.33093984,-40.35488455,Ingestão de álcool pelo condutor,Colisão com objeto,Sem Vítimas,Plena Noite,Crescente,Céu Claro,Dupla,Declive;Reta;Ponte,Sim,0.0,0.0,0.0,0.0,1.0,0.0,1.0,1.0,SPRF-ES,DEL01-ES,UOP01-DEL01-ES,0,baixo
2025-10-05,21:15,2025-10-05 21:15:00,2025.0,10.0,domingo,21.0,noite,ES,CARIACICA,True,101.0,BR-101,287.8,-20.25243581,-40.37305773,Ausência de reação do condutor,Colisão com objeto,Sem Vítimas,Plena Noite,Crescente,Nublado,Dupla,Reta;Declive,Não,0.0,0.0,0.0,0.0,1.0,0.0,1.0,1.0,SPRF-ES,DEL01-ES,UOP01-DEL01-ES,0,baixo
2025-09-07,09:00,2025-09-07 09:00:00,2025.0,9.0,domingo,9.0,manha,ES,FUNDAO,True,101.0,BR-101,239.8,-20.0154185,-40.4041978,Reação tardia ou ineficiente do condutor,Colisão traseira,Com Vítimas Feridas,Pleno dia,Crescente,Nublado,Simples,Reta,Não,0.0,1.0,0.0,1.0,1.0,0.0,2.0,2.0,SPRF-ES,DEL02-ES,UOP01-DEL02-ES,1,grave
2025-10-06,11:10,2025-10-06 11:10:00,2025.0,10.0,segunda,11.0,manha,ES,SERRA,True,101.0,BR-101,268.2,-20.212007,-40.269852,Ausência de reação do condutor,Queda de ocupante de veículo,Com Vítimas Feridas,Pleno dia,Crescente,Sol,Simples,Reta,Sim,0.0,0.0,1.0,1.0,0.0,1.0,1.0,2.0,SPRF-ES,DEL02-ES,UOP01-DEL02-ES,0,moderado
2025-10-07,10:20,2025-10-07 10:20:00,2025.0,10.0,terca,10.0,manha,ES,SERRA,True,101.0,BR-101,13.0,-20.14814211,-40.34507811,Demais falhas mecânicas ou elétricas,Queda de ocupante de veículo,Com Vítimas Feridas,Pleno dia,Decrescente,Nublado,Dupla,Reta,Não,0.0,0.0,1.0,1.0,0.0,0.0,1.0,1.0,SPRF-ES,DEL02-ES,UOP01-DEL02-ES,0,moderado
2025-10-08,06:20,2025-10-08 06:20:00,2025.0,10.0,quarta,6.0,manha,ES,CARIACICA,True,101.0,BR-101,286.0,-20.259358,-40.377558,Condutor deixou de manter distância do veículo da frente,Colisão traseira,Com Vítimas Feridas,Pleno dia,Decrescente,Céu Claro,Dupla,Reta,Sim,0.0,0.0,1.0,1.0,1.0,0.0,2.0,2.0,SPRF-ES,DEL01-ES,UOP01-DEL01-ES,0,moderado
2025-10-08,08:20,2025-10-08 08:20:00,2025.0,10.0,quarta,8.0,manha,ES,VIANA,True,101.0,BR-101,298.2,-20.35507904,-40.41671991,Acessar a via sem observar a presença dos outros veículos,Colisão transversal,Com Vítimas Feridas,Pleno dia,Decrescente,Céu Claro,Múltipla,Reta,Sim,0.0,2.0,0.0,2.0,1.0,0.0,2.0,3.0,SPRF-ES,DEL01-ES,UOP01-DEL01-ES,1,grave
2025-10-10,07:15,2025-10-10 07:15:00,2025.0,10.0,sexta,7.0,manha,ES,SERRA,True,101.0,BR-101,265.0,-20.189469,-40.2681096,Transitar na contramão,Colisão lateral mesmo sentido,Com Vítimas Feridas,Pleno dia,Decrescente,Nublado,Dupla,Interseção de Vias;Reta,Sim,0.0,0.0,1.0,1.0,2.0,0.0,2.0,3.0,SPRF-ES,DEL02-ES,UOP01-DEL02-ES,0,moderado
2025-10-10,07:50,2025-10-10 07:50:00,2025.0,10.0,sexta,7.0,manha,ES,VIANA,True,101.0,BR-101,298.0,-20.35313159,-40.41496603,Trafegar com motocicleta (ou similar) entre as faixas,Colisão traseira,Com Vítimas Feridas,Pleno dia,Crescente,Nublado,Múltipla,Reta,Sim,0.0,1.0,0.0,1.0,0.0,1.0,2.0,2.0,SPRF-ES,DEL01-ES,UOP01-DEL01-ES,1,grave
2025-10-10,15:35,2025-10-10 15:35:00,2025.0,10.0,sexta,15.0,tarde,ES,SERRA,True,101.0,BR-101,266.9,-20.19763819,-40.26897187,Manobra de mudança de faixa,Tombamento,Com Vítimas Feridas,Pleno dia,Crescente,Sol,Múltipla,Reta,Sim,0.0,0.0,1.0,1.0,0.0,0.0,1.0,1.0,SPRF-ES,DEL02-ES,UOP01-DEL02-ES,0,moderado
2025-10-10,18:40,2025-10-10 18:40:00,2025.0,10.0,sexta,18.0,noite,ES,SERRA,True,101.0,BR-101,260.1,-20.14629677,-40.28792739,Ausência de reação do condutor,Colisão traseira,Com Vítimas Feridas,Plena Noite,Decrescente,Ignorado,Dupla,Aclive,Sim,0.0,0.0,1.0,1.0,0.0,1.0,2.0,2.0,SPRF-ES,DEL02-ES,UOP01-DEL02-ES,0,moderado
2025-10-10,19:20,2025-10-10 19:20:00,2025.0,10.0,sexta,19.0,noite,ES,SERRA,True,101.0,BR-101,270.0,-20.22850733,-40.27176509,Manobra de mudança de faixa,Colisão lateral sentido oposto,Com Vítimas Feridas,Plena Noite,Decrescente,Céu Claro,Dupla,Reta,Sim,0.0,0.0,1.0,1.0,1.0,0.0,2.0,2.0,SPRF-ES,DEL02-ES,UOP01-DEL02-ES,0,moderado
2025-10-11,06:14,2025-10-11 06:14:00,2025.0,10.0,sabado,6.0,manha,ES,SERRA,True,101.0,BR-101,265.0,-20.18065437,-40.26523501,Transitar na contramão,Colisão frontal,Com Vítimas Feridas,Pleno dia,Crescente,Céu Claro,Múltipla,Curva,Sim,0.0,2.0,1.0,3.0,0.0,0.0,2.0,3.0,SPRF-ES,DEL02-ES,UOP01-DEL02-ES,1,grave
2025-10-11,18:30,2025-10-11 18:30:00,2025.0,10.0,sabado,18.0,noite,ES,SERRA,True,101.0,BR-101,270.0,-20.23085183,-40.27316451,Manobra de mudança de faixa,Colisão lateral sentido oposto,Com Vítimas Feridas,Plena Noite,Crescente,Nublado,Dupla,Reta,Sim,0.0,0.0,1.0,1.0,1.0,0.0,2.0,2.0,SPRF-ES,DEL02-ES,UOP01-DEL02-ES,0,moderado
2025-10-11,19:40,2025-10-11 19:40:00,2025.0,10.0,sabado,19.0,noite,ES,SERRA,True,101.0,BR-101,266.0,-20.19490975,-40.26862532,Velocidade Incompatível,Engavetamento,Com Vítimas Feridas,Plena Noite,Decrescente,Céu Claro,Múltipla,Reta,Sim,0.0,0.0,2.0,2.0,2.0,0.0,3.0,4.0,SPRF-ES,DEL02-ES,UOP01-DEL02-ES,0,moderado
2025-10-11,23:30,2025-10-11 23:30:00,2025.0,10.0,sabado,23.0,noite,ES,SERRA,True,101.0,BR-101,268.6,-20.214889,-40.2696864,Ausência de reação do condutor,Colisão com objeto,Com Vítimas Feridas,Plena Noite,Decrescente,Céu Claro,Múltipla,Reta,Não,0.0,0.0,2.0,2.0,0.0,0.0,1.0,2.0,SPRF-ES,DEL02-ES,UOP01-DEL02-ES,0,moderado
2025-10-12,02:15,2025-10-12 02:15:00,2025.0,10.0,domingo,2.0,madrugada,ES,SERRA,True,101.0,BR-101,260.9,-20.14650934,-40.28729349,Ausência de reação do condutor,Capotamento,Com Vítimas Fatais,Plena Noite,Decrescente,Nublado,Dupla,Reta,Não,1.0,1.0,1.0,2.0,0.0,0.0,1.0,3.0,SPRF-ES,DEL02-ES,UOP01-DEL02-ES,1,fatal
2025-10-12,15:57,2025-10-12 15:57:00,2025.0,10.0,domingo,15.0,tarde,ES,VIANA,True,262.0,BR-262,20.0,-20.37869945,-40.5081567,Reação tardia ou ineficiente do condutor,Engavetamento,Com Vítimas Feridas,Pleno dia,Crescente,Céu Claro,Simples,Reta,Não,0.0,0.0,1.0,1.0,3.0,0.0,3.0,4.0,SPRF-ES,DEL01-ES,UOP01-DEL01-ES,0,moderado
2025-10-12,17:49,2025-10-12 17:49:00,2025.0,10.0,domingo,17.0,tarde,ES,VIANA,True,262.0,BR-262,20.0,-20.386318,-40.496128,Acessar a via sem observar a presença dos outros veículos,Colisão transversal,Com Vítimas Feridas,Anoitecer,Decrescente,Céu Claro,Simples,Curva,Sim,0.0,1.0,0.0,1.0,2.0,0.0,2.0,3.0,SPRF-ES,DEL01-ES,UOP01-DEL01-ES,1,grave
2025-10-13,07:40,2025-10-13 07:40:00,2025.0,10.0,segunda,7.0,manha,ES,FUNDAO,True,101.0,BR-101,230.9,-19.944287,-40.40667,Condutor deixou de manter distância do veículo da frente,Colisão traseira,Com Vítimas Feridas,Pleno dia,Decrescente,Céu Claro,Simples,Reta,Não,0.0,0.0,1.0,1.0,2.0,0.0,2.0,3.0,SPRF-ES,DEL02-ES,UOP01-DEL02-ES,0,moderado
2025-10-13,15:30,2025-10-13 15:30:00,2025.0,10.0,segunda,15.0,tarde,ES,VIANA,True,101.0,BR-101,304.5,-20.38254454,-40.45919411,Pista esburacada,Eventos atípicos,Com Vítimas Feridas,Pleno dia,Crescente,Céu Claro,Dupla,Reta,Não,0.0,1.0,0.0,1.0,0.0,3.0,2.0,4.0,SPRF-ES,DEL01-ES,UOP01-DEL01-ES,1,grave
2025-10-13,16:30,2025-10-13 16:30:00,2025.0,10.0,segunda,16.0,tarde,ES,SERRA,True,101.0,BR-101,275.0,-20.2081011,-40.3045303,Reação tardia ou ineficiente do condutor,Tombamento,Com Vítimas Feridas,Pleno dia,Crescente,Vento,Múltipla,Reta,Sim,0.0,0.0,1.0,1.0,0.0,0.0,1.0,1.0,SPRF-ES,DEL02-ES,UOP01-DEL02-ES,0,moderado
2025-10-14,07:40,2025-10-14 07:40:00,2025.0,10.0,terca,7.0,manha,ES,CARIACICA,True,101.0,BR-101,283.1,-20.23536632,-40.36964742,Pedestre cruzava a pista fora da faixa,Atropelamento de Pedestre,Com Vítimas Feridas,Pleno dia,Crescente,Nublado,Múltipla,Reta;Aclive,Não,0.0,0.0,1.0,1.0,0.0,1.0,2.0,2.0,SPRF-ES,DEL01-ES,UOP01-DEL01-ES,0,moderado
2025-10-14,20:15,2025-10-14 20:15:00,2025.0,10.0,terca,20.0,noite,ES,VIANA,True,262.0,BR-262,26.8,-20.3823001,-40.5471223,Acumulo de água sobre o pavimento,Saída de leito carroçável,Com Vítimas Feridas,Plena Noite,Crescente,Chuva,Simples,Curva,Não,0.0,0.0,1.0,1.0,0.0,0.0,1.0,1.0,SPRF-ES,DEL01-ES,UOP01-DEL01-ES,0,moderado
2025-10-15,08:09,2025-10-15 08:09:00,2025.0,10.0,quarta,8.0,manha,ES,CARIACICA,True,101.0,BR-101,289.4,-20.28358962,-40.39295959,Manobra de mudança de faixa,Queda de ocupante de veículo,Com Vítimas Feridas,Pleno dia,Decrescente,Nublado,Dupla,Declive;Reta,Não,0.0,0.0,1.0,1.0,0.0,0.0,1.0,1.0,SPRF-ES,DEL01-ES,UOP01-DEL01-ES,0,moderado
2025-10-17,02:00,2025-10-17 02:00:00,2025.0,10.0,sexta,2.0,madrugada,ES,CARIACICA,True,101.0,BR-101,294.6,-20.3292284,-40.398508,Velocidade Incompatível,Tombamento,Com Vítimas Feridas,Plena Noite,Crescente,Nublado,Dupla,Reta,Não,0.0,1.0,0.0,1.0,0.0,0.0,1.0,1.0,SPRF-ES,DEL01-ES,UOP01-DEL01-ES,1,grave
2025-10-17,06:13,2025-10-17 06:13:00,2025.0,10.0,sexta,6.0,manha,ES,GUARAPARI,True,101.0,BR-101,330.0,-20.59468327,-40.50275338,Acessar a via sem observar a presença dos outros veículos,Colisão transversal,Com Vítimas Fatais,Amanhecer,Crescente,Sol,Dupla,Curva,Sim,1.0,0.0,0.0,0.0,25.0,0.0,2.0,26.0,SPRF-ES,DEL03-ES,UOP01-DEL03-ES,1,fatal
2025-10-17,17:20,2025-10-17 17:20:00,2025.0,10.0,sexta,17.0,tarde,ES,SERRA,True,101.0,BR-101,270.2,-20.22856,-40.27161,Reação tardia ou ineficiente do condutor,Colisão lateral mesmo sentido,Com Vítimas Feridas,Anoitecer,Decrescente,Céu Claro,Múltipla,Interseção de Vias;Reta,Sim,0.0,0.0,1.0,1.0,1.0,0.0,2.0,2.0,SPRF-ES,DEL02-ES,UOP01-DEL02-ES,0,moderado
2025-10-18,05:50,2025-10-18 05:50:00,2025.0,10.0,sabado,5.0,madrugada,ES,SERRA,True,101.0,BR-101,266.4,-20.193505,-40.268465,Deficiência do Sistema de Iluminação/Sinalização,Colisão transversal,Com Vítimas Feridas,Amanhecer,Decrescente,Céu Claro,Múltipla,Reta,Sim,0.0,0.0,4.0,4.0,0.0,1.0,3.0,5.0,SPRF-ES,DEL02-ES,UOP01-DEL02-ES,0,moderado
2025-10-18,16:00,2025-10-18 16:00:00,2025.0,10.0,sabado,16.0,tarde,ES,CARIACICA,True,101.0,BR-101,288.0,-20.273526,-40.39191,Acessar a via sem observar a presença dos outros veículos,Colisão transversal,Com Vítimas Feridas,Pleno dia,Crescente,Céu Claro,Dupla,Retorno Regulamentado;Curva,Sim,0.0,0.0,1.0,1.0,0.0,1.0,2.0,2.0,SPRF-ES,DEL01-ES,UOP01-DEL01-ES,0,moderado
2025-10-18,15:35,2025-10-18 15:35:00,2025.0,10.0,sabado,15.0,tarde,ES,SERRA,True,101.0,BR-101,251.0,-20.09135221,-40.34191489,Transitar no Acostamento,Tombamento,Com Vítimas Feridas,Pleno dia,Decrescente,Céu Claro,Simples,Interseção de Vias;Reta,Sim,0.0,0.0,2.0,2.0,0.0,0.0,1.0,2.0,SPRF-ES,DEL02-ES,UOP01-DEL02-ES,0,moderado
2025-10-18,20:00,2025-10-18 20:00:00,2025.0,10.0,sabado,20.0,noite,ES,SERRA,True,101.0,BR-101,274.5,-20.0488505,-40.3866982,Reação tardia ou ineficiente do condutor,Saída de leito carroçável,Com Vítimas Feridas,Plena Noite,Crescente,Céu Claro,Dupla,Reta,Não,0.0,1.0,0.0,1.0,0.0,0.0,1.0,1.0,SPRF-ES,DEL02-ES,UOP01-DEL02-ES,1,grave
2025-10-19,18:40,2025-10-19 18:40:00,2025.0,10.0,domingo,18.0,noite,ES,SERRA,True,101.0,BR-101,269.5,-20.2213618,-40.2705348,Ingestão de álcool pelo condutor,Colisão traseira,Com Vítimas Feridas,Plena Noite,Crescente,Nublado,Múltipla,Reta,Sim,0.0,0.0,3.0,3.0,1.0,0.0,3.0,4.0,SPRF-ES,DEL02-ES,UOP01-DEL02-ES,0,moderado
2025-10-20,04:30,2025-10-20 04:30:00,2025.0,10.0,segunda,4.0,madrugada,ES,GUARAPARI,True,101.0,BR-101,340.2,-20.64740276,-40.56667328,Chuva,Queda de ocupante de veículo,Com Vítimas Feridas,Amanhecer,Crescente,Chuva,Dupla,Aclive;Reta,Não,0.0,0.0,1.0,1.0,0.0,0.0,1.0,1.0,SPRF-ES,DEL03-ES,UOP01-DEL03-ES,0,moderado
2025-10-20,18:20,2025-10-20 18:20:00,2025.0,10.0,segunda,18.0,noite,ES,SERRA,True,101.0,BR-101,255.9,-20.119687,-40.31002,Transitar na contramão,Colisão transversal,Com Vítimas Feridas,Plena Noite,Crescente,Nublado,Simples,Reta,Sim,0.0,1.0,0.0,1.0,3.0,0.0,3.0,4.0,SPRF-ES,DEL02-ES,UOP01-DEL02-ES,1,grave
2025-10-20,20:10,2025-10-20 20:10:00,2025.0,10.0,segunda,20.0,noite,ES,VIANA,True,262.0,BR-262,19.0,-20.39220586,-40.48957435,Desrespeitar a preferência no cruzamento,Colisão transversal,Com Vítimas Feridas,Plena Noite,Crescente,Nublado,Simples,Reta,Não,0.0,2.0,0.0,2.0,1.0,0.0,2.0,3.0,SPRF-ES,DEL01-ES,UOP01-DEL01-ES,1,grave
2025-10-21,17:05,2025-10-21 17:05:00,2025.0,10.0,terca,17.0,tarde,ES,VILA VELHA,True,447.0,BR-447,15.3,-20.34258484,-40.32871842,Reação tardia ou ineficiente do condutor,Colisão lateral mesmo sentido,Com Vítimas Feridas,Anoitecer,Decrescente,Céu Claro,Dupla,Reta,Sim,0.0,0.0,1.0,1.0,1.0,0.0,2.0,2.0,SPRF-ES,DEL01-ES,UOP01-DEL01-ES,0,moderado
2025-10-21,18:45,2025-10-21 18:45:00,2025.0,10.0,terca,18.0,noite,ES,SERRA,True,101.0,BR-101,266.0,-20.19190908,-40.26824266,Ausência de reação do condutor,Tombamento,Com Vítimas Feridas,Plena Noite,Decrescente,Chuva,Dupla,Reta,Sim,0.0,0.0,1.0,1.0,0.0,0.0,1.0,1.0,SPRF-ES,DEL02-ES,UOP01-DEL02-ES,0,moderado