data,hora,data_hora,ano,mes,dia_semana,hora_dia,periodo_dia,uf,municipio,regiao_grande_vitoria,rodovia,rodovia_label,km,latitude,longitude,causa,tipo_acidente,classificacao,fase_dia,sentido_via,condicao_metereologica,tipo_pista,tracado_via,uso_solo,mortos,feridos_graves,feridos_leves,feridos,ilesos,ignorados,veiculos,pessoas,regional,delegacia,uop,risco_alto,nivel_risco
2025-10-22,07:02,2025-10-22 07:02:00,2025.0,10.0,quarta,7.0,manha,ES,SERRA,True,101.0,BR-101,268.0,-20.18959623,-40.26832223,Pedestre cruzava a pista fora da faixa,Atropelamento de Pedestre,Com Vítimas Feridas,Pleno dia,Crescente,Chuva,Dupla,Reta,Sim,0.0,0.0,3.0,3.0,0.0,0.0,2.0,3.0,SPRF-ES,DEL02-ES,UOP01-DEL02-ES,0,moderado
2025-10-22,08:43,2025-10-22 08:43:00,2025.0,10.0,quarta,8.0,manha,ES,SERRA,True,101.0,BR-101,269.0,-20.222233,-40.27047,Ausência de reação do condutor,Colisão traseira,Com Vítimas Feridas,Pleno dia,Crescente,Nublado,Dupla,Reta,Sim,0.0,2.0,0.0,2.0,0.0,1.0,2.0,3.0,SPRF-ES,DEL02-ES,UOP01-DEL02-ES,1,grave
2025-10-22,17:30,2025-10-22 17:30:00,2025.0,10.0,quarta,17.0,tarde,ES,SERRA,True,101.0,BR-101,258.0,-20.1228943,-40.30535817,Acessar a via sem observar a presença dos outros veículos,Colisão transversal,Com Vítimas Feridas,Plena Noite,Crescente,Céu Claro,Dupla,Curva,Sim,0.0,0.0,1.0,1.0,1.0,0.0,2.0,2.0,SPRF-ES,DEL02-ES,UOP01-DEL02-ES,0,moderado
2025-10-22,18:50,2025-10-22 18:50:00,2025.0,10.0,quarta,18.0,noite,ES,SERRA,True,101.0,BR-101,265.0,-20.18985084,-40.26824506,Condutor desrespeitou a iluminação vermelha do semáforo,Colisão transversal,Com Vítimas Feridas,Plena Noite,Crescente,Céu Claro,Dupla,Interseção de Vias;Reta,Sim,0.0,0.0,3.0,3.0,0.0,0.0,2.0,3.0,SPRF-ES,DEL02-ES,UOP01-DEL02-ES,0,moderado
2025-09-21,16:30,2025-09-21 16:30:00,2025.0,9.0,domingo,16.0,tarde,ES,VITORIA,True,0.0,BR-0,0.0,-20.31855494,-40.30606834,Demais falhas mecânicas ou elétricas,Colisão com objeto,Sem Vítimas,Pleno dia,Não Informado,Céu Claro,Simples,Reta,Sim,0.0,0.0,0.0,0.0,1.0,3.0,3.0,4.0,SPRF-ES,,,0,baixo
2025-10-23,18:45,2025-10-23 18:45:00,2025.0,10.0,quinta,18.0,noite,ES,SERRA,True,101.0,BR-101,255.0,-20.11849082,-40.31272548,Transitar na contramão,Colisão frontal,Com Vítimas Feridas,Plena Noite,Crescente,Nublado,Simples,Reta,Sim,0.0,0.0,3.0,3.0,0.0,0.0,2.0,3.0,SPRF-ES,DEL02-ES,UOP01-DEL02-ES,0,moderado
2025-10-24,08:30,2025-10-24 08:30:00,2025.0,10.0,sexta,8.0,manha,ES,CARIACICA,True,101.0,BR-101,288.0,-20.27912784,-40.39274502,Acessar a via sem observar a presença dos outros veículos,Colisão transversal,Com Vítimas Feridas,Pleno dia,Decrescente,Céu Claro,Dupla,Retorno Regulamentado,Não,0.0,1.0,0.0,1.0,0.0,1.0,2.0,2.0,SPRF-ES,DEL01-ES,UOP01-DEL01-ES,1,grave
2025-10-24,23:45,2025-10-24 23:45:00,2025.0,10.0,sexta,23.0,noite,ES,VIANA,True,262.0,BR-262,17.0,-20.3882908,-40.4769436,Ausência de reação do condutor,Colisão traseira,Com Vítimas Feridas,Plena Noite,Crescente,Céu Claro,Simples,Reta,Sim,0.0,0.0,1.0,1.0,1.0,0.0,2.0,2.0,SPRF-ES,DEL01-ES,UOP01-DEL01-ES,0,moderado
2025-10-25,14:30,2025-10-25 14:30:00,2025.0,10.0,sabado,14.0,tarde,ES,SERRA,True,101.0,BR-101,266.0,-20.19546,-40.268828,Ingestão de álcool pelo condutor,Colisão traseira,Com Vítimas Feridas,Pleno dia,Crescente,Chuva,Múltipla,Reta;Retorno Regulamentado,Sim,0.0,0.0,1.0,1.0,1.0,1.0,3.0,3.0,SPRF-ES,DEL02-ES,UOP01-DEL02-ES,0,moderado
2025-10-25,20:10,2025-10-25 20:10:00,2025.0,10.0,sabado,20.0,noite,ES,SERRA,True,101.0,BR-101,281.8,-20.22630151,-40.36355495,Reação tardia ou ineficiente do condutor,Colisão com objeto,Com Vítimas Feridas,Plena Noite,Crescente,Garoa/Chuvisco,Múltipla,Reta;Ponte,Não,0.0,0.0,2.0,2.0,0.0,0.0,1.0,2.0,SPRF-ES,DEL02-ES,UOP01-DEL02-ES,0,moderado
2025-10-26,17:55,2025-10-26 17:55:00,2025.0,10.0,domingo,17.0,tarde,ES,VITORIA,True,101.0,BR-101,268.5,-20.213741,-40.2697,Condutor deixou de manter distância do veículo da frente,Colisão traseira,Com Vítimas Feridas,Plena Noite,Decrescente,Nublado,Múltipla,Reta,Sim,0.0,0.0,1.0,1.0,1.0,0.0,2.0,2.0,SPRF-ES,DEL02-ES,UOP01-DEL02-ES,0,moderado
2025-10-26,20:58,2025-10-26 20:58:00,2025.0,10.0,domingo,20.0,noite,ES,SERRA,True,101.0,BR-101,276.0,-20.20759142,-40.30764773,Afundamento ou ondulação no pavimento,Tombamento,Com Vítimas Feridas,Plena Noite,Decrescente,Céu Claro,Dupla,Reta,Não,0.0,0.0,1.0,1.0,1.0,0.0,1.0,2.0,SPRF-ES,DEL02-ES,UOP01-DEL02-ES,0,moderado
2025-10-28,08:24,2025-10-28 08:24:00,2025.0,10.0,terca,8.0,manha,ES,VIANA,True,101.0,BR-101,299.7,-20.35799609,-40.43161511,Reação tardia ou ineficiente do condutor,Tombamento,Com Vítimas Feridas,Pleno dia,Crescente,Céu Claro,Múltipla,Curva,Sim,0.0,0.0,1.0,1.0,0.0,0.0,1.0,1.0,SPRF-ES,DEL01-ES,UOP01-DEL01-ES,0,moderado
2025-10-29,08:33,2025-10-29 08:33:00,2025.0,10.0,quarta,8.0,manha,ES,VIANA,True,101.0,BR-101,297.7,-20.350743,-40.412927,Ausência de reação do condutor,Tombamento,Com Vítimas Feridas,Pleno dia,Decrescente,Céu Claro,Dupla,Reta,Sim,0.0,0.0,1.0,1.0,2.0,0.0,2.0,3.0,SPRF-ES,DEL01-ES,UOP01-DEL01-ES,0,moderado
2025-10-29,13:50,2025-10-29 13:50:00,2025.0,10.0,quarta,13.0,tarde,ES,SERRA,True,101.0,BR-101,273.9,-20.2128064,-40.2960451,Acessar a via sem observar a presença dos outros veículos,Tombamento,Com Vítimas Feridas,Pleno dia,Crescente,Sol,Dupla,Interseção de Vias;Reta;Declive,Sim,0.0,0.0,2.0,2.0,0.0,0.0,1.0,2.0,SPRF-ES,DEL02-ES,UOP01-DEL02-ES,0,moderado
2025-10-30,04:50,2025-10-30 04:50:00,2025.0,10.0,quinta,4.0,madrugada,ES,SERRA,True,101.0,BR-101,270.0,-20.2299848,-40.2726369,Ausência de reação do condutor,Colisão com objeto,Com Vítimas Feridas,Amanhecer,Decrescente,Céu Claro,Dupla,Interseção de Vias;Reta,Sim,0.0,0.0,2.0,2.0,0.0,0.0,1.0,2.0,SPRF-ES,DEL02-ES,UOP01-DEL02-ES,0,moderado
2025-10-30,13:40,2025-10-30 13:40:00,2025.0,10.0,quinta,13.0,tarde,ES,CARIACICA,True,101.0,BR-101,289.0,-20.23841821,-40.44598326,Reação tardia ou ineficiente do condutor,Incêndio,Com Vítimas Feridas,Pleno dia,Crescente,Céu Claro,Dupla,Reta,Não,0.0,0.0,1.0,1.0,2.0,0.0,3.0,3.0,SPRF-ES,DEL01-ES,UOP01-DEL01-ES,0,moderado
2025-10-30,21:20,2025-10-30 21:20:00,2025.0,10.0,quinta,21.0,noite,ES,VIANA,True,262.0,BR-262,26.0,-20.38249102,-40.54827332,Demais falhas mecânicas ou elétricas,Incêndio,Sem Vítimas,Plena Noite,Crescente,Chuva,Simples,Reta,Não,0.0,0.0,0.0,0.0,1.0,0.0,1.0,1.0,SPRF-ES,DEL01-ES,UOP01-DEL01-ES,0,baixo
2025-08-04,01:30,2025-08-04 01:30:00,2025.0,8.0,segunda,1.0,madrugada,ES,SERRA,True,101.0,BR-101,262.0,-20.173115,-40.26732167,Desrespeitar a preferência no cruzamento,Colisão transversal,Com Vítimas Feridas,Plena Noite,Crescente,Céu Claro,Dupla,Interseção de Vias;Reta,Não,0.0,1.0,0.0,1.0,1.0,0.0,2.0,2.0,SPRF-ES,DEL02-ES,UOP01-DEL02-ES,1,grave
2025-10-31,13:50,2025-10-31 13:50:00,2025.0,10.0,sexta,13.0,tarde,ES,SERRA,True,101.0,BR-101,265.0,-20.18060213,-40.26498377,Reação tardia ou ineficiente do condutor,Colisão traseira,Com Vítimas Feridas,Pleno dia,Crescente,Garoa/Chuvisco,Dupla,Reta,Sim,0.0,1.0,0.0,1.0,1.0,0.0,2.0,2.0,SPRF-ES,DEL02-ES,UOP01-DEL02-ES,1,grave
2025-10-31,13:50,2025-10-31 13:50:00,2025.0,10.0,sexta,13.0,tarde,ES,CARIACICA,True,101.0,BR-101,292.0,-20.30884804,-40.39481375,Acessar a via sem observar a presença dos outros veículos,Colisão transversal,Com Vítimas Feridas,Pleno dia,Crescente,Sol,Dupla,Reta,Não,0.0,0.0,1.0,1.0,2.0,0.0,2.0,3.0,SPRF-ES,DEL01-ES,UOP01-DEL01-ES,0,moderado
2025-10-31,18:30,2025-10-31 18:30:00,2025.0,10.0,sexta,18.0,noite,ES,VIANA,True,101.0,BR-101,299.0,-20.35768331,-40.42706719,Manobra de mudança de faixa,Queda de ocupante de veículo,Com Vítimas Feridas,Plena Noite,Decrescente,Céu Claro,Dupla,Curva,Sim,0.0,0.0,1.0,1.0,0.0,1.0,2.0,2.0,SPRF-ES,DEL01-ES,UOP01-DEL01-ES,0,moderado
2025-11-01,07:00,2025-11-01 07:00:00,2025.0,11.0,sabado,7.0,manha,ES,SERRA,True,101.0,BR-101,270.0,-20.23067133,-40.27337852,Condutor desrespeitou a iluminação vermelha do semáforo,Atropelamento de Pedestre,Com Vítimas Feridas,Pleno dia,Crescente,Céu Claro,Simples,Reta,Não,0.0,0.0,1.0,1.0,0.0,1.0,2.0,2.0,SPRF-ES,DEL02-ES,UOP01-DEL02-ES,0,moderado
2025-11-01,19:40,2025-11-01 19:40:00,2025.0,11.0,sabado,19.0,noite,ES,CARIACICA,True,101.0,BR-101,296.0,-20.3383642,-40.4025451,Reação tardia ou ineficiente do condutor,Colisão traseira,Com Vítimas Feridas,Plena Noite,Decrescente,Céu Claro,Dupla,Reta,Sim,0.0,1.0,0.0,1.0,3.0,0.0,2.0,4.0,SPRF-ES,DEL01-ES,UOP01-DEL01-ES,1,grave
2025-11-02,10:30,2025-11-02 10:30:00,2025.0,11.0,domingo,10.0,manha,ES,CARIACICA,True,101.0,BR-101,282.8,-20.23468336,-40.36946571,Transitar na contramão,Colisão lateral sentido oposto,Com Vítimas Feridas,Pleno dia,Crescente,Céu Claro,Dupla,Declive,Não,0.0,1.0,1.0,2.0,0.0,0.0,2.0,2.0,SPRF-ES,DEL01-ES,UOP01-DEL01-ES,1,grave
2025-11-02,17:55,2025-11-02 17:55:00,2025.0,11.0,domingo,17.0,tarde,ES,FUNDAO,True,101.0,BR-101,228.1,-19.924925,-40.406535,Reação tardia ou ineficiente do condutor,Tombamento,Com Vítimas Feridas,Plena Noite,Crescente,Céu Claro,Simples,Reta,Não,0.0,1.0,1.0,2.0,1.0,0.0,2.0,3.0,SPRF-ES,DEL02-ES,UOP01-DEL02-ES,1,grave
2025-11-02,19:00,2025-11-02 19:00:00,2025.0,11.0,domingo,19.0,noite,ES,VIANA,True,262.0,BR-262,19.9,-20.386523,-40.496017,Acessar a via sem observar a presença dos outros veículos,Colisão transversal,Com Vítimas Feridas,Plena Noite,Crescente,Céu Claro,Simples,Curva,Sim,0.0,0.0,5.0,5.0,0.0,0.0,3.0,5.0,SPRF-ES,DEL01-ES,UOP01-DEL01-ES,0,moderado
2025-11-03,11:30,2025-11-03 11:30:00,2025.0,11.0,segunda,11.0,manha,ES,FUNDAO,True,101.0,BR-101,238.0,-20.01210422,-40.40600916,Objeto estático sobre o leito carroçável,Colisão com objeto,Com Vítimas Feridas,Pleno dia,Crescente,Céu Claro,Simples,Reta,Não,0.0,0.0,1.0,1.0,0.0,0.0,1.0,1.0,SPRF-ES,DEL02-ES,UOP01-DEL02-ES,0,moderado
2025-11-04,07:10,2025-11-04 07:10:00,2025.0,11.0,terca,7.0,manha,ES,SERRA,True,101.0,BR-101,269.5,-20.0488573,-40.3867013,Manobra de mudança de faixa,Colisão lateral mesmo sentido,Sem Vítimas,Pleno dia,Crescente,Céu Claro,Dupla,Reta,Sim,0.0,0.0,0.0,0.0,2.0,0.0,2.0,2.0,SPRF-ES,DEL02-ES,UOP01-DEL02-ES,0,baixo
2025-11-05,06:00,2025-11-05 06:00:00,2025.0,11.0,quarta,6.0,manha,ES,SERRA,True,101.0,BR-101,270.5,-20.23243894,-40.27519226,Ausência de reação do condutor,Colisão com objeto,Com Vítimas Fatais,Amanhecer,Crescente,Céu Claro,Dupla,Curva,Sim,1.0,1.0,0.0,1.0,0.0,0.0,1.0,2.0,SPRF-ES,DEL02-ES,UOP01-DEL02-ES,1,fatal
2025-11-05,13:30,2025-11-05 13:30:00,2025.0,11.0,quarta,13.0,tarde,ES,CARIACICA,True,101.0,BR-101,288.4,-20.27487744,-40.39231424,Velocidade Incompatível,Saída de leito carroçável,Com Vítimas Feridas,Pleno dia,Crescente,Céu Claro,Múltipla,Reta,Sim,0.0,1.0,3.0,4.0,0.0,0.0,1.0,4.0,SPRF-ES,DEL01-ES,UOP01-DEL01-ES,1,grave
2025-11-05,18:15,2025-11-05 18:15:00,2025.0,11.0,quarta,18.0,noite,ES,SERRA,True,101.0,BR-101,262.3,-20.1535907,-40.27801752,Condutor desrespeitou a iluminação vermelha do semáforo,Colisão transversal,Com Vítimas Feridas,Plena Noite,Crescente,Nublado,Múltipla,Interseção de Vias,Sim,0.0,0.0,1.0,1.0,1.0,1.0,3.0,3.0,SPRF-ES,DEL02-ES,UOP01-DEL02-ES,0,moderado
2025-11-05,18:09,2025-11-05 18:09:00,2025.0,11.0,quarta,18.0,noite,ES,SERRA,True,101.0,BR-101,264.0,-20.22230476,-40.27050161,Ausência de reação do condutor,Colisão traseira,Com Vítimas Feridas,Pleno dia,Decrescente,Céu Claro,Simples,Reta,Não,0.0,0.0,1.0,1.0,1.0,0.0,2.0,2.0,SPRF-ES,DEL02-ES,UOP01-DEL02-ES,0,moderado
2025-11-06,20:10,2025-11-06 20:10:00,2025.0,11.0,quinta,20.0,noite,ES,SERRA,True,101.0,BR-101,264.5,-20.17775167,-40.26560667,Reação tardia ou ineficiente do condutor,Tombamento,Com Vítimas Feridas,Plena Noite,Crescente,Nublado,Múltipla,Reta,Sim,0.0,0.0,1.0,1.0,0.0,0.0,1.0,1.0,SPRF-ES,DEL02-ES,UOP01-DEL02-ES,0,moderado
2025-11-07,12:50,2025-11-07 12:50:00,2025.0,11.0,sexta,12.0,tarde,ES,VIANA,True,262.0,BR-262,17.0,-20.38565,-40.471053,Condutor deixou de manter distância do veículo da frente,Colisão traseira,Com Vítimas Feridas,Pleno dia,Crescente,Nublado,Simples,Reta,Sim,0.0,0.0,1.0,1.0,3.0,0.0,2.0,4.0,SPRF-ES,DEL01-ES,UOP01-DEL01-ES,0,moderado
2025-10-19,05:40,2025-10-19 05:40:00,2025.0,10.0,domingo,5.0,madrugada,ES,SERRA,True,101.0,BR-101,269.0,-20.11139198,-40.32669067,Condutor desrespeitou a iluminação vermelha do semáforo,Colisão transversal,Com Vítimas Feridas,Amanhecer,Decrescente,Nublado,Dupla,Interseção de Vias;Reta,Sim,0.0,0.0,1.0,1.0,1.0,0.0,2.0,2.0,SPRF-ES,DEL02-ES,UOP01-DEL02-ES,0,moderado
2025-11-07,21:00,2025-11-07 21:00:00,2025.0,11.0,sexta,21.0,noite,ES,CARIACICA,True,101.0,BR-101,297.0,-20.344911,-40.410048,Reação tardia ou ineficiente do condutor,Colisão com objeto,Com Vítimas Fatais,Plena Noite,Crescente,Garoa/Chuvisco,Dupla,Aclive;Curva,Não,1.0,0.0,0.0,0.0,0.0,0.0,1.0,1.0,SPRF-ES,DEL01-ES,UOP01-DEL01-ES,1,fatal
2025-11-08,10:40,2025-11-08 10:40:00,2025.0,11.0,sabado,10.0,manha,ES,SERRA,True,101.0,BR-101,265.0,-20.0488582,-40.3867015,Ausência de reação do condutor,Atropelamento de Pedestre,Com Vítimas Feridas,Pleno dia,Crescente,Nublado,Dupla,Reta,Sim,0.0,0.0,2.0,2.0,0.0,1.0,2.0,3.0,SPRF-ES,DEL02-ES,UOP01-DEL02-ES,0,moderado
2025-11-08,22:30,2025-11-08 22:30:00,2025.0,11.0,sabado,22.0,noite,ES,VILA VELHA,True,101.0,BR-101,313.2,-20.45533709,-40.46342467,Animais na Pista,Atropelamento de Animal,Com Vítimas Feridas,Plena Noite,Crescente,Céu Claro,Dupla,Reta,Não,0.0,0.0,1.0,1.0,0.0,0.0,1.0,1.0,SPRF-ES,DEL01-ES,UOP01-DEL01-ES,0,moderado
2025-11-09,00:30,2025-11-09 00:30:00,2025.0,11.0,domingo,0.0,madrugada,ES,SERRA,True,101.0,BR-101,269.6,-20.2231921,-40.2702095,Acessar a via sem observar a presença dos outros veículos,Colisão lateral mesmo sentido,Com Vítimas Feridas,Plena Noite,Decrescente,Nublado,Múltipla,Retorno Regulamentado,Sim,0.0,0.0,2.0,2.0,1.0,0.0,2.0,3.0,SPRF-ES,DEL02-ES,UOP01-DEL02-ES,0,moderado
2025-11-09,22:20,2025-11-09 22:20:00,2025.0,11.0,domingo,22.0,noite,ES,VIANA,True,101.0,BR-101,297.0,-20.351073,-40.41326,Manobra de mudança de faixa,Saída de leito carroçável,Com Vítimas Feridas,Plena Noite,Crescente,Garoa/Chuvisco,Dupla,Curva,Sim,0.0,0.0,2.0,2.0,0.0,0.0,1.0,2.0,SPRF-ES,DEL01-ES,UOP01-DEL01-ES,0,moderado
2025-11-09,23:55,2025-11-09 23:55:00,2025.0,11.0,domingo,23.0,noite,ES,SERRA,True,101.0,BR-101,262.0,-20.13592779,-40.29247721,Ausência de reação do condutor,Colisão traseira,Com Vítimas Feridas,Plena Noite,Crescente,Céu Claro,Simples,Reta,Não,0.0,1.0,2.0,3.0,0.0,0.0,2.0,3.0,SPRF-ES,DEL02-ES,UOP01-DEL02-ES,1,grave
2025-11-10,07:21,2025-11-10 07:21:00,2025.0,11.0,segunda,7.0,manha,ES,CARIACICA,True,101.0,BR-101,293.0,-20.316048,-40.3955,Acumulo de óleo sobre o pavimento,Tombamento,Com Vítimas Feridas,Pleno dia,Decrescente,Nublado,Dupla,Reta,Sim,0.0,0.0,2.0,2.0,0.0,0.0,1.0,2.0,SPRF-ES,DEL01-ES,UOP01-DEL01-ES,0,moderado
2025-11-10,07:50,2025-11-10 07:50:00,2025.0,11.0,segunda,7.0,manha,ES,SERRA,True,101.0,BR-101,278.0,-20.21752,-40.33552,Velocidade Incompatível,Saída de leito carroçável,Com Vítimas Feridas,Pleno dia,Crescente,Nublado,Dupla,Curva;Declive,Não,0.0,0.0,1.0,1.0,0.0,0.0,1.0,1.0,SPRF-ES,DEL02-ES,UOP01-DEL02-ES,0,moderado
2025-11-10,16:00,2025-11-10 16:00:00,2025.0,11.0,segunda,16.0,tarde,ES,SERRA,True,101.0,BR-101,262.2,-20.160165,-40.275838,Manobra de mudança de faixa,Colisão lateral mesmo sentido,Com Vítimas Feridas,Pleno dia,Decrescente,Nublado,Múltipla,Reta;Interseção de Vias;Retorno Regulamentado,Sim,0.0,0.0,1.0,1.0,1.0,0.0,2.0,2.0,SPRF-ES,DEL02-ES,UOP01-DEL02-ES,0,moderado
2025-11-11,06:00,2025-11-11 06:00:00,2025.0,11.0,terca,6.0,manha,ES,SERRA,True,101.0,BR-101,10.0,-20.14579,-40.34384,Suicídio (presumido),Saída de leito carroçável,Com Vítimas Feridas,Plena Noite,Decrescente,Nublado,Dupla,Reta,Não,0.0,0.0,1.0,1.0,0.0,0.0,1.0,1.0,SPRF-ES,DEL02-ES,UOP01-DEL02-ES,0,moderado
2025-10-30,07:30,2025-10-30 07:30:00,2025.0,10.0,quinta,7.0,manha,ES,SERRA,True,101.0,BR-101,266.7,-20.195662,-40.268922,Acessar a via sem observar a presença dos outros veículos,Colisão transversal,Com Vítimas Feridas,Pleno dia,Decrescente,Nublado,Dupla,Retorno Regulamentado;Reta,Sim,0.0,1.0,0.0,1.0,2.0,0.0,2.0,3.0,SPRF-ES,DEL02-ES,UOP01-DEL02-ES,1,grave
2025-11-11,21:20,2025-11-11 21:20:00,2025.0,11.0,terca,21.0,noite,ES,VIANA,True,101.0,BR-101,301.0,-20.363575,-40.440774,Reação tardia ou ineficiente do condutor,Colisão com objeto,Com Vítimas Feridas,Plena Noite,Decrescente,Céu Claro,Múltipla,Curva,Não,0.0,1.0,2.0,3.0,0.0,0.0,1.0,3.0,SPRF-ES,DEL01-ES,UOP01-DEL01-ES,1,grave
2025-11-12,18:50,2025-11-12 18:50:00,2025.0,11.0,quarta,18.0,noite,ES,SERRA,True,101.0,BR-101,271.2,-20.23103408,-40.27947217,Demais falhas mecânicas ou elétricas,Incêndio,Sem Vítimas,Plena Noite,Decrescente,Céu Claro,Múltipla,Retorno Regulamentado,Sim,0.0,0.0,0.0,0.0,1.0,0.0,1.0,1.0,SPRF-ES,DEL02-ES,UOP01-DEL02-ES,0,baixo
2025-11-14,07:57,2025-11-14 07:57:00,2025.0,11.0,sexta,7.0,manha,ES,SERRA,True,101.0,BR-101,263.9,-20.17284167,-40.26738333,Condutor deixou de manter distância do veículo da frente,Colisão traseira,Com Vítimas Feridas,Pleno dia,Crescente,Sol,Múltipla,Reta,Não,0.0,1.0,1.0,2.0,0.0,0.0,2.0,2.0,SPRF-ES,DEL02-ES,UOP01-DEL02-ES,1,grave
2025-11-14,15:13,2025-11-14 15:13:00,2025.0,11.0,sexta,15.0,tarde,ES,SERRA,True,101.0,BR-101,246.1,-20.06466,-40.37609,Demais falhas mecânicas ou elétricas,Colisão com objeto,Com Vítimas Feridas,Pleno dia,Crescente,Céu Claro,Dupla,Reta;Em Obras;Declive,Não,0.0,0.0,1.0,1.0,2.0,0.0,2.0,3.0,SPRF-ES,DEL02-ES,UOP01-DEL02-ES,0,moderado
2025-11-15,00:20,2025-11-15 00:20:00,2025.0,11.0,sabado,0.0,madrugada,ES,SERRA,True,101.0,BR-101,260.8,-20.14740833,-40.28014833,Acesso irregular,Tombamento,Com Vítimas Feridas,Plena Noite,Crescente,Céu Claro,Dupla,Curva,Sim,0.0,0.0,1.0,1.0,0.0,1.0,1.0,2.0,SPRF-ES,DEL02-ES,UOP01-DEL02-ES,0,moderado
2025-11-15,08:30,2025-11-15 08:30:00,2025.0,11.0,sabado,8.0,manha,ES,VIANA,True,101.0,BR-101,304.0,-20.3811397,-40.4567558,Ausência de reação do condutor,Colisão traseira,Com Vítimas Feridas,Pleno dia,Crescente,Sol,Dupla,Reta,Sim,0.0,0.0,1.0,1.0,1.0,0.0,2.0,2.0,SPRF-ES,DEL01-ES,UOP01-DEL01-ES,0,moderado
2025-11-15,09:20,2025-11-15 09:20:00,2025.0,11.0,sabado,9.0,manha,ES,CARIACICA,True,101.0,BR-101,284.0,-20.2483959,-40.3707993,Ausência de reação do condutor,Queda de ocupante de veículo,Com Vítimas Feridas,Pleno dia,Crescente,Céu Claro,Dupla,Reta,Não,0.0,0.0,2.0,2.0,0.0,0.0,1.0,2.0,SPRF-ES,DEL01-ES,UOP01-DEL01-ES,0,moderado
2025-11-15,09:50,2025-11-15 09:50:00,2025.0,11.0,sabado,9.0,manha,ES,VIANA,True,101.0,BR-101,299.8,-20.3574457,-40.42419434,Acessar a via sem observar a presença dos outros veículos,Colisão frontal,Com Vítimas Feridas,Pleno dia,Crescente,Sol,Dupla,Retorno Regulamentado,Sim,0.0,0.0,1.0,1.0,1.0,0.0,2.0,2.0,SPRF-ES,DEL01-ES,UOP01-DEL01-ES,0,moderado
2025-11-15,14:50,2025-11-15 14:50:00,2025.0,11.0,sabado,14.0,tarde,ES,GUARAPARI,True,101.0,BR-101,343.0,-20.663552,-40.594615,Ausência de reação do condutor,Colisão com objeto,Com Vítimas Feridas,Pleno dia,Crescente,Nublado,Dupla,Curva,Não,0.0,0.0,1.0,1.0,2.0,0.0,2.0,3.0,SPRF-ES,DEL03-ES,UOP01-DEL03-ES,0,moderado
2025-11-16,00:15,2025-11-16 00:15:00,2025.0,11.0,domingo,0.0,madrugada,ES,SERRA,True,101.0,BR-101,267.0,-20.22124525,-40.27041574,Acessar a via sem observar a presença dos outros veículos,Colisão traseira,Com Vítimas Feridas,Plena Noite,Crescente,Céu Claro,Dupla,Reta,Sim,0.0,0.0,1.0,1.0,0.0,1.0,2.0,2.0,SPRF-ES,DEL02-ES,UOP01-DEL02-ES,0,moderado
2025-11-17,09:23,2025-11-17 09:23:00,2025.0,11.0,segunda,9.0,manha,ES,SERRA,True,101.0,BR-101,256.0,-20.12233268,-40.30568361,Acessar a via sem observar a presença dos outros veículos,Atropelamento de Pedestre,Com Vítimas Feridas,Pleno dia,Crescente,Nublado,Simples,Reta,Não,0.0,0.0,1.0,1.0,1.0,0.0,2.0,2.0,SPRF-ES,DEL02-ES,UOP01-DEL02-ES,0,moderado
2025-11-17,10:10,2025-11-17 10:10:00,2025.0,11.0,segunda,10.0,manha,ES,CARIACICA,True,101.0,BR-101,290.0,-20.29184775,-40.39198017,Condutor deixou de manter distância do veículo da frente,Colisão traseira,Com Vítimas Feridas,Pleno dia,Decrescente,Nublado,Dupla,Reta,Não,0.0,2.0,0.0,2.0,1.0,0.0,2.0,3.0,SPRF-ES,DEL01-ES,UOP01-DEL01-ES,1,grave