data,hora,data_hora,ano,mes,dia_semana,hora_dia,periodo_dia,uf,municipio,regiao_grande_vitoria,rodovia,rodovia_label,km,latitude,longitude,causa,tipo_acidente,classificacao,fase_dia,sentido_via,condicao_metereologica,tipo_pista,tracado_via,uso_solo,mortos,feridos_graves,feridos_leves,feridos,ilesos,ignorados,veiculos,pessoas,regional,delegacia,uop,risco_alto,nivel_risco
2025-11-17,12:53,2025-11-17 12:53:00,2025.0,11.0,segunda,12.0,tarde,ES,SERRA,True,101.0,BR-101,265.0,-20.182903,-40.266,Manobra de mudança de faixa,Colisão lateral mesmo sentido,Com Vítimas Feridas,Pleno dia,Decrescente,Nublado,Múltipla,Reta,Sim,0.0,0.0,1.0,1.0,1.0,0.0,2.0,2.0,SPRF-ES,DEL02-ES,UOP01-DEL02-ES,0,moderado
2025-11-17,15:00,2025-11-17 15:00:00,2025.0,11.0,segunda,15.0,tarde,ES,SERRA,True,101.0,BR-101,277.0,-20.2169,-40.328888,Reação tardia ou ineficiente do condutor,Colisão com objeto,Com Vítimas Feridas,Pleno dia,Decrescente,Céu Claro,Dupla,Reta,Não,0.0,0.0,1.0,1.0,0.0,1.0,1.0,2.0,SPRF-ES,DEL02-ES,UOP01-DEL02-ES,0,moderado
2025-11-17,18:01,2025-11-17 18:01:00,2025.0,11.0,segunda,18.0,noite,ES,SERRA,True,101.0,BR-101,247.0,-20.0682195,-40.37198067,Demais falhas mecânicas ou elétricas,Tombamento,Com Vítimas Feridas,Pleno dia,Decrescente,Céu Claro,Simples,Reta,Não,0.0,0.0,2.0,2.0,0.0,0.0,1.0,2.0,SPRF-ES,DEL02-ES,UOP01-DEL02-ES,0,moderado
2025-11-19,09:15,2025-11-19 09:15:00,2025.0,11.0,quarta,9.0,manha,ES,VIANA,True,101.0,BR-101,299.8,-20.3573382,-40.4299421,Ausência de reação do condutor,Colisão lateral sentido oposto,Com Vítimas Feridas,Pleno dia,Crescente,Céu Claro,Simples,Reta,Sim,0.0,0.0,2.0,2.0,1.0,0.0,2.0,3.0,SPRF-ES,DEL01-ES,UOP01-DEL01-ES,0,moderado
2025-11-20,07:15,2025-11-20 07:15:00,2025.0,11.0,quinta,7.0,manha,ES,SERRA,True,101.0,BR-101,276.0,-20.0488699,-40.3866955,Reação tardia ou ineficiente do condutor,Colisão com objeto,Com Vítimas Feridas,Pleno dia,Crescente,Céu Claro,Dupla,Reta,Não,0.0,0.0,1.0,1.0,0.0,0.0,1.0,1.0,SPRF-ES,DEL02-ES,UOP01-DEL02-ES,0,moderado
2025-11-20,14:45,2025-11-20 14:45:00,2025.0,11.0,quinta,14.0,tarde,ES,FUNDAO,True,101.0,BR-101,235.8,-19.9821246,-40.4131256,Reação tardia ou ineficiente do condutor,Saída de leito carroçável,Com Vítimas Feridas,Pleno dia,Crescente,Sol,Simples,Curva,Não,0.0,1.0,0.0,1.0,0.0,0.0,1.0,1.0,SPRF-ES,DEL02-ES,UOP01-DEL02-ES,1,grave
2025-11-20,18:50,2025-11-20 18:50:00,2025.0,11.0,quinta,18.0,noite,ES,SERRA,True,101.0,BR-101,5.0,-20.09557398,-40.35487314,Reação tardia ou ineficiente do condutor,Colisão com objeto,Com Vítimas Feridas,Plena Noite,Crescente,Céu Claro,Dupla,Reta,Não,0.0,0.0,1.0,1.0,0.0,0.0,1.0,1.0,SPRF-ES,DEL04-ES,UOP02-DEL04-ES,0,moderado
2025-11-20,21:35,2025-11-20 21:35:00,2025.0,11.0,quinta,21.0,noite,ES,SERRA,True,101.0,BR-101,245.0,-20.04007795,-40.39273658,Reação tardia ou ineficiente do condutor,Queda de ocupante de veículo,Com Vítimas Feridas,Plena Noite,Crescente,Nublado,Simples,Declive,Não,0.0,0.0,1.0,1.0,0.0,0.0,1.0,1.0,SPRF-ES,DEL02-ES,UOP01-DEL02-ES,0,moderado
2025-11-21,06:45,2025-11-21 06:45:00,2025.0,11.0,sexta,6.0,manha,ES,CARIACICA,True,101.0,BR-101,296.0,-20.34336949,-40.40617252,Manobra de mudança de faixa,Colisão lateral mesmo sentido,Com Vítimas Feridas,Pleno dia,Crescente,Céu Claro,Dupla,Curva;Viaduto,Sim,0.0,1.0,0.0,1.0,1.0,0.0,2.0,2.0,SPRF-ES,DEL01-ES,UOP01-DEL01-ES,1,grave
2025-11-21,05:50,2025-11-21 05:50:00,2025.0,11.0,sexta,5.0,madrugada,ES,CARIACICA,True,101.0,BR-101,293.0,-20.31615636,-40.39581656,Avarias e/ou desgaste excessivo no pneu,Tombamento,Com Vítimas Feridas,Amanhecer,Decrescente,Céu Claro,Múltipla,Reta,Sim,0.0,0.0,2.0,2.0,0.0,0.0,1.0,2.0,SPRF-ES,DEL01-ES,UOP01-DEL01-ES,0,moderado
2025-11-21,12:52,2025-11-21 12:52:00,2025.0,11.0,sexta,12.0,tarde,ES,VIANA,True,262.0,BR-262,16.0,-20.3840281,-40.46566582,Acessar a via sem observar a presença dos outros veículos,Colisão lateral mesmo sentido,Com Vítimas Feridas,Pleno dia,Crescente,Céu Claro,Simples,Reta,Sim,0.0,1.0,1.0,2.0,1.0,0.0,2.0,3.0,SPRF-ES,DEL01-ES,UOP01-DEL01-ES,1,grave
2025-11-21,21:00,2025-11-21 21:00:00,2025.0,11.0,sexta,21.0,noite,ES,SERRA,True,101.0,BR-101,263.9,-20.17303671,-40.26733875,Condutor desrespeitou a iluminação vermelha do semáforo,Atropelamento de Pedestre,Com Vítimas Feridas,Plena Noite,Decrescente,Nublado,Dupla,Interseção de Vias;Reta,Sim,0.0,0.0,1.0,1.0,0.0,1.0,2.0,2.0,SPRF-ES,DEL02-ES,UOP01-DEL02-ES,0,moderado
2025-11-21,21:50,2025-11-21 21:50:00,2025.0,11.0,sexta,21.0,noite,ES,SERRA,True,101.0,BR-101,267.9,-20.207961,-40.269408,Reação tardia ou ineficiente do condutor,Colisão traseira,Com Vítimas Feridas,Plena Noite,Crescente,Céu Claro,Múltipla,Reta,Sim,0.0,0.0,2.0,2.0,1.0,0.0,2.0,3.0,SPRF-ES,DEL02-ES,UOP01-DEL02-ES,0,moderado
2025-11-22,08:10,2025-11-22 08:10:00,2025.0,11.0,sabado,8.0,manha,ES,SERRA,True,101.0,BR-101,271.0,-20.22986,-40.28137,Semáforo com defeito,Colisão traseira,Com Vítimas Feridas,Pleno dia,Crescente,Céu Claro,Dupla,Reta;Interseção de Vias,Sim,0.0,0.0,1.0,1.0,2.0,0.0,2.0,3.0,SPRF-ES,DEL02-ES,UOP01-DEL02-ES,0,moderado
2025-11-23,01:05,2025-11-23 01:05:00,2025.0,11.0,domingo,1.0,madrugada,ES,CARIACICA,True,101.0,BR-101,293.7,-20.32144249,-40.39581506,Condutor Dormindo,Colisão com objeto,Com Vítimas Feridas,Plena Noite,Crescente,Céu Claro,Múltipla,Reta,Não,0.0,0.0,1.0,1.0,0.0,0.0,1.0,1.0,SPRF-ES,DEL01-ES,UOP01-DEL01-ES,0,moderado
2025-11-23,15:50,2025-11-23 15:50:00,2025.0,11.0,domingo,15.0,tarde,ES,SERRA,True,101.0,BR-101,281.4,-20.22416662,-40.36014805,Reação tardia ou ineficiente do condutor,Colisão traseira,Com Vítimas Feridas,Pleno dia,Decrescente,Nublado,Dupla,Reta,Não,0.0,0.0,1.0,1.0,2.0,0.0,3.0,3.0,SPRF-ES,DEL02-ES,UOP01-DEL02-ES,0,moderado
2025-11-23,18:50,2025-11-23 18:50:00,2025.0,11.0,domingo,18.0,noite,ES,SERRA,True,101.0,BR-101,262.0,-20.12313859,-40.30983926,Condutor deixou de manter distância do veículo da frente,Colisão traseira,Com Vítimas Feridas,Plena Noite,Crescente,Céu Claro,Dupla,Reta,Sim,0.0,2.0,0.0,2.0,3.0,0.0,2.0,5.0,SPRF-ES,DEL02-ES,UOP01-DEL02-ES,1,grave
2025-11-24,06:25,2025-11-24 06:25:00,2025.0,11.0,segunda,6.0,manha,ES,SERRA,True,101.0,BR-101,245.5,-20.0488473,-40.3867012,Ultrapassagem Indevida,Colisão lateral mesmo sentido,Sem Vítimas,Amanhecer,Crescente,Nublado,Simples,Reta,Não,0.0,0.0,0.0,0.0,2.0,0.0,2.0,2.0,SPRF-ES,DEL02-ES,UOP01-DEL02-ES,0,baixo
2025-11-24,06:40,2025-11-24 06:40:00,2025.0,11.0,segunda,6.0,manha,ES,CARIACICA,True,101.0,BR-101,288.5,-20.27485826,-40.39220095,Reação tardia ou ineficiente do condutor,Colisão lateral mesmo sentido,Com Vítimas Feridas,Pleno dia,Decrescente,Nublado,Dupla,Reta,Sim,0.0,0.0,1.0,1.0,2.0,0.0,2.0,3.0,SPRF-ES,DEL01-ES,UOP01-DEL01-ES,0,moderado
2025-11-04,07:50,2025-11-04 07:50:00,2025.0,11.0,terca,7.0,manha,ES,SERRA,True,101.0,BR-101,270.5,-20.22896003,-40.27210611,Trafegar com motocicleta (ou similar) entre as faixas,Colisão lateral mesmo sentido,Com Vítimas Feridas,Pleno dia,Crescente,Céu Claro,Múltipla,Reta,Sim,0.0,0.0,1.0,1.0,0.0,1.0,2.0,2.0,SPRF-ES,DEL02-ES,UOP01-DEL02-ES,0,moderado
2025-11-24,21:40,2025-11-24 21:40:00,2025.0,11.0,segunda,21.0,noite,ES,CARIACICA,True,101.0,BR-101,294.0,-20.32446078,-40.39551465,Velocidade Incompatível,Colisão com objeto,Com Vítimas Feridas,Plena Noite,Crescente,Chuva,Múltipla,Curva;Declive,Não,0.0,1.0,0.0,1.0,0.0,0.0,1.0,1.0,SPRF-ES,DEL01-ES,UOP01-DEL01-ES,1,grave
2025-11-25,15:10,2025-11-25 15:10:00,2025.0,11.0,terca,15.0,tarde,ES,CARIACICA,True,101.0,BR-101,288.9,-20.27910928,-40.39280987,Desrespeitar a preferência no cruzamento,Colisão transversal,Com Vítimas Feridas,Pleno dia,Decrescente,Nublado,Dupla,Reta;Retorno Regulamentado,Sim,0.0,0.0,1.0,1.0,1.0,0.0,2.0,2.0,SPRF-ES,DEL01-ES,UOP01-DEL01-ES,0,moderado
2025-11-25,18:30,2025-11-25 18:30:00,2025.0,11.0,terca,18.0,noite,ES,SERRA,True,101.0,BR-101,269.0,-20.21990742,-40.27025521,Pedestre cruzava a pista fora da faixa,Atropelamento de Pedestre,Com Vítimas Feridas,Plena Noite,Crescente,Chuva,Múltipla,Reta,Sim,0.0,0.0,2.0,2.0,0.0,0.0,2.0,2.0,SPRF-ES,DEL02-ES,UOP01-DEL02-ES,0,moderado
2025-11-26,06:40,2025-11-26 06:40:00,2025.0,11.0,quarta,6.0,manha,ES,SERRA,True,101.0,BR-101,278.6,-20.21775875,-40.3343353,Trafegar com motocicleta (ou similar) entre as faixas,Colisão transversal,Com Vítimas Feridas,Pleno dia,Decrescente,Sol,Simples,Reta;Aclive,Não,0.0,1.0,0.0,1.0,1.0,0.0,2.0,2.0,SPRF-ES,DEL02-ES,UOP01-DEL02-ES,1,grave
2025-11-27,01:30,2025-11-27 01:30:00,2025.0,11.0,quinta,1.0,madrugada,ES,SERRA,True,101.0,BR-101,269.9,-20.223609,-40.270345,Retorno proibido,Colisão transversal,Com Vítimas Feridas,Plena Noite,Decrescente,Céu Claro,Múltipla,Reta,Sim,0.0,0.0,2.0,2.0,1.0,0.0,2.0,3.0,SPRF-ES,DEL02-ES,UOP01-DEL02-ES,0,moderado
2025-11-28,07:57,2025-11-28 07:57:00,2025.0,11.0,sexta,7.0,manha,ES,CARIACICA,True,101.0,BR-101,289.1,-20.27909698,-40.39274502,Acessar a via sem observar a presença dos outros veículos,Colisão transversal,Com Vítimas Feridas,Pleno dia,Decrescente,Céu Claro,Dupla,Retorno Regulamentado,Não,0.0,1.0,0.0,1.0,1.0,0.0,2.0,2.0,SPRF-ES,DEL01-ES,UOP01-DEL01-ES,1,grave
2025-11-28,11:45,2025-11-28 11:45:00,2025.0,11.0,sexta,11.0,manha,ES,VIANA,True,101.0,BR-101,300.1,-20.3585693,-40.43207693,Transitar no Acostamento,Colisão lateral sentido oposto,Com Vítimas Feridas,Pleno dia,Decrescente,Céu Claro,Dupla,Reta,Sim,0.0,0.0,1.0,1.0,1.0,1.0,3.0,3.0,SPRF-ES,DEL01-ES,UOP01-DEL01-ES,0,moderado
2025-11-12,12:00,2025-11-12 12:00:00,2025.0,11.0,quarta,12.0,tarde,ES,SERRA,True,101.0,BR-101,268.0,-20.208733,-40.269764,Reação tardia ou ineficiente do condutor,Colisão traseira,Com Vítimas Feridas,Pleno dia,Crescente,Céu Claro,Dupla,Reta,Sim,0.0,0.0,1.0,1.0,1.0,0.0,2.0,2.0,SPRF-ES,DEL02-ES,UOP01-DEL02-ES,0,moderado
2025-11-28,18:29,2025-11-28 18:29:00,2025.0,11.0,sexta,18.0,noite,ES,CARIACICA,True,101.0,BR-101,284.1,-20.243704,-40.369835,Trafegar com motocicleta (ou similar) entre as faixas,Colisão lateral mesmo sentido,Com Vítimas Feridas,Plena Noite,Crescente,Céu Claro,Dupla,Reta,Não,0.0,1.0,0.0,1.0,1.0,0.0,2.0,2.0,SPRF-ES,DEL01-ES,UOP01-DEL01-ES,1,grave
2025-11-29,01:15,2025-11-29 01:15:00,2025.0,11.0,sabado,1.0,madrugada,ES,SERRA,True,101.0,BR-101,266.0,-20.195,-40.269,Condutor Dormindo,Colisão com objeto,Com Vítimas Feridas,Plena Noite,Crescente,Céu Claro,Dupla,Reta,Não,0.0,0.0,1.0,1.0,0.0,0.0,1.0,1.0,SPRF-ES,DEL02-ES,UOP01-DEL02-ES,0,moderado
2025-11-29,10:00,2025-11-29 10:00:00,2025.0,11.0,sabado,10.0,manha,ES,SERRA,True,101.0,BR-101,268.0,-20.215477,-40.26965,Avarias e/ou desgaste excessivo no pneu,Tombamento,Com Vítimas Feridas,Pleno dia,Crescente,Céu Claro,Múltipla,Reta,Sim,0.0,0.0,2.0,2.0,0.0,0.0,1.0,2.0,SPRF-ES,DEL02-ES,UOP01-DEL02-ES,0,moderado
2025-11-29,12:40,2025-11-29 12:40:00,2025.0,11.0,sabado,12.0,tarde,ES,SERRA,True,101.0,BR-101,241.0,-20.03502428,-40.39516926,Frear bruscamente,Colisão com objeto,Com Vítimas Feridas,Pleno dia,Crescente,Céu Claro,Simples,Reta,Não,0.0,0.0,1.0,1.0,1.0,0.0,1.0,2.0,SPRF-ES,DEL02-ES,UOP01-DEL02-ES,0,moderado
2025-11-29,12:00,2025-11-29 12:00:00,2025.0,11.0,sabado,12.0,tarde,ES,SERRA,True,101.0,BR-101,264.5,-20.17856647,-40.26523501,Condutor desrespeitou a iluminação vermelha do semáforo,Colisão transversal,Com Vítimas Feridas,Pleno dia,Decrescente,Céu Claro,Múltipla,Interseção de Vias,Sim,0.0,0.0,1.0,1.0,1.0,1.0,2.0,3.0,SPRF-ES,DEL02-ES,UOP01-DEL02-ES,0,moderado
2025-11-29,18:30,2025-11-29 18:30:00,2025.0,11.0,sabado,18.0,noite,ES,GUARAPARI,True,101.0,BR-101,338.9,-20.643601,-40.557605,Reação tardia ou ineficiente do condutor,Tombamento,Com Vítimas Feridas,Plena Noite,Crescente,Céu Claro,Dupla,Curva,Não,0.0,0.0,1.0,1.0,0.0,0.0,1.0,1.0,SPRF-ES,DEL03-ES,UOP01-DEL03-ES,0,moderado
2025-11-30,00:56,2025-11-30 00:56:00,2025.0,11.0,domingo,0.0,madrugada,ES,VIANA,True,262.0,BR-262,25.0,-20.37982037,-40.53944048,Ausência de reação do condutor,Colisão com objeto,Sem Vítimas,Plena Noite,Decrescente,Nublado,Simples,Reta,Não,0.0,0.0,0.0,0.0,0.0,1.0,1.0,1.0,SPRF-ES,DEL01-ES,UOP01-DEL01-ES,0,baixo
2025-11-30,14:30,2025-11-30 14:30:00,2025.0,11.0,domingo,14.0,tarde,ES,VIANA,True,101.0,BR-101,301.9,-20.36915421,-40.44419241,Transitar na contramão,Colisão transversal,Com Vítimas Feridas,Pleno dia,Crescente,Céu Claro,Dupla,Interseção de Vias;Viaduto;Retorno Regulamentado,Sim,0.0,0.0,1.0,1.0,1.0,0.0,2.0,2.0,SPRF-ES,DEL01-ES,UOP01-DEL01-ES,0,moderado
2025-11-30,16:20,2025-11-30 16:20:00,2025.0,11.0,domingo,16.0,tarde,ES,VIANA,True,101.0,BR-101,304.0,-20.38281969,-40.45924783,Ausência de reação do condutor,Colisão traseira,Com Vítimas Feridas,Pleno dia,Decrescente,Céu Claro,Dupla,Reta,Não,0.0,0.0,1.0,1.0,2.0,0.0,3.0,3.0,SPRF-ES,DEL01-ES,UOP01-DEL01-ES,0,moderado
2025-11-30,19:31,2025-11-30 19:31:00,2025.0,11.0,domingo,19.0,noite,ES,SERRA,True,101.0,BR-101,268.8,-20.22178,-40.27003,Condutor desrespeitou a iluminação vermelha do semáforo,Colisão transversal,Com Vítimas Feridas,Plena Noite,Decrescente,Céu Claro,Dupla,Interseção de Vias;Reta,Sim,0.0,0.0,1.0,1.0,0.0,2.0,2.0,3.0,SPRF-ES,DEL02-ES,UOP01-DEL02-ES,0,moderado
2025-12-01,06:40,2025-12-01 06:40:00,2025.0,12.0,segunda,6.0,manha,ES,VIANA,True,101.0,BR-101,297.0,-20.34947557,-40.41257501,Animais na Pista,Tombamento,Com Vítimas Feridas,Pleno dia,Crescente,Céu Claro,Múltipla,Reta,Sim,0.0,0.0,1.0,1.0,1.0,0.0,1.0,2.0,SPRF-ES,DEL01-ES,UOP01-DEL01-ES,0,moderado
2025-12-01,09:20,2025-12-01 09:20:00,2025.0,12.0,segunda,9.0,manha,ES,SERRA,True,101.0,BR-101,268.5,-20.212882,-40.269644,Manobra de mudança de faixa,Colisão lateral mesmo sentido,Com Vítimas Feridas,Pleno dia,Decrescente,Sol,Dupla,Reta,Sim,0.0,0.0,1.0,1.0,1.0,0.0,2.0,2.0,SPRF-ES,DEL02-ES,UOP01-DEL02-ES,0,moderado
2025-12-01,18:50,2025-12-01 18:50:00,2025.0,12.0,segunda,18.0,noite,ES,CARIACICA,True,101.0,BR-101,296.0,-20.340234,-40.40419579,Trafegar com motocicleta (ou similar) entre as faixas,Colisão traseira,Com Vítimas Feridas,Plena Noite,Decrescente,Céu Claro,Múltipla,Interseção de Vias,Sim,0.0,0.0,1.0,1.0,1.0,0.0,2.0,2.0,SPRF-ES,DEL01-ES,UOP01-DEL01-ES,0,moderado
2025-12-02,12:00,2025-12-02 12:00:00,2025.0,12.0,terca,12.0,tarde,ES,CARIACICA,True,101.0,BR-101,289.9,-20.29580478,-40.39365856,Demais falhas na via,Colisão transversal,Com Vítimas Feridas,Pleno dia,Crescente,Céu Claro,Dupla,Reta;Retorno Regulamentado,Não,0.0,0.0,1.0,1.0,0.0,2.0,3.0,3.0,SPRF-ES,DEL01-ES,UOP01-DEL01-ES,0,moderado
2025-12-02,13:00,2025-12-02 13:00:00,2025.0,12.0,terca,13.0,tarde,ES,SERRA,True,101.0,BR-101,260.0,-20.1696543,-40.26997107,Manobra de mudança de faixa,Colisão traseira,Com Vítimas Feridas,Pleno dia,Decrescente,Céu Claro,Dupla,Reta;Aclive,Não,0.0,0.0,1.0,1.0,1.0,0.0,2.0,2.0,SPRF-ES,DEL02-ES,UOP01-DEL02-ES,0,moderado
2025-12-02,18:50,2025-12-02 18:50:00,2025.0,12.0,terca,18.0,noite,ES,SERRA,True,101.0,BR-101,267.1,-20.2013021,-40.2688101,Manobra de mudança de faixa,Colisão lateral mesmo sentido,Com Vítimas Feridas,Plena Noite,Crescente,Céu Claro,Múltipla,Reta,Sim,0.0,1.0,1.0,2.0,1.0,0.0,2.0,3.0,SPRF-ES,DEL02-ES,UOP01-DEL02-ES,1,grave
2025-12-03,09:20,2025-12-03 09:20:00,2025.0,12.0,quarta,9.0,manha,ES,SERRA,True,101.0,BR-101,265.2,-20.1841415,-40.26664853,Transitar na contramão,Colisão frontal,Com Vítimas Feridas,Pleno dia,Decrescente,Céu Claro,Múltipla,Aclive;Reta,Sim,0.0,1.0,0.0,1.0,1.0,0.0,2.0,2.0,SPRF-ES,DEL02-ES,UOP01-DEL02-ES,1,grave
2025-12-03,13:15,2025-12-03 13:15:00,2025.0,12.0,quarta,13.0,tarde,ES,VIANA,True,262.0,BR-262,19.5,-20.39189406,-40.49034834,Ausência de reação do condutor,Colisão traseira,Com Vítimas Feridas,Pleno dia,Decrescente,Nublado,Simples,Reta,Sim,0.0,0.0,1.0,1.0,1.0,0.0,2.0,2.0,SPRF-ES,DEL01-ES,UOP01-DEL01-ES,0,moderado
2025-10-09,18:16,2025-10-09 18:16:00,2025.0,10.0,quinta,18.0,noite,ES,CARIACICA,True,101.0,BR-101,289.1,-20.281178,-40.393028,Reação tardia ou ineficiente do condutor,Queda de ocupante de veículo,Com Vítimas Feridas,Plena Noite,Crescente,Garoa/Chuvisco,Dupla,Declive;Curva,Sim,0.0,0.0,2.0,2.0,0.0,0.0,1.0,2.0,SPRF-ES,DEL01-ES,UOP01-DEL01-ES,0,moderado
2025-12-03,16:30,2025-12-03 16:30:00,2025.0,12.0,quarta,16.0,tarde,ES,VIANA,True,101.0,BR-101,297.9,-20.35170871,-40.41286469,Condutor deixou de manter distância do veículo da frente,Colisão lateral mesmo sentido,Com Vítimas Feridas,Pleno dia,Decrescente,Nublado,Dupla,Reta,Sim,0.0,0.0,1.0,1.0,1.0,0.0,2.0,2.0,SPRF-ES,DEL01-ES,UOP01-DEL01-ES,0,moderado
2025-12-03,19:00,2025-12-03 19:00:00,2025.0,12.0,quarta,19.0,noite,ES,CARIACICA,True,101.0,BR-101,294.0,-20.32960171,-40.39912271,Pista Escorregadia,Tombamento,Com Vítimas Feridas,Plena Noite,Crescente,Chuva,Dupla,Reta,Sim,0.0,0.0,1.0,1.0,0.0,0.0,1.0,1.0,SPRF-ES,DEL01-ES,UOP01-DEL01-ES,0,moderado
2025-12-04,06:10,2025-12-04 06:10:00,2025.0,12.0,quinta,6.0,manha,ES,SERRA,True,101.0,BR-101,270.5,-20.2212404,-40.27022158,Reação tardia ou ineficiente do condutor,Tombamento,Com Vítimas Feridas,Pleno dia,Crescente,Céu Claro,Múltipla,Reta,Não,0.0,0.0,1.0,1.0,0.0,0.0,1.0,1.0,SPRF-ES,DEL02-ES,UOP01-DEL02-ES,0,moderado
2025-12-05,08:30,2025-12-05 08:30:00,2025.0,12.0,sexta,8.0,manha,ES,CARIACICA,True,101.0,BR-101,290.0,-20.29561359,-40.3936014,Manobra de mudança de faixa,Colisão lateral mesmo sentido,Com Vítimas Feridas,Pleno dia,Decrescente,Céu Claro,Dupla,Reta,Sim,0.0,0.0,1.0,1.0,0.0,1.0,2.0,2.0,SPRF-ES,DEL01-ES,UOP01-DEL01-ES,0,moderado
2025-12-05,16:26,2025-12-05 16:26:00,2025.0,12.0,sexta,16.0,tarde,ES,SERRA,True,101.0,BR-101,270.0,-20.2179094,-40.35273671,Entrada inopinada do pedestre,Atropelamento de Pedestre,Com Vítimas Feridas,Pleno dia,Crescente,Céu Claro,Dupla,Reta,Não,0.0,0.0,1.0,1.0,1.0,0.0,2.0,2.0,SPRF-ES,DEL02-ES,UOP01-DEL02-ES,0,moderado
2025-12-06,11:40,2025-12-06 11:40:00,2025.0,12.0,sabado,11.0,manha,ES,VIANA,True,101.0,BR-101,298.4,-20.35572412,-40.41733788,Ausência de reação do condutor,Tombamento,Com Vítimas Feridas,Pleno dia,Decrescente,Céu Claro,Múltipla,Reta,Sim,0.0,0.0,1.0,1.0,0.0,0.0,1.0,1.0,SPRF-ES,DEL01-ES,UOP01-DEL01-ES,0,moderado
2025-12-08,07:40,2025-12-08 07:40:00,2025.0,12.0,segunda,7.0,manha,ES,CARIACICA,True,101.0,BR-101,289.7,-20.28418637,-40.39286321,Manobra de mudança de faixa,Colisão traseira,Com Vítimas Feridas,Pleno dia,Crescente,Céu Claro,Dupla,Reta;Aclive,Não,0.0,0.0,1.0,1.0,1.0,0.0,2.0,2.0,SPRF-ES,DEL01-ES,UOP01-DEL01-ES,0,moderado
2025-12-08,09:40,2025-12-08 09:40:00,2025.0,12.0,segunda,9.0,manha,ES,SERRA,True,101.0,BR-101,7.6,-20.12142,-40.34232,Condutor Dormindo,Colisão com objeto,Com Vítimas Feridas,Pleno dia,Crescente,Céu Claro,Dupla,Reta,Não,0.0,1.0,0.0,1.0,1.0,0.0,1.0,2.0,SPRF-ES,DEL02-ES,UOP01-DEL02-ES,1,grave
2025-12-08,11:10,2025-12-08 11:10:00,2025.0,12.0,segunda,11.0,manha,ES,SERRA,True,101.0,BR-101,269.0,-20.22393,-40.27055,Manobra de mudança de faixa,Colisão lateral mesmo sentido,Com Vítimas Feridas,Pleno dia,Crescente,Céu Claro,Dupla,Reta,Sim,0.0,1.0,0.0,1.0,1.0,1.0,3.0,3.0,SPRF-ES,DEL02-ES,UOP01-DEL02-ES,1,grave
2025-12-08,11:00,2025-12-08 11:00:00,2025.0,12.0,segunda,11.0,manha,ES,CARIACICA,True,101.0,BR-101,290.5,-20.29504551,-40.39338112,Manobra de mudança de faixa,Colisão transversal,Com Vítimas Feridas,Pleno dia,Decrescente,Céu Claro,Dupla,Retorno Regulamentado,Não,0.0,0.0,1.0,1.0,1.0,2.0,3.0,4.0,SPRF-ES,DEL01-ES,UOP01-DEL01-ES,0,moderado
2025-12-10,06:40,2025-12-10 06:40:00,2025.0,12.0,quarta,6.0,manha,ES,GUARAPARI,True,101.0,BR-101,332.3,-20.61234008,-40.51075459,Velocidade Incompatível,Colisão com objeto,Com Vítimas Feridas,Pleno dia,Crescente,Chuva,Dupla,Curva,Não,0.0,0.0,1.0,1.0,0.0,0.0,1.0,1.0,SPRF-ES,DEL03-ES,UOP01-DEL03-ES,0,moderado
2025-12-10,07:30,2025-12-10 07:30:00,2025.0,12.0,quarta,7.0,manha,ES,SERRA,True,101.0,BR-101,265.0,-20.18999587,-40.26842147,Ausência de reação do condutor,Queda de ocupante de veículo,Com Vítimas Feridas,Pleno dia,Crescente,Nublado,Múltipla,Interseção de Vias,Sim,0.0,0.0,1.0,1.0,0.0,0.0,1.0,1.0,SPRF-ES,DEL02-ES,UOP01-DEL02-ES,0,moderado
2025-12-11,07:30,2025-12-11 07:30:00,2025.0,12.0,quinta,7.0,manha,ES,SERRA,True,101.0,BR-101,256.0,-20.11769523,-40.31380177,Acessar a via sem observar a presença dos outros veículos,Colisão lateral mesmo sentido,Com Vítimas Feridas,Pleno dia,Crescente,Céu Claro,Simples,Reta,Sim,0.0,0.0,1.0,1.0,1.0,0.0,2.0,2.0,SPRF-ES,DEL02-ES,UOP01-DEL02-ES,0,moderado