data,hora,data_hora,ano,mes,dia_semana,hora_dia,periodo_dia,uf,municipio,regiao_grande_vitoria,rodovia,rodovia_label,km,latitude,longitude,causa,tipo_acidente,classificacao,fase_dia,sentido_via,condicao_metereologica,tipo_pista,tracado_via,uso_solo,mortos,feridos_graves,feridos_leves,feridos,ilesos,ignorados,veiculos,pessoas,regional,delegacia,uop,risco_alto,nivel_risco
2025-12-12,16:27,2025-12-12 16:27:00,2025.0,12.0,sexta,16.0,tarde,ES,VIANA,True,262.0,BR-262,16.5,-20.384519,-40.468403,Condutor deixou de manter distância do veículo da frente,Colisão traseira,Com Vítimas Feridas,Pleno dia,Crescente,Nublado,Simples,Reta,Não,0.0,0.0,1.0,1.0,1.0,0.0,2.0,2.0,SPRF-ES,DEL01-ES,UOP01-DEL01-ES,0,moderado
2025-12-12,21:50,2025-12-12 21:50:00,2025.0,12.0,sexta,21.0,noite,ES,CARIACICA,True,101.0,BR-101,284.3,-20.24466117,-40.36977164,Avarias e/ou desgaste excessivo no pneu,Queda de ocupante de veículo,Com Vítimas Feridas,Plena Noite,Decrescente,Céu Claro,Dupla,Curva;Declive,Não,0.0,0.0,2.0,2.0,0.0,0.0,1.0,2.0,SPRF-ES,DEL01-ES,UOP01-DEL01-ES,0,moderado
2025-12-13,14:10,2025-12-13 14:10:00,2025.0,12.0,sabado,14.0,tarde,ES,CARIACICA,True,101.0,BR-101,292.0,-20.3063,-40.394986,Acessar a via sem observar a presença dos outros veículos,Colisão transversal,Com Vítimas Feridas,Pleno dia,Decrescente,Nublado,Dupla,Retorno Regulamentado;Reta,Sim,0.0,0.0,2.0,2.0,3.0,0.0,3.0,5.0,SPRF-ES,DEL01-ES,UOP01-DEL01-ES,0,moderado
2025-12-14,22:20,2025-12-14 22:20:00,2025.0,12.0,domingo,22.0,noite,ES,VIANA,True,101.0,BR-101,299.2,-20.35754384,-40.42772339,Acessar a via sem observar a presença dos outros veículos,Tombamento,Com Vítimas Feridas,Plena Noite,Crescente,Nublado,Múltipla,Reta;Interseção de Vias,Sim,0.0,0.0,1.0,1.0,0.0,0.0,1.0,1.0,SPRF-ES,DEL01-ES,UOP01-DEL01-ES,0,moderado
2025-12-14,23:10,2025-12-14 23:10:00,2025.0,12.0,domingo,23.0,noite,ES,VIANA,True,262.0,BR-262,16.0,-20.38404811,-40.46566056,Acessar a via sem observar a presença dos outros veículos,Colisão transversal,Com Vítimas Feridas,Plena Noite,Crescente,Nublado,Simples,Curva,Não,0.0,0.0,1.0,1.0,1.0,0.0,2.0,2.0,SPRF-ES,DEL01-ES,UOP01-DEL01-ES,0,moderado
2025-12-15,10:40,2025-12-15 10:40:00,2025.0,12.0,segunda,10.0,manha,ES,SERRA,True,101.0,BR-101,3.9,-20.08930678,-40.35939217,Ausência de reação do condutor,Queda de ocupante de veículo,Com Vítimas Feridas,Pleno dia,Crescente,Céu Claro,Dupla,Reta,Não,0.0,0.0,1.0,1.0,0.0,0.0,1.0,1.0,SPRF-ES,DEL02-ES,UOP01-DEL02-ES,0,moderado
2025-12-15,14:45,2025-12-15 14:45:00,2025.0,12.0,segunda,14.0,tarde,ES,SERRA,True,101.0,BR-101,258.0,-20.13229445,-40.29416084,Ausência de reação do condutor,Colisão traseira,Com Vítimas Feridas,Pleno dia,Crescente,Nublado,Dupla,Aclive;Reta,Sim,0.0,1.0,0.0,1.0,0.0,1.0,2.0,2.0,SPRF-ES,DEL02-ES,UOP01-DEL02-ES,1,grave
2025-12-15,19:20,2025-12-15 19:20:00,2025.0,12.0,segunda,19.0,noite,ES,FUNDAO,True,101.0,BR-101,230.3,-19.94189349,-40.40590525,Conversão proibida,Colisão frontal,Com Vítimas Fatais,Plena Noite,Crescente,Céu Claro,Simples,Reta,Não,1.0,1.0,0.0,1.0,2.0,1.0,4.0,5.0,SPRF-ES,DEL02-ES,UOP01-DEL02-ES,1,fatal
2025-12-16,07:15,2025-12-16 07:15:00,2025.0,12.0,terca,7.0,manha,ES,SERRA,True,101.0,BR-101,268.0,-20.20917,-40.2697,Manobra de mudança de faixa,Tombamento,Com Vítimas Feridas,Pleno dia,Crescente,Céu Claro,Dupla,Reta,Sim,0.0,0.0,4.0,4.0,1.0,0.0,3.0,5.0,SPRF-ES,DEL02-ES,UOP01-DEL02-ES,0,moderado
2025-12-16,07:30,2025-12-16 07:30:00,2025.0,12.0,terca,7.0,manha,ES,VILA VELHA,True,447.0,BR-447,15.0,-20.342445,-40.328595,Reação tardia ou ineficiente do condutor,Colisão traseira,Com Vítimas Feridas,Pleno dia,Crescente,Nublado,Dupla,Reta,Sim,0.0,0.0,2.0,2.0,1.0,0.0,2.0,3.0,SPRF-ES,DEL01-ES,UOP01-DEL01-ES,0,moderado
2025-12-16,10:00,2025-12-16 10:00:00,2025.0,12.0,terca,10.0,manha,ES,SERRA,True,101.0,BR-101,258.0,-20.14391,-40.29106,Reação tardia ou ineficiente do condutor,Tombamento,Com Vítimas Feridas,Pleno dia,Decrescente,Nublado,Simples,Aclive;Reta,Sim,0.0,0.0,2.0,2.0,0.0,0.0,1.0,2.0,SPRF-ES,DEL02-ES,UOP01-DEL02-ES,0,moderado
2025-12-16,12:55,2025-12-16 12:55:00,2025.0,12.0,terca,12.0,tarde,ES,VIANA,True,101.0,BR-101,298.0,-20.3587336,-40.42193818,Acessar a via sem observar a presença dos outros veículos,Colisão transversal,Com Vítimas Feridas,Pleno dia,Decrescente,Céu Claro,Dupla,Reta,Não,0.0,0.0,1.0,1.0,2.0,0.0,3.0,3.0,SPRF-ES,DEL01-ES,UOP01-DEL01-ES,0,moderado
2025-12-16,16:20,2025-12-16 16:20:00,2025.0,12.0,terca,16.0,tarde,ES,VIANA,True,101.0,BR-101,298.5,-20.35579272,-40.41825485,Desrespeitar a preferência no cruzamento,Colisão transversal,Com Vítimas Feridas,Pleno dia,Crescente,Céu Claro,Simples,Reta,Sim,0.0,0.0,1.0,1.0,0.0,1.0,2.0,2.0,SPRF-ES,DEL01-ES,UOP01-DEL01-ES,0,moderado
2025-12-17,22:30,2025-12-17 22:30:00,2025.0,12.0,quarta,22.0,noite,ES,SERRA,True,101.0,BR-101,265.0,-20.182323,-40.265775,Ausência de reação do condutor,Colisão traseira,Com Vítimas Feridas,Plena Noite,Crescente,Nublado,Dupla,Reta,Sim,0.0,0.0,1.0,1.0,0.0,1.0,2.0,2.0,SPRF-ES,DEL02-ES,UOP01-DEL02-ES,0,moderado
2025-12-18,12:00,2025-12-18 12:00:00,2025.0,12.0,quinta,12.0,tarde,ES,GUARAPARI,True,101.0,BR-101,320.8,-20.51909,-40.4782,Condutor deixou de manter distância do veículo da frente,Queda de ocupante de veículo,Com Vítimas Feridas,Pleno dia,Crescente,Sol,Múltipla,Reta,Não,0.0,0.0,1.0,1.0,0.0,0.0,1.0,1.0,SPRF-ES,DEL03-ES,UOP01-DEL03-ES,0,moderado
2025-12-18,22:30,2025-12-18 22:30:00,2025.0,12.0,quinta,22.0,noite,ES,SERRA,True,101.0,BR-101,261.0,-20.17060293,-40.26888145,Ausência de reação do condutor,Colisão com objeto,Sem Vítimas,Plena Noite,Decrescente,Céu Claro,Dupla,Reta,Sim,0.0,0.0,0.0,0.0,0.0,1.0,1.0,1.0,SPRF-ES,DEL02-ES,UOP01-DEL02-ES,0,baixo
2025-12-19,13:40,2025-12-19 13:40:00,2025.0,12.0,sexta,13.0,tarde,ES,SERRA,True,101.0,BR-101,1.5,-20.08930678,-40.35913467,Velocidade Incompatível,Colisão com objeto,Com Vítimas Feridas,Pleno dia,Decrescente,Céu Claro,Dupla,Reta,Não,0.0,0.0,2.0,2.0,0.0,0.0,1.0,2.0,SPRF-ES,DEL02-ES,UOP01-DEL02-ES,0,moderado
2025-12-19,17:40,2025-12-19 17:40:00,2025.0,12.0,sexta,17.0,tarde,ES,SERRA,True,101.0,BR-101,268.9,-20.21673791,-40.27009606,Manobra de mudança de faixa,Colisão lateral mesmo sentido,Com Vítimas Feridas,Pleno dia,Decrescente,Nublado,Múltipla,Reta,Sim,0.0,0.0,1.0,1.0,0.0,1.0,2.0,2.0,SPRF-ES,DEL02-ES,UOP01-DEL02-ES,0,moderado
2025-12-19,18:30,2025-12-19 18:30:00,2025.0,12.0,sexta,18.0,noite,ES,CARIACICA,True,101.0,BR-101,294.0,-20.328523,-40.398269,Condutor deixou de manter distância do veículo da frente,Colisão traseira,Com Vítimas Feridas,Plena Noite,Crescente,Céu Claro,Dupla,Reta;Declive,Sim,0.0,0.0,1.0,1.0,1.0,0.0,2.0,2.0,SPRF-ES,DEL01-ES,UOP01-DEL01-ES,0,moderado
2025-12-19,20:12,2025-12-19 20:12:00,2025.0,12.0,sexta,20.0,noite,ES,SERRA,True,101.0,BR-101,255.0,-20.12091896,-40.3083086,Pedestre andava na pista,Atropelamento de Pedestre,Com Vítimas Feridas,Plena Noite,Crescente,Céu Claro,Simples,Reta,Sim,0.0,0.0,1.0,1.0,1.0,0.0,2.0,2.0,SPRF-ES,DEL02-ES,UOP01-DEL02-ES,0,moderado
2025-12-20,09:30,2025-12-20 09:30:00,2025.0,12.0,sabado,9.0,manha,ES,SERRA,True,101.0,BR-101,255.4,-20.11788849,-40.31434232,Pedestre cruzava a pista fora da faixa,Atropelamento de Pedestre,Com Vítimas Feridas,Pleno dia,Decrescente,Nublado,Dupla,Reta,Sim,0.0,0.0,1.0,1.0,1.0,1.0,2.0,3.0,SPRF-ES,DEL02-ES,UOP01-DEL02-ES,0,moderado
2025-12-20,18:00,2025-12-20 18:00:00,2025.0,12.0,sabado,18.0,noite,ES,SERRA,True,101.0,BR-101,257.0,-20.129959,-40.297025,Ausência de reação do condutor,Colisão com objeto,Com Vítimas Feridas,Pleno dia,Crescente,Céu Claro,Dupla,Declive,Não,0.0,1.0,0.0,1.0,0.0,0.0,1.0,1.0,SPRF-ES,DEL02-ES,UOP01-DEL02-ES,1,grave
2025-12-20,23:40,2025-12-20 23:40:00,2025.0,12.0,sabado,23.0,noite,ES,SERRA,True,101.0,BR-101,266.0,-20.19358129,-40.26876729,Reação tardia ou ineficiente do condutor,Tombamento,Sem Vítimas,Plena Noite,Crescente,Nublado,Dupla,Reta,Sim,0.0,0.0,0.0,0.0,0.0,1.0,1.0,1.0,SPRF-ES,DEL02-ES,UOP01-DEL02-ES,0,baixo
2025-12-21,00:05,2025-12-21 00:05:00,2025.0,12.0,domingo,0.0,madrugada,ES,SERRA,True,101.0,BR-101,257.5,-20.12804,-40.29946,Ausência de reação do condutor,Colisão traseira,Com Vítimas Feridas,Pleno dia,Crescente,Céu Claro,Dupla,Retorno Regulamentado;Rotatória;Curva,Sim,0.0,0.0,1.0,1.0,1.0,0.0,2.0,2.0,SPRF-ES,DEL02-ES,UOP01-DEL02-ES,0,moderado
2025-12-21,04:30,2025-12-21 04:30:00,2025.0,12.0,domingo,4.0,madrugada,ES,SERRA,True,101.0,BR-101,267.0,-20.224243,-40.270428,Ausência de reação do condutor,Colisão com objeto,Com Vítimas Fatais,Amanhecer,Crescente,Céu Claro,Dupla,Reta,Sim,1.0,0.0,0.0,0.0,0.0,0.0,1.0,1.0,SPRF-ES,DEL02-ES,UOP01-DEL02-ES,1,fatal
2025-12-21,05:00,2025-12-21 05:00:00,2025.0,12.0,domingo,5.0,madrugada,ES,SERRA,True,101.0,BR-101,239.0,-20.01669,-40.40384,Demais falhas mecânicas ou elétricas,Incêndio,Sem Vítimas,Amanhecer,Crescente,Céu Claro,Simples,Reta,Não,0.0,0.0,0.0,0.0,1.0,0.0,1.0,1.0,SPRF-ES,DEL02-ES,UOP01-DEL02-ES,0,baixo
2025-12-21,15:25,2025-12-21 15:25:00,2025.0,12.0,domingo,15.0,tarde,ES,CARIACICA,True,101.0,BR-101,287.6,-20.27907821,-40.39268301,Acessar a via sem observar a presença dos outros veículos,Colisão transversal,Com Vítimas Feridas,Pleno dia,Decrescente,Céu Claro,Dupla,Retorno Regulamentado;Reta;Aclive,Não,0.0,1.0,3.0,4.0,2.0,0.0,2.0,6.0,SPRF-ES,DEL01-ES,UOP01-DEL01-ES,1,grave
2025-12-21,19:00,2025-12-21 19:00:00,2025.0,12.0,domingo,19.0,noite,ES,SERRA,True,101.0,BR-101,271.0,-20.231946,-40.277744,Acessar a via sem observar a presença dos outros veículos,Colisão traseira,Com Vítimas Feridas,Plena Noite,Crescente,Céu Claro,Múltipla,Viaduto;Reta;Aclive,Sim,0.0,0.0,1.0,1.0,1.0,0.0,2.0,2.0,SPRF-ES,DEL02-ES,UOP01-DEL02-ES,0,moderado
2025-12-22,10:00,2025-12-22 10:00:00,2025.0,12.0,segunda,10.0,manha,ES,SERRA,True,101.0,BR-101,261.0,-20.15442604,-40.27776629,Retorno proibido,Colisão transversal,Com Vítimas Feridas,Pleno dia,Decrescente,Céu Claro,Dupla,Reta;Declive,Sim,0.0,0.0,2.0,2.0,1.0,0.0,2.0,3.0,SPRF-ES,DEL02-ES,UOP01-DEL02-ES,0,moderado
2025-12-22,10:45,2025-12-22 10:45:00,2025.0,12.0,segunda,10.0,manha,ES,SERRA,True,101.0,BR-101,264.0,-20.17292791,-40.26736384,Condutor desrespeitou a iluminação vermelha do semáforo,Colisão transversal,Com Vítimas Feridas,Pleno dia,Crescente,Sol,Múltipla,Retorno Regulamentado,Não,0.0,0.0,1.0,1.0,2.0,0.0,3.0,3.0,SPRF-ES,DEL02-ES,UOP01-DEL02-ES,0,moderado
2025-12-22,18:30,2025-12-22 18:30:00,2025.0,12.0,segunda,18.0,noite,ES,CARIACICA,True,101.0,BR-101,292.8,-20.29633958,-40.39400029,Acessar a via sem observar a presença dos outros veículos,Colisão transversal,Com Vítimas Feridas,Plena Noite,Decrescente,Ignorado,Dupla,Retorno Regulamentado,Não,0.0,1.0,0.0,1.0,1.0,0.0,2.0,2.0,SPRF-ES,DEL01-ES,UOP01-DEL01-ES,1,grave
2025-12-23,08:30,2025-12-23 08:30:00,2025.0,12.0,terca,8.0,manha,ES,SERRA,True,101.0,BR-101,276.0,-20.21770595,-40.333727,Manobra de mudança de faixa,Colisão lateral mesmo sentido,Com Vítimas Feridas,Pleno dia,Decrescente,Chuva,Dupla,Reta,Não,0.0,0.0,1.0,1.0,1.0,0.0,2.0,2.0,SPRF-ES,DEL02-ES,UOP01-DEL02-ES,0,moderado
2025-12-23,20:10,2025-12-23 20:10:00,2025.0,12.0,terca,20.0,noite,ES,SERRA,True,101.0,BR-101,266.0,-20.19125073,-40.26869059,Acesso irregular,Colisão transversal,Com Vítimas Feridas,Plena Noite,Crescente,Nublado,Múltipla,Reta,Sim,0.0,0.0,2.0,2.0,0.0,0.0,2.0,2.0,SPRF-ES,DEL02-ES,UOP01-DEL02-ES,0,moderado
2025-12-24,15:35,2025-12-24 15:35:00,2025.0,12.0,quarta,15.0,tarde,ES,CARIACICA,True,101.0,BR-101,287.2,-20.266452,-40.386226,Reação tardia ou ineficiente do condutor,Colisão traseira,Com Vítimas Feridas,Pleno dia,Decrescente,Céu Claro,Dupla,Reta,Sim,0.0,1.0,0.0,1.0,2.0,0.0,2.0,3.0,SPRF-ES,DEL01-ES,UOP01-DEL01-ES,1,grave
2025-12-25,10:35,2025-12-25 10:35:00,2025.0,12.0,quinta,10.0,manha,ES,GUARAPARI,True,101.0,BR-101,339.7,-20.64571608,-40.56469917,Avarias e/ou desgaste excessivo no pneu,Tombamento,Com Vítimas Feridas,Pleno dia,Crescente,Céu Claro,Dupla,Curva,Não,0.0,0.0,1.0,1.0,0.0,0.0,1.0,1.0,SPRF-ES,DEL03-ES,UOP01-DEL03-ES,0,moderado
2025-12-25,12:00,2025-12-25 12:00:00,2025.0,12.0,quinta,12.0,tarde,ES,SERRA,True,101.0,BR-101,278.0,-20.217288,-40.3315,Ausência de reação do condutor,Colisão traseira,Com Vítimas Feridas,Pleno dia,Crescente,Sol,Dupla,Reta,Sim,0.0,2.0,0.0,2.0,0.0,0.0,1.0,2.0,SPRF-ES,DEL02-ES,UOP01-DEL02-ES,1,grave
2025-12-26,17:30,2025-12-26 17:30:00,2025.0,12.0,sexta,17.0,tarde,ES,GUARAPARI,True,101.0,BR-101,355.0,-20.6585554,-40.613513,Conversão proibida,Colisão frontal,Com Vítimas Feridas,Pleno dia,Crescente,Céu Claro,Dupla,Curva,Não,0.0,1.0,0.0,1.0,0.0,1.0,2.0,2.0,SPRF-ES,DEL03-ES,UOP01-DEL03-ES,1,grave
2025-12-27,07:30,2025-12-27 07:30:00,2025.0,12.0,sabado,7.0,manha,ES,SERRA,True,101.0,BR-101,13.0,-20.16451613,-40.35058056,Velocidade Incompatível,Queda de ocupante de veículo,Com Vítimas Feridas,Pleno dia,Crescente,Sol,Dupla,Rotatória,Não,0.0,0.0,2.0,2.0,0.0,0.0,2.0,2.0,SPRF-ES,DEL02-ES,UOP01-DEL02-ES,0,moderado
2025-12-27,10:20,2025-12-27 10:20:00,2025.0,12.0,sabado,10.0,manha,ES,VIANA,True,262.0,BR-262,17.4,-20.387947,-40.47644,Reação tardia ou ineficiente do condutor,Saída de leito carroçável,Sem Vítimas,Pleno dia,Crescente,Céu Claro,Simples,Reta,Sim,0.0,0.0,0.0,0.0,0.0,1.0,1.0,1.0,SPRF-ES,DEL01-ES,UOP01-DEL01-ES,0,baixo
2025-12-27,13:07,2025-12-27 13:07:00,2025.0,12.0,sabado,13.0,tarde,ES,FUNDAO,True,101.0,BR-101,233.0,-19.96677868,-40.40611824,Transitar na contramão,Colisão lateral sentido oposto,Com Vítimas Feridas,Pleno dia,Crescente,Céu Claro,Simples,Reta,Não,0.0,0.0,1.0,1.0,2.0,0.0,2.0,3.0,SPRF-ES,DEL02-ES,UOP01-DEL02-ES,0,moderado
2025-12-27,19:40,2025-12-27 19:40:00,2025.0,12.0,sabado,19.0,noite,ES,CARIACICA,True,101.0,BR-101,290.0,-20.295508,-40.393688,Acessar a via sem observar a presença dos outros veículos,Colisão transversal,Com Vítimas Feridas,Plena Noite,Crescente,Céu Claro,Dupla,Reta;Aclive,Sim,0.0,1.0,1.0,2.0,1.0,0.0,2.0,3.0,SPRF-ES,DEL01-ES,UOP01-DEL01-ES,1,grave
2025-12-27,21:20,2025-12-27 21:20:00,2025.0,12.0,sabado,21.0,noite,ES,SERRA,True,101.0,BR-101,260.6,-20.147885,-40.280023,Reação tardia ou ineficiente do condutor,Colisão traseira,Com Vítimas Feridas,Plena Noite,Decrescente,Céu Claro,Simples,Curva,Sim,0.0,0.0,3.0,3.0,0.0,1.0,2.0,4.0,SPRF-ES,DEL02-ES,UOP01-DEL02-ES,0,moderado
2025-12-28,08:15,2025-12-28 08:15:00,2025.0,12.0,domingo,8.0,manha,ES,SERRA,True,101.0,BR-101,267.8,-20.20705,-40.26941,Reação tardia ou ineficiente do condutor,Colisão transversal,Com Vítimas Feridas,Pleno dia,Crescente,Céu Claro,Dupla,Interseção de Vias;Reta,Sim,0.0,1.0,0.0,1.0,3.0,0.0,2.0,4.0,SPRF-ES,DEL02-ES,UOP01-DEL02-ES,1,grave
2025-12-28,19:10,2025-12-28 19:10:00,2025.0,12.0,domingo,19.0,noite,ES,SERRA,True,101.0,BR-101,18.0,-20.21789,-40.3374,Reação tardia ou ineficiente do condutor,Tombamento,Com Vítimas Feridas,Plena Noite,Crescente,Céu Claro,Dupla,Curva;Retorno Regulamentado;Declive,Sim,0.0,1.0,1.0,2.0,0.0,0.0,1.0,2.0,SPRF-ES,DEL02-ES,UOP01-DEL02-ES,1,grave
2025-12-29,06:50,2025-12-29 06:50:00,2025.0,12.0,segunda,6.0,manha,ES,VIANA,True,262.0,BR-262,22.5,-20.37496802,-40.51571285,Animais na Pista,Atropelamento de Animal,Com Vítimas Feridas,Pleno dia,Decrescente,Céu Claro,Simples,Reta;Aclive,Não,0.0,0.0,1.0,1.0,0.0,0.0,1.0,1.0,SPRF-ES,DEL01-ES,UOP01-DEL01-ES,0,moderado
2025-12-29,07:45,2025-12-29 07:45:00,2025.0,12.0,segunda,7.0,manha,ES,SERRA,True,101.0,BR-101,259.0,-20.14082788,-40.29217556,Frear bruscamente,Colisão frontal,Com Vítimas Feridas,Pleno dia,Crescente,Céu Claro,Simples,Reta;Declive,Sim,0.0,0.0,2.0,2.0,1.0,0.0,2.0,3.0,SPRF-ES,DEL02-ES,UOP01-DEL02-ES,0,moderado
2025-12-29,10:00,2025-12-29 10:00:00,2025.0,12.0,segunda,10.0,manha,ES,VIANA,True,101.0,BR-101,304.4,-20.38221948,-40.45836417,Condutor deixou de manter distância do veículo da frente,Colisão traseira,Com Vítimas Feridas,Pleno dia,Decrescente,Céu Claro,Dupla,Reta,Sim,0.0,0.0,1.0,1.0,2.0,0.0,2.0,3.0,SPRF-ES,DEL01-ES,UOP01-DEL01-ES,0,moderado
2025-12-29,11:16,2025-12-29 11:16:00,2025.0,12.0,segunda,11.0,manha,ES,SERRA,True,101.0,BR-101,259.0,-20.1458838,-40.28926849,Reação tardia ou ineficiente do condutor,Colisão com objeto,Com Vítimas Feridas,Pleno dia,Crescente,Céu Claro,Dupla,Reta,Não,0.0,1.0,0.0,1.0,0.0,0.0,1.0,1.0,SPRF-ES,DEL02-ES,UOP01-DEL02-ES,1,grave
2025-12-29,14:38,2025-12-29 14:38:00,2025.0,12.0,segunda,14.0,tarde,ES,SERRA,True,101.0,BR-101,262.0,-20.159438,-40.276222,Condutor desrespeitou a iluminação vermelha do semáforo,Colisão transversal,Com Vítimas Feridas,Pleno dia,Crescente,Céu Claro,Dupla,Retorno Regulamentado;Reta,Não,0.0,0.0,1.0,1.0,1.0,0.0,2.0,2.0,SPRF-ES,DEL02-ES,UOP01-DEL02-ES,0,moderado
2025-12-29,20:15,2025-12-29 20:15:00,2025.0,12.0,segunda,20.0,noite,ES,VIANA,True,101.0,BR-101,298.0,-20.352752,-40.41464,Ausência de reação do condutor,Colisão traseira,Com Vítimas Feridas,Plena Noite,Decrescente,Céu Claro,Simples,Reta,Sim,0.0,0.0,1.0,1.0,2.0,0.0,2.0,3.0,SPRF-ES,DEL01-ES,UOP01-DEL01-ES,0,moderado
2025-12-30,06:10,2025-12-30 06:10:00,2025.0,12.0,terca,6.0,manha,ES,VIANA,True,101.0,BR-101,297.5,-20.35135114,-40.4134318,Manobra de mudança de faixa,Colisão traseira,Com Vítimas Feridas,Pleno dia,Crescente,Céu Claro,Dupla,Reta,Não,0.0,0.0,1.0,1.0,1.0,0.0,2.0,2.0,SPRF-ES,DEL01-ES,UOP01-DEL01-ES,0,moderado
2025-12-30,12:26,2025-12-30 12:26:00,2025.0,12.0,terca,12.0,tarde,ES,SERRA,True,101.0,BR-101,267.0,-20.19712602,-40.26845276,Pedestre andava na pista,Atropelamento de Pedestre,Com Vítimas Feridas,Pleno dia,Decrescente,Céu Claro,Múltipla,Reta,Sim,0.0,0.0,1.0,1.0,1.0,0.0,2.0,2.0,SPRF-ES,DEL02-ES,UOP01-DEL02-ES,0,moderado
2025-12-30,18:30,2025-12-30 18:30:00,2025.0,12.0,terca,18.0,noite,ES,CARIACICA,True,101.0,BR-101,285.0,-20.2519082,-40.3732453,Transitar no Acostamento,Colisão lateral mesmo sentido,Com Vítimas Feridas,Anoitecer,Crescente,Céu Claro,Dupla,Retorno Regulamentado;Aclive;Reta,Sim,0.0,1.0,0.0,1.0,1.0,0.0,2.0,2.0,SPRF-ES,DEL01-ES,UOP01-DEL01-ES,1,grave
2025-12-31,03:03,2025-12-31 03:03:00,2025.0,12.0,quarta,3.0,madrugada,ES,CARIACICA,True,101.0,BR-101,297.0,-20.34646381,-40.41082311,Condutor Dormindo,Colisão com objeto,Com Vítimas Feridas,Plena Noite,Decrescente,Céu Claro,Dupla,Reta,Não,0.0,1.0,0.0,1.0,0.0,0.0,1.0,1.0,SPRF-ES,DEL01-ES,UOP01-DEL01-ES,1,grave
2025-12-31,11:25,2025-12-31 11:25:00,2025.0,12.0,quarta,11.0,manha,ES,SERRA,True,0.0,BR-0,0.0,-20.19367,-40.266663,Reação tardia ou ineficiente do condutor,Colisão com objeto,Com Vítimas Feridas,Pleno dia,Não Informado,Céu Claro,Dupla,Reta,Sim,0.0,0.0,1.0,1.0,2.0,0.0,2.0,3.0,SPRF-ES,DEL02-ES,UOP01-DEL02-ES,0,moderado
2025-12-31,14:00,2025-12-31 14:00:00,2025.0,12.0,quarta,14.0,tarde,ES,SERRA,True,101.0,BR-101,268.0,-20.2042113,-40.26990892,Acessar a via sem observar a presença dos outros veículos,Colisão lateral mesmo sentido,Com Vítimas Feridas,Pleno dia,Decrescente,Céu Claro,Dupla,Reta,Sim,0.0,2.0,0.0,2.0,2.0,0.0,3.0,4.0,SPRF-ES,DEL02-ES,UOP01-DEL02-ES,1,grave
2025-12-31,06:20,2025-12-31 06:20:00,2025.0,12.0,quarta,6.0,manha,ES,SERRA,True,101.0,BR-101,257.0,-20.12374993,-40.30476843,Acesso irregular,Colisão lateral mesmo sentido,Com Vítimas Feridas,Amanhecer,Crescente,Céu Claro,Dupla,Reta,Não,0.0,0.0,2.0,2.0,0.0,1.0,2.0,3.0,SPRF-ES,DEL02-ES,UOP01-DEL02-ES,0,moderado
2025-12-31,18:30,2025-12-31 18:30:00,2025.0,12.0,quarta,18.0,noite,ES,VIANA,True,101.0,BR-101,306.8,-20.39886917,-40.45636296,Acessar a via sem observar a presença dos outros veículos,Colisão traseira,Com Vítimas Feridas,Plena Noite,Crescente,Céu Claro,Dupla,Reta,Não,0.0,0.0,1.0,1.0,0.0,1.0,2.0,2.0,SPRF-ES,DEL01-ES,UOP01-DEL01-ES,0,moderado
2025-11-05,04:00,2025-11-05 04:00:00,2025.0,11.0,quarta,4.0,madrugada,ES,VILA VELHA,True,101.0,BR-101,295.1,-20.46478424,-40.46530724,Ingestão de álcool pelo condutor,Colisão com objeto,Com Vítimas Feridas,Plena Noite,Crescente,Nublado,Múltipla,Reta,Não,0.0,1.0,0.0,1.0,0.0,0.0,1.0,1.0,SPRF-ES,DEL01-ES,UOP01-DEL01-ES,1,grave
2025-11-02,23:58,2025-11-02 23:58:00,2025.0,11.0,domingo,23.0,noite,ES,SERRA,True,101.0,BR-101,270.3,-20.22987,-40.2726,Ausência de reação do condutor,Colisão transversal,Com Vítimas Feridas,Plena Noite,Decrescente,Céu Claro,Dupla,Reta;Interseção de Vias,Sim,0.0,1.0,0.0,1.0,1.0,0.0,2.0,2.0,SPRF-ES,DEL02-ES,UOP01-DEL02-ES,1,grave